2025-12-26T15:51:45.851686Z  INFO tailwindcss_oxide::scanner: Provided sources:
2025-12-26T15:51:45.853441Z  INFO tailwindcss_oxide::scanner: Source: PublicSourceEntry { base: "C:/Users/stan/Documents/Code/Web/Astro/static_portfolio", pattern: "**/*", negated: false }
2025-12-26T15:51:45.854669Z  INFO tailwindcss_oxide::scanner: Optimized sources:
2025-12-26T15:51:45.854712Z  INFO tailwindcss_oxide::scanner: Source: Auto { base: "C:\\Users\\stan\\Documents\\Code\\Web\\Astro\\static_portfolio" }
2025-12-26T15:51:45.861784Z  INFO scan_sources: tailwindcss_oxide::scanner: enter
2025-12-26T15:51:45.868039Z  INFO scan_sources: tailwindcss_oxide::scanner: Discovering "C:\\Users\\stan\\Documents\\Code\\Web\\Astro\\static_portfolio\\.codetogether.ignore"
2025-12-26T15:51:45.869651Z  INFO scan_sources: tailwindcss_oxide::scanner: Discovering "C:\\Users\\stan\\Documents\\Code\\Web\\Astro\\static_portfolio\\.gitattributes"
2025-12-26T15:51:45.869831Z  INFO scan_sources: tailwindcss_oxide::scanner: Discovering "C:\\Users\\stan\\Documents\\Code\\Web\\Astro\\static_portfolio\\.gitconfig"
2025-12-26T15:51:45.870171Z  INFO scan_sources: tailwindcss_oxide::scanner: Discovering "C:\\Users\\stan\\Documents\\Code\\Web\\Astro\\static_portfolio\\.github"
2025-12-26T15:51:45.870567Z  INFO scan_sources: tailwindcss_oxide::scanner: Discovering "C:\\Users\\stan\\Documents\\Code\\Web\\Astro\\static_portfolio\\.github\\FUNDING.yml"
2025-12-26T15:51:45.870761Z  INFO scan_sources: tailwindcss_oxide::scanner: Discovering "C:\\Users\\stan\\Documents\\Code\\Web\\Astro\\static_portfolio\\.github\\pull_request_template.md"
2025-12-26T15:51:45.871063Z  INFO scan_sources: tailwindcss_oxide::scanner: Discovering "C:\\Users\\stan\\Documents\\Code\\Web\\Astro\\static_portfolio\\.github\\workflows"
2025-12-26T15:51:45.871420Z  INFO scan_sources: tailwindcss_oxide::scanner: Discovering "C:\\Users\\stan\\Documents\\Code\\Web\\Astro\\static_portfolio\\.github\\workflows\\astro.yml"
2025-12-26T15:51:45.871771Z  INFO scan_sources: tailwindcss_oxide::scanner: Discovering "C:\\Users\\stan\\Documents\\Code\\Web\\Astro\\static_portfolio\\.hintrc"
2025-12-26T15:51:45.871943Z  INFO scan_sources: tailwindcss_oxide::scanner: Discovering "C:\\Users\\stan\\Documents\\Code\\Web\\Astro\\static_portfolio\\.postcssrc.json"
2025-12-26T15:51:45.872102Z  INFO scan_sources: tailwindcss_oxide::scanner: Discovering "C:\\Users\\stan\\Documents\\Code\\Web\\Astro\\static_portfolio\\.prettierrc"
2025-12-26T15:51:45.872268Z  INFO scan_sources: tailwindcss_oxide::scanner: Discovering "C:\\Users\\stan\\Documents\\Code\\Web\\Astro\\static_portfolio\\.remarkrc.js"
2025-12-26T15:51:45.872799Z  INFO scan_sources: tailwindcss_oxide::scanner: Discovering "C:\\Users\\stan\\Documents\\Code\\Web\\Astro\\static_portfolio\\astro.config.mjs"
2025-12-26T15:51:45.872967Z  INFO scan_sources: tailwindcss_oxide::scanner: Discovering "C:\\Users\\stan\\Documents\\Code\\Web\\Astro\\static_portfolio\\components.json"
2025-12-26T15:51:45.873252Z  INFO scan_sources: tailwindcss_oxide::scanner: Discovering "C:\\Users\\stan\\Documents\\Code\\Web\\Astro\\static_portfolio\\dev"
2025-12-26T15:51:45.873839Z  INFO scan_sources: tailwindcss_oxide::scanner: Discovering "C:\\Users\\stan\\Documents\\Code\\Web\\Astro\\static_portfolio\\dev\\components"
2025-12-26T15:51:45.874213Z  INFO scan_sources: tailwindcss_oxide::scanner: Discovering "C:\\Users\\stan\\Documents\\Code\\Web\\Astro\\static_portfolio\\dev\\components\\Lorem.astro"
2025-12-26T15:51:45.874379Z  INFO scan_sources: tailwindcss_oxide::scanner: Discovering "C:\\Users\\stan\\Documents\\Code\\Web\\Astro\\static_portfolio\\dev\\components\\ScriptElem.tsx"
2025-12-26T15:51:45.874605Z  INFO scan_sources: tailwindcss_oxide::scanner: Discovering "C:\\Users\\stan\\Documents\\Code\\Web\\Astro\\static_portfolio\\dev\\event-progress.md"
2025-12-26T15:51:45.874891Z  INFO scan_sources: tailwindcss_oxide::scanner: Discovering "C:\\Users\\stan\\Documents\\Code\\Web\\Astro\\static_portfolio\\dev\\lorem_ipsum"
2025-12-26T15:51:45.875264Z  INFO scan_sources: tailwindcss_oxide::scanner: Discovering "C:\\Users\\stan\\Documents\\Code\\Web\\Astro\\static_portfolio\\dev\\lorem_ipsum\\bacon.txt"
2025-12-26T15:51:45.875499Z  INFO scan_sources: tailwindcss_oxide::scanner: Discovering "C:\\Users\\stan\\Documents\\Code\\Web\\Astro\\static_portfolio\\dev\\lorem_ipsum\\bro.txt"
2025-12-26T15:51:45.875686Z  INFO scan_sources: tailwindcss_oxide::scanner: Discovering "C:\\Users\\stan\\Documents\\Code\\Web\\Astro\\static_portfolio\\dev\\lorem_ipsum\\cat_breeds.txt"
2025-12-26T15:51:45.875857Z  INFO scan_sources: tailwindcss_oxide::scanner: Discovering "C:\\Users\\stan\\Documents\\Code\\Web\\Astro\\static_portfolio\\dev\\lorem_ipsum\\cat_latin.txt"
2025-12-26T15:51:45.876012Z  INFO scan_sources: tailwindcss_oxide::scanner: Discovering "C:\\Users\\stan\\Documents\\Code\\Web\\Astro\\static_portfolio\\dev\\lorem_ipsum\\cat_standard.txt"
2025-12-26T15:51:45.876166Z  INFO scan_sources: tailwindcss_oxide::scanner: Discovering "C:\\Users\\stan\\Documents\\Code\\Web\\Astro\\static_portfolio\\dev\\lorem_ipsum\\cheese_long.txt"
2025-12-26T15:51:45.876317Z  INFO scan_sources: tailwindcss_oxide::scanner: Discovering "C:\\Users\\stan\\Documents\\Code\\Web\\Astro\\static_portfolio\\dev\\lorem_ipsum\\cheese_med.txt"
2025-12-26T15:51:45.876471Z  INFO scan_sources: tailwindcss_oxide::scanner: Discovering "C:\\Users\\stan\\Documents\\Code\\Web\\Astro\\static_portfolio\\dev\\lorem_ipsum\\cheese_short.txt"
2025-12-26T15:51:45.876627Z  INFO scan_sources: tailwindcss_oxide::scanner: Discovering "C:\\Users\\stan\\Documents\\Code\\Web\\Astro\\static_portfolio\\dev\\lorem_ipsum\\cupcake.txt"
2025-12-26T15:51:45.876813Z  INFO scan_sources: tailwindcss_oxide::scanner: Discovering "C:\\Users\\stan\\Documents\\Code\\Web\\Astro\\static_portfolio\\dev\\lorem_ipsum\\farm.txt"
2025-12-26T15:51:45.877188Z  INFO scan_sources: tailwindcss_oxide::scanner: Discovering "C:\\Users\\stan\\Documents\\Code\\Web\\Astro\\static_portfolio\\dev\\lorem_ipsum\\hipster.txt"
2025-12-26T15:51:45.877456Z  INFO scan_sources: tailwindcss_oxide::scanner: Discovering "C:\\Users\\stan\\Documents\\Code\\Web\\Astro\\static_portfolio\\dev\\lorem_ipsum\\journo.txt"
2025-12-26T15:51:45.877657Z  INFO scan_sources: tailwindcss_oxide::scanner: Discovering "C:\\Users\\stan\\Documents\\Code\\Web\\Astro\\static_portfolio\\dev\\lorem_ipsum\\obama.txt"
2025-12-26T15:51:45.877899Z  INFO scan_sources: tailwindcss_oxide::scanner: Discovering "C:\\Users\\stan\\Documents\\Code\\Web\\Astro\\static_portfolio\\dev\\lorem_ipsum\\office_client.txt"
2025-12-26T15:51:45.878128Z  INFO scan_sources: tailwindcss_oxide::scanner: Discovering "C:\\Users\\stan\\Documents\\Code\\Web\\Astro\\static_portfolio\\dev\\lorem_ipsum\\office_office.txt"
2025-12-26T15:51:45.878299Z  INFO scan_sources: tailwindcss_oxide::scanner: Discovering "C:\\Users\\stan\\Documents\\Code\\Web\\Astro\\static_portfolio\\dev\\lorem_ipsum\\pirate.txt"
2025-12-26T15:51:45.878459Z  INFO scan_sources: tailwindcss_oxide::scanner: Discovering "C:\\Users\\stan\\Documents\\Code\\Web\\Astro\\static_portfolio\\dev\\lorem_ipsum\\space.txt"
2025-12-26T15:51:45.878642Z  INFO scan_sources: tailwindcss_oxide::scanner: Discovering "C:\\Users\\stan\\Documents\\Code\\Web\\Astro\\static_portfolio\\dev\\lorem_ipsum\\tuna.txt"
2025-12-26T15:51:45.878916Z  INFO scan_sources: tailwindcss_oxide::scanner: Discovering "C:\\Users\\stan\\Documents\\Code\\Web\\Astro\\static_portfolio\\dev\\lorem_ipsum\\webtwo.txt"
2025-12-26T15:51:45.880387Z  INFO scan_sources: tailwindcss_oxide::scanner: Discovering "C:\\Users\\stan\\Documents\\Code\\Web\\Astro\\static_portfolio\\eslint.config.js"
2025-12-26T15:51:45.880734Z  INFO scan_sources: tailwindcss_oxide::scanner: Discovering "C:\\Users\\stan\\Documents\\Code\\Web\\Astro\\static_portfolio\\flow.d2"
2025-12-26T15:51:45.881107Z  INFO scan_sources: tailwindcss_oxide::scanner: Discovering "C:\\Users\\stan\\Documents\\Code\\Web\\Astro\\static_portfolio\\LICENSE"
2025-12-26T15:51:45.882066Z  INFO scan_sources: tailwindcss_oxide::scanner: Discovering "C:\\Users\\stan\\Documents\\Code\\Web\\Astro\\static_portfolio\\package.json"
2025-12-26T15:51:45.882539Z  INFO scan_sources: tailwindcss_oxide::scanner: Discovering "C:\\Users\\stan\\Documents\\Code\\Web\\Astro\\static_portfolio\\plugins"
2025-12-26T15:51:45.883025Z  INFO scan_sources: tailwindcss_oxide::scanner: Discovering "C:\\Users\\stan\\Documents\\Code\\Web\\Astro\\static_portfolio\\plugins\\rehypeHighlight.js"
2025-12-26T15:51:45.883242Z  INFO scan_sources: tailwindcss_oxide::scanner: Discovering "C:\\Users\\stan\\Documents\\Code\\Web\\Astro\\static_portfolio\\plugins\\rehypeStarryNightLines.js"
2025-12-26T15:51:45.883439Z  INFO scan_sources: tailwindcss_oxide::scanner: Discovering "C:\\Users\\stan\\Documents\\Code\\Web\\Astro\\static_portfolio\\plugins\\remarkHighlight.js"
2025-12-26T15:51:45.883624Z  INFO scan_sources: tailwindcss_oxide::scanner: Discovering "C:\\Users\\stan\\Documents\\Code\\Web\\Astro\\static_portfolio\\plugins\\tailwindStaticCopy.js"
2025-12-26T15:51:45.884097Z  INFO scan_sources: tailwindcss_oxide::scanner: Discovering "C:\\Users\\stan\\Documents\\Code\\Web\\Astro\\static_portfolio\\public"
2025-12-26T15:51:45.884850Z  INFO scan_sources: tailwindcss_oxide::scanner: Discovering "C:\\Users\\stan\\Documents\\Code\\Web\\Astro\\static_portfolio\\public\\images"
2025-12-26T15:51:45.885423Z  INFO scan_sources: tailwindcss_oxide::scanner: Discovering "C:\\Users\\stan\\Documents\\Code\\Web\\Astro\\static_portfolio\\public\\images\\posts"
2025-12-26T15:51:45.885974Z  INFO scan_sources: tailwindcss_oxide::scanner: Discovering "C:\\Users\\stan\\Documents\\Code\\Web\\Astro\\static_portfolio\\public\\images\\projects"
2025-12-26T15:51:45.886527Z  INFO scan_sources: tailwindcss_oxide::scanner: Discovering "C:\\Users\\stan\\Documents\\Code\\Web\\Astro\\static_portfolio\\public\\images\\story"
2025-12-26T15:51:45.887088Z  INFO scan_sources: tailwindcss_oxide::scanner: Discovering "C:\\Users\\stan\\Documents\\Code\\Web\\Astro\\static_portfolio\\public\\images\\story\\backdrop"
2025-12-26T15:51:45.887501Z  INFO scan_sources: tailwindcss_oxide::scanner: Discovering "C:\\Users\\stan\\Documents\\Code\\Web\\Astro\\static_portfolio\\public\\images\\story\\backdrop\\audio-lines.svg"
2025-12-26T15:51:45.887664Z  INFO scan_sources: tailwindcss_oxide::scanner: Discovering "C:\\Users\\stan\\Documents\\Code\\Web\\Astro\\static_portfolio\\public\\images\\story\\backdrop\\backpack.svg"
2025-12-26T15:51:45.887841Z  INFO scan_sources: tailwindcss_oxide::scanner: Discovering "C:\\Users\\stan\\Documents\\Code\\Web\\Astro\\static_portfolio\\public\\images\\story\\backdrop\\ballpen.svg"
2025-12-26T15:51:45.888001Z  INFO scan_sources: tailwindcss_oxide::scanner: Discovering "C:\\Users\\stan\\Documents\\Code\\Web\\Astro\\static_portfolio\\public\\images\\story\\backdrop\\binary-tree.svg"
2025-12-26T15:51:45.888159Z  INFO scan_sources: tailwindcss_oxide::scanner: Discovering "C:\\Users\\stan\\Documents\\Code\\Web\\Astro\\static_portfolio\\public\\images\\story\\backdrop\\blender-fill.svg"
2025-12-26T15:51:45.888316Z  INFO scan_sources: tailwindcss_oxide::scanner: Discovering "C:\\Users\\stan\\Documents\\Code\\Web\\Astro\\static_portfolio\\public\\images\\story\\backdrop\\bone.svg"
2025-12-26T15:51:45.888481Z  INFO scan_sources: tailwindcss_oxide::scanner: Discovering "C:\\Users\\stan\\Documents\\Code\\Web\\Astro\\static_portfolio\\public\\images\\story\\backdrop\\books.svg"
2025-12-26T15:51:45.888635Z  INFO scan_sources: tailwindcss_oxide::scanner: Discovering "C:\\Users\\stan\\Documents\\Code\\Web\\Astro\\static_portfolio\\public\\images\\story\\backdrop\\brand-python.svg"
2025-12-26T15:51:45.888786Z  INFO scan_sources: tailwindcss_oxide::scanner: Discovering "C:\\Users\\stan\\Documents\\Code\\Web\\Astro\\static_portfolio\\public\\images\\story\\backdrop\\circuit-bulb.svg"
2025-12-26T15:51:45.888960Z  INFO scan_sources: tailwindcss_oxide::scanner: Discovering "C:\\Users\\stan\\Documents\\Code\\Web\\Astro\\static_portfolio\\public\\images\\story\\backdrop\\circuit-capacitor.svg"
2025-12-26T15:51:45.889115Z  INFO scan_sources: tailwindcss_oxide::scanner: Discovering "C:\\Users\\stan\\Documents\\Code\\Web\\Astro\\static_portfolio\\public\\images\\story\\backdrop\\circuit-cell-plus.svg"
2025-12-26T15:51:45.889283Z  INFO scan_sources: tailwindcss_oxide::scanner: Discovering "C:\\Users\\stan\\Documents\\Code\\Web\\Astro\\static_portfolio\\public\\images\\story\\backdrop\\circuit-changeover.svg"
2025-12-26T15:51:45.889457Z  INFO scan_sources: tailwindcss_oxide::scanner: Discovering "C:\\Users\\stan\\Documents\\Code\\Web\\Astro\\static_portfolio\\public\\images\\story\\backdrop\\circuit-diode-zener.svg"
2025-12-26T15:51:45.889645Z  INFO scan_sources: tailwindcss_oxide::scanner: Discovering "C:\\Users\\stan\\Documents\\Code\\Web\\Astro\\static_portfolio\\public\\images\\story\\backdrop\\circuit-ground.svg"
2025-12-26T15:51:45.889834Z  INFO scan_sources: tailwindcss_oxide::scanner: Discovering "C:\\Users\\stan\\Documents\\Code\\Web\\Astro\\static_portfolio\\public\\images\\story\\backdrop\\circuit-inductor.svg"
2025-12-26T15:51:45.889991Z  INFO scan_sources: tailwindcss_oxide::scanner: Discovering "C:\\Users\\stan\\Documents\\Code\\Web\\Astro\\static_portfolio\\public\\images\\story\\backdrop\\circuit-resistor.svg"
2025-12-26T15:51:45.890150Z  INFO scan_sources: tailwindcss_oxide::scanner: Discovering "C:\\Users\\stan\\Documents\\Code\\Web\\Astro\\static_portfolio\\public\\images\\story\\backdrop\\git-branch.svg"
2025-12-26T15:51:45.890306Z  INFO scan_sources: tailwindcss_oxide::scanner: Discovering "C:\\Users\\stan\\Documents\\Code\\Web\\Astro\\static_portfolio\\public\\images\\story\\backdrop\\matrix.svg"
2025-12-26T15:51:45.890458Z  INFO scan_sources: tailwindcss_oxide::scanner: Discovering "C:\\Users\\stan\\Documents\\Code\\Web\\Astro\\static_portfolio\\public\\images\\story\\backdrop\\microchip.svg"
2025-12-26T15:51:45.890630Z  INFO scan_sources: tailwindcss_oxide::scanner: Discovering "C:\\Users\\stan\\Documents\\Code\\Web\\Astro\\static_portfolio\\public\\images\\story\\backdrop\\music-1.svg"
2025-12-26T15:51:45.890782Z  INFO scan_sources: tailwindcss_oxide::scanner: Discovering "C:\\Users\\stan\\Documents\\Code\\Web\\Astro\\static_portfolio\\public\\images\\story\\backdrop\\music.svg"
2025-12-26T15:51:45.891018Z  INFO scan_sources: tailwindcss_oxide::scanner: Discovering "C:\\Users\\stan\\Documents\\Code\\Web\\Astro\\static_portfolio\\public\\images\\story\\backdrop\\school.svg"
2025-12-26T15:51:45.891173Z  INFO scan_sources: tailwindcss_oxide::scanner: Discovering "C:\\Users\\stan\\Documents\\Code\\Web\\Astro\\static_portfolio\\public\\images\\story\\backdrop\\topology-star-ring-3.svg"
2025-12-26T15:51:45.891559Z  INFO scan_sources: tailwindcss_oxide::scanner: Discovering "C:\\Users\\stan\\Documents\\Code\\Web\\Astro\\static_portfolio\\public\\images\\story\\inline"
2025-12-26T15:51:45.892129Z  INFO scan_sources: tailwindcss_oxide::scanner: Discovering "C:\\Users\\stan\\Documents\\Code\\Web\\Astro\\static_portfolio\\public\\images\\story\\sidebar"
2025-12-26T15:51:45.892717Z  INFO scan_sources: tailwindcss_oxide::scanner: Discovering "C:\\Users\\stan\\Documents\\Code\\Web\\Astro\\static_portfolio\\public\\site.webmanifest"
2025-12-26T15:51:45.893009Z  INFO scan_sources: tailwindcss_oxide::scanner: Discovering "C:\\Users\\stan\\Documents\\Code\\Web\\Astro\\static_portfolio\\public\\styles"
2025-12-26T15:51:45.893507Z  INFO scan_sources: tailwindcss_oxide::scanner: Discovering "C:\\Users\\stan\\Documents\\Code\\Web\\Astro\\static_portfolio\\public\\styles\\starry-night"
2025-12-26T15:51:45.894167Z  INFO scan_sources: tailwindcss_oxide::scanner: Discovering "C:\\Users\\stan\\Documents\\Code\\Web\\Astro\\static_portfolio\\public\\styles\\starry-night\\both.css"
2025-12-26T15:51:45.894348Z  INFO scan_sources: tailwindcss_oxide::scanner: Discovering "C:\\Users\\stan\\Documents\\Code\\Web\\Astro\\static_portfolio\\public\\styles\\starry-night\\colorblind-dark.css"
2025-12-26T15:51:45.894567Z  INFO scan_sources: tailwindcss_oxide::scanner: Discovering "C:\\Users\\stan\\Documents\\Code\\Web\\Astro\\static_portfolio\\public\\styles\\starry-night\\colorblind-light.css"
2025-12-26T15:51:45.894732Z  INFO scan_sources: tailwindcss_oxide::scanner: Discovering "C:\\Users\\stan\\Documents\\Code\\Web\\Astro\\static_portfolio\\public\\styles\\starry-night\\colorblind.css"
2025-12-26T15:51:45.895769Z  INFO scan_sources: tailwindcss_oxide::scanner: Discovering "C:\\Users\\stan\\Documents\\Code\\Web\\Astro\\static_portfolio\\public\\styles\\starry-night\\core.css"
2025-12-26T15:51:45.896085Z  INFO scan_sources: tailwindcss_oxide::scanner: Discovering "C:\\Users\\stan\\Documents\\Code\\Web\\Astro\\static_portfolio\\public\\styles\\starry-night\\dark.css"
2025-12-26T15:51:45.896328Z  INFO scan_sources: tailwindcss_oxide::scanner: Discovering "C:\\Users\\stan\\Documents\\Code\\Web\\Astro\\static_portfolio\\public\\styles\\starry-night\\default-dark.css"
2025-12-26T15:51:45.896556Z  INFO scan_sources: tailwindcss_oxide::scanner: Discovering "C:\\Users\\stan\\Documents\\Code\\Web\\Astro\\static_portfolio\\public\\styles\\starry-night\\default-light.css"
2025-12-26T15:51:45.896798Z  INFO scan_sources: tailwindcss_oxide::scanner: Discovering "C:\\Users\\stan\\Documents\\Code\\Web\\Astro\\static_portfolio\\public\\styles\\starry-night\\dimmed-dark.css"
2025-12-26T15:51:45.897151Z  INFO scan_sources: tailwindcss_oxide::scanner: Discovering "C:\\Users\\stan\\Documents\\Code\\Web\\Astro\\static_portfolio\\public\\styles\\starry-night\\dimmed.css"
2025-12-26T15:51:45.897484Z  INFO scan_sources: tailwindcss_oxide::scanner: Discovering "C:\\Users\\stan\\Documents\\Code\\Web\\Astro\\static_portfolio\\public\\styles\\starry-night\\high-contrast-dark.css"
2025-12-26T15:51:45.897799Z  INFO scan_sources: tailwindcss_oxide::scanner: Discovering "C:\\Users\\stan\\Documents\\Code\\Web\\Astro\\static_portfolio\\public\\styles\\starry-night\\high-contrast-light.css"
2025-12-26T15:51:45.898051Z  INFO scan_sources: tailwindcss_oxide::scanner: Discovering "C:\\Users\\stan\\Documents\\Code\\Web\\Astro\\static_portfolio\\public\\styles\\starry-night\\high-contrast.css"
2025-12-26T15:51:45.898350Z  INFO scan_sources: tailwindcss_oxide::scanner: Discovering "C:\\Users\\stan\\Documents\\Code\\Web\\Astro\\static_portfolio\\public\\styles\\starry-night\\light.css"
2025-12-26T15:51:45.898595Z  INFO scan_sources: tailwindcss_oxide::scanner: Discovering "C:\\Users\\stan\\Documents\\Code\\Web\\Astro\\static_portfolio\\public\\styles\\starry-night\\tritanopia-dark.css"
2025-12-26T15:51:45.898781Z  INFO scan_sources: tailwindcss_oxide::scanner: Discovering "C:\\Users\\stan\\Documents\\Code\\Web\\Astro\\static_portfolio\\public\\styles\\starry-night\\tritanopia-light.css"
2025-12-26T15:51:45.898947Z  INFO scan_sources: tailwindcss_oxide::scanner: Discovering "C:\\Users\\stan\\Documents\\Code\\Web\\Astro\\static_portfolio\\public\\styles\\starry-night\\tritanopia.css"
2025-12-26T15:51:45.899327Z  INFO scan_sources: tailwindcss_oxide::scanner: Discovering "C:\\Users\\stan\\Documents\\Code\\Web\\Astro\\static_portfolio\\README.md"
2025-12-26T15:51:45.899639Z  INFO scan_sources: tailwindcss_oxide::scanner: Discovering "C:\\Users\\stan\\Documents\\Code\\Web\\Astro\\static_portfolio\\src"
2025-12-26T15:51:45.900145Z  INFO scan_sources: tailwindcss_oxide::scanner: Discovering "C:\\Users\\stan\\Documents\\Code\\Web\\Astro\\static_portfolio\\src\\components"
2025-12-26T15:51:45.900613Z  INFO scan_sources: tailwindcss_oxide::scanner: Discovering "C:\\Users\\stan\\Documents\\Code\\Web\\Astro\\static_portfolio\\src\\components\\blog"
2025-12-26T15:51:45.900964Z  INFO scan_sources: tailwindcss_oxide::scanner: Discovering "C:\\Users\\stan\\Documents\\Code\\Web\\Astro\\static_portfolio\\src\\components\\blog\\BlogPost.astro"
2025-12-26T15:51:45.901144Z  INFO scan_sources: tailwindcss_oxide::scanner: Discovering "C:\\Users\\stan\\Documents\\Code\\Web\\Astro\\static_portfolio\\src\\components\\blog\\DatePub.astro"
2025-12-26T15:51:45.901295Z  INFO scan_sources: tailwindcss_oxide::scanner: Discovering "C:\\Users\\stan\\Documents\\Code\\Web\\Astro\\static_portfolio\\src\\components\\blog\\Hero.astro"
2025-12-26T15:51:45.901501Z  INFO scan_sources: tailwindcss_oxide::scanner: Discovering "C:\\Users\\stan\\Documents\\Code\\Web\\Astro\\static_portfolio\\src\\components\\blog\\Languages.astro"
2025-12-26T15:51:45.901660Z  INFO scan_sources: tailwindcss_oxide::scanner: Discovering "C:\\Users\\stan\\Documents\\Code\\Web\\Astro\\static_portfolio\\src\\components\\blog\\LastPost.astro"
2025-12-26T15:51:45.901816Z  INFO scan_sources: tailwindcss_oxide::scanner: Discovering "C:\\Users\\stan\\Documents\\Code\\Web\\Astro\\static_portfolio\\src\\components\\blog\\ListPosts.astro"
2025-12-26T15:51:45.901966Z  INFO scan_sources: tailwindcss_oxide::scanner: Discovering "C:\\Users\\stan\\Documents\\Code\\Web\\Astro\\static_portfolio\\src\\components\\blog\\Tags.astro"
2025-12-26T15:51:45.902298Z  INFO scan_sources: tailwindcss_oxide::scanner: Discovering "C:\\Users\\stan\\Documents\\Code\\Web\\Astro\\static_portfolio\\src\\components\\layout"
2025-12-26T15:51:45.902654Z  INFO scan_sources: tailwindcss_oxide::scanner: Discovering "C:\\Users\\stan\\Documents\\Code\\Web\\Astro\\static_portfolio\\src\\components\\layout\\Footer.astro"
2025-12-26T15:51:45.902808Z  INFO scan_sources: tailwindcss_oxide::scanner: Discovering "C:\\Users\\stan\\Documents\\Code\\Web\\Astro\\static_portfolio\\src\\components\\layout\\Header.astro"
2025-12-26T15:51:45.902959Z  INFO scan_sources: tailwindcss_oxide::scanner: Discovering "C:\\Users\\stan\\Documents\\Code\\Web\\Astro\\static_portfolio\\src\\components\\layout\\NavArticle.astro"
2025-12-26T15:51:45.903125Z  INFO scan_sources: tailwindcss_oxide::scanner: Discovering "C:\\Users\\stan\\Documents\\Code\\Web\\Astro\\static_portfolio\\src\\components\\layout\\Navigation.astro"
2025-12-26T15:51:45.903277Z  INFO scan_sources: tailwindcss_oxide::scanner: Discovering "C:\\Users\\stan\\Documents\\Code\\Web\\Astro\\static_portfolio\\src\\components\\layout\\NavigationArticles.astro"
2025-12-26T15:51:45.903491Z  INFO scan_sources: tailwindcss_oxide::scanner: Discovering "C:\\Users\\stan\\Documents\\Code\\Web\\Astro\\static_portfolio\\src\\components\\mdx.ts"
2025-12-26T15:51:45.903767Z  INFO scan_sources: tailwindcss_oxide::scanner: Discovering "C:\\Users\\stan\\Documents\\Code\\Web\\Astro\\static_portfolio\\src\\components\\portfolio"
2025-12-26T15:51:45.904123Z  INFO scan_sources: tailwindcss_oxide::scanner: Discovering "C:\\Users\\stan\\Documents\\Code\\Web\\Astro\\static_portfolio\\src\\components\\portfolio\\Contact.astro"
2025-12-26T15:51:45.904275Z  INFO scan_sources: tailwindcss_oxide::scanner: Discovering "C:\\Users\\stan\\Documents\\Code\\Web\\Astro\\static_portfolio\\src\\components\\portfolio\\Experience.astro"
2025-12-26T15:51:45.904427Z  INFO scan_sources: tailwindcss_oxide::scanner: Discovering "C:\\Users\\stan\\Documents\\Code\\Web\\Astro\\static_portfolio\\src\\components\\portfolio\\ExperienceItem.astro"
2025-12-26T15:51:45.904582Z  INFO scan_sources: tailwindcss_oxide::scanner: Discovering "C:\\Users\\stan\\Documents\\Code\\Web\\Astro\\static_portfolio\\src\\components\\portfolio\\HeroIndex.astro"
2025-12-26T15:51:45.904737Z  INFO scan_sources: tailwindcss_oxide::scanner: Discovering "C:\\Users\\stan\\Documents\\Code\\Web\\Astro\\static_portfolio\\src\\components\\portfolio\\Hobbies.astro"
2025-12-26T15:51:45.904887Z  INFO scan_sources: tailwindcss_oxide::scanner: Discovering "C:\\Users\\stan\\Documents\\Code\\Web\\Astro\\static_portfolio\\src\\components\\portfolio\\Hobby.astro"
2025-12-26T15:51:45.905048Z  INFO scan_sources: tailwindcss_oxide::scanner: Discovering "C:\\Users\\stan\\Documents\\Code\\Web\\Astro\\static_portfolio\\src\\components\\portfolio\\ListProjects.astro"
2025-12-26T15:51:45.905200Z  INFO scan_sources: tailwindcss_oxide::scanner: Discovering "C:\\Users\\stan\\Documents\\Code\\Web\\Astro\\static_portfolio\\src\\components\\portfolio\\Project.astro"
2025-12-26T15:51:45.905349Z  INFO scan_sources: tailwindcss_oxide::scanner: Discovering "C:\\Users\\stan\\Documents\\Code\\Web\\Astro\\static_portfolio\\src\\components\\portfolio\\Tools.astro"
2025-12-26T15:51:45.905681Z  INFO scan_sources: tailwindcss_oxide::scanner: Discovering "C:\\Users\\stan\\Documents\\Code\\Web\\Astro\\static_portfolio\\src\\components\\projects"
2025-12-26T15:51:45.906053Z  INFO scan_sources: tailwindcss_oxide::scanner: Discovering "C:\\Users\\stan\\Documents\\Code\\Web\\Astro\\static_portfolio\\src\\components\\projects\\CaptionedLightbox.tsx"
2025-12-26T15:51:45.906223Z  INFO scan_sources: tailwindcss_oxide::scanner: Discovering "C:\\Users\\stan\\Documents\\Code\\Web\\Astro\\static_portfolio\\src\\components\\projects\\CaptionedLightboxProvider.tsx"
2025-12-26T15:51:45.906378Z  INFO scan_sources: tailwindcss_oxide::scanner: Discovering "C:\\Users\\stan\\Documents\\Code\\Web\\Astro\\static_portfolio\\src\\components\\projects\\ClientOnly.astro"
2025-12-26T15:51:45.906530Z  INFO scan_sources: tailwindcss_oxide::scanner: Discovering "C:\\Users\\stan\\Documents\\Code\\Web\\Astro\\static_portfolio\\src\\components\\projects\\Deferral.tsx"
2025-12-26T15:51:45.906807Z  INFO scan_sources: tailwindcss_oxide::scanner: Discovering "C:\\Users\\stan\\Documents\\Code\\Web\\Astro\\static_portfolio\\src\\components\\projects\\details"
2025-12-26T15:51:45.907193Z  INFO scan_sources: tailwindcss_oxide::scanner: Discovering "C:\\Users\\stan\\Documents\\Code\\Web\\Astro\\static_portfolio\\src\\components\\projects\\details\\CollapsibleCode.tsx"
2025-12-26T15:51:45.907356Z  INFO scan_sources: tailwindcss_oxide::scanner: Discovering "C:\\Users\\stan\\Documents\\Code\\Web\\Astro\\static_portfolio\\src\\components\\projects\\details\\CollapsibleCodeHydrator.tsx"
2025-12-26T15:51:45.907553Z  INFO scan_sources: tailwindcss_oxide::scanner: Discovering "C:\\Users\\stan\\Documents\\Code\\Web\\Astro\\static_portfolio\\src\\components\\projects\\details\\CollapsibleCodeHydratorWrapper.astro"
2025-12-26T15:51:45.907715Z  INFO scan_sources: tailwindcss_oxide::scanner: Discovering "C:\\Users\\stan\\Documents\\Code\\Web\\Astro\\static_portfolio\\src\\components\\projects\\details\\CollapsibleCodeWrapper.astro"
2025-12-26T15:51:45.907869Z  INFO scan_sources: tailwindcss_oxide::scanner: Discovering "C:\\Users\\stan\\Documents\\Code\\Web\\Astro\\static_portfolio\\src\\components\\projects\\details\\FactoryRenderer.astro"
2025-12-26T15:51:45.908022Z  INFO scan_sources: tailwindcss_oxide::scanner: Discovering "C:\\Users\\stan\\Documents\\Code\\Web\\Astro\\static_portfolio\\src\\components\\projects\\details\\getYoutubeThumbnail.ts"
2025-12-26T15:51:45.908299Z  INFO scan_sources: tailwindcss_oxide::scanner: Discovering "C:\\Users\\stan\\Documents\\Code\\Web\\Astro\\static_portfolio\\src\\components\\projects\\details\\interp"
2025-12-26T15:51:45.908663Z  INFO scan_sources: tailwindcss_oxide::scanner: Discovering "C:\\Users\\stan\\Documents\\Code\\Web\\Astro\\static_portfolio\\src\\components\\projects\\details\\interp\\HoverDetails.tsx"
2025-12-26T15:51:45.908818Z  INFO scan_sources: tailwindcss_oxide::scanner: Discovering "C:\\Users\\stan\\Documents\\Code\\Web\\Astro\\static_portfolio\\src\\components\\projects\\details\\interp\\Interp.tsx"
2025-12-26T15:51:45.908970Z  INFO scan_sources: tailwindcss_oxide::scanner: Discovering "C:\\Users\\stan\\Documents\\Code\\Web\\Astro\\static_portfolio\\src\\components\\projects\\details\\interp\\interpContext.ts"
2025-12-26T15:51:45.909140Z  INFO scan_sources: tailwindcss_oxide::scanner: Discovering "C:\\Users\\stan\\Documents\\Code\\Web\\Astro\\static_portfolio\\src\\components\\projects\\details\\interp\\InterpContextProvider.tsx"
2025-12-26T15:51:45.909351Z  INFO scan_sources: tailwindcss_oxide::scanner: Discovering "C:\\Users\\stan\\Documents\\Code\\Web\\Astro\\static_portfolio\\src\\components\\projects\\details\\ProjectMedia.tsx"
2025-12-26T15:51:45.909533Z  INFO scan_sources: tailwindcss_oxide::scanner: Discovering "C:\\Users\\stan\\Documents\\Code\\Web\\Astro\\static_portfolio\\src\\components\\projects\\details\\ProjectProvider.tsx"
2025-12-26T15:51:45.909685Z  INFO scan_sources: tailwindcss_oxide::scanner: Discovering "C:\\Users\\stan\\Documents\\Code\\Web\\Astro\\static_portfolio\\src\\components\\projects\\details\\ProjectProviderBase.tsx"
2025-12-26T15:51:45.909837Z  INFO scan_sources: tailwindcss_oxide::scanner: Discovering "C:\\Users\\stan\\Documents\\Code\\Web\\Astro\\static_portfolio\\src\\components\\projects\\details\\scopeSelectors.ts"
2025-12-26T15:51:45.910006Z  INFO scan_sources: tailwindcss_oxide::scanner: Discovering "C:\\Users\\stan\\Documents\\Code\\Web\\Astro\\static_portfolio\\src\\components\\projects\\details\\StarryNightStyleInjector.tsx"
2025-12-26T15:51:45.910232Z  INFO scan_sources: tailwindcss_oxide::scanner: Discovering "C:\\Users\\stan\\Documents\\Code\\Web\\Astro\\static_portfolio\\src\\components\\projects\\details\\SyntaxHighlightContext.tsx"
2025-12-26T15:51:45.910407Z  INFO scan_sources: tailwindcss_oxide::scanner: Discovering "C:\\Users\\stan\\Documents\\Code\\Web\\Astro\\static_portfolio\\src\\components\\projects\\details\\transformTree.ts"
2025-12-26T15:51:45.910570Z  INFO scan_sources: tailwindcss_oxide::scanner: Discovering "C:\\Users\\stan\\Documents\\Code\\Web\\Astro\\static_portfolio\\src\\components\\projects\\details\\useInterp.ts"
2025-12-26T15:51:45.910725Z  INFO scan_sources: tailwindcss_oxide::scanner: Discovering "C:\\Users\\stan\\Documents\\Code\\Web\\Astro\\static_portfolio\\src\\components\\projects\\details\\useProject.ts"
2025-12-26T15:51:45.911135Z  INFO scan_sources: tailwindcss_oxide::scanner: Discovering "C:\\Users\\stan\\Documents\\Code\\Web\\Astro\\static_portfolio\\src\\components\\projects\\filtering"
2025-12-26T15:51:45.912185Z  INFO scan_sources: tailwindcss_oxide::scanner: Discovering "C:\\Users\\stan\\Documents\\Code\\Web\\Astro\\static_portfolio\\src\\components\\projects\\filtering\\common"
2025-12-26T15:51:45.912935Z  INFO scan_sources: tailwindcss_oxide::scanner: Discovering "C:\\Users\\stan\\Documents\\Code\\Web\\Astro\\static_portfolio\\src\\components\\projects\\filtering\\common\\browserContext.tsx"
2025-12-26T15:51:45.913414Z  INFO scan_sources: tailwindcss_oxide::scanner: Discovering "C:\\Users\\stan\\Documents\\Code\\Web\\Astro\\static_portfolio\\src\\components\\projects\\filtering\\common\\filterContext.tsx"
2025-12-26T15:51:45.913751Z  INFO scan_sources: tailwindcss_oxide::scanner: Discovering "C:\\Users\\stan\\Documents\\Code\\Web\\Astro\\static_portfolio\\src\\components\\projects\\filtering\\common\\filterTypes.ts"
2025-12-26T15:51:45.914159Z  INFO scan_sources: tailwindcss_oxide::scanner: Discovering "C:\\Users\\stan\\Documents\\Code\\Web\\Astro\\static_portfolio\\src\\components\\projects\\filtering\\common\\ResetButton.tsx"
2025-12-26T15:51:45.914615Z  INFO scan_sources: tailwindcss_oxide::scanner: Discovering "C:\\Users\\stan\\Documents\\Code\\Web\\Astro\\static_portfolio\\src\\components\\projects\\filtering\\common\\stores"
2025-12-26T15:51:45.915103Z  INFO scan_sources: tailwindcss_oxide::scanner: Discovering "C:\\Users\\stan\\Documents\\Code\\Web\\Astro\\static_portfolio\\src\\components\\projects\\filtering\\common\\stores\\browserStore.ts"
2025-12-26T15:51:45.915270Z  INFO scan_sources: tailwindcss_oxide::scanner: Discovering "C:\\Users\\stan\\Documents\\Code\\Web\\Astro\\static_portfolio\\src\\components\\projects\\filtering\\common\\stores\\countStore.ts"
2025-12-26T15:51:45.915434Z  INFO scan_sources: tailwindcss_oxide::scanner: Discovering "C:\\Users\\stan\\Documents\\Code\\Web\\Astro\\static_portfolio\\src\\components\\projects\\filtering\\common\\stores\\countStoreContext.tsx"
2025-12-26T15:51:45.915592Z  INFO scan_sources: tailwindcss_oxide::scanner: Discovering "C:\\Users\\stan\\Documents\\Code\\Web\\Astro\\static_portfolio\\src\\components\\projects\\filtering\\common\\stores\\derived.ts"
2025-12-26T15:51:45.915751Z  INFO scan_sources: tailwindcss_oxide::scanner: Discovering "C:\\Users\\stan\\Documents\\Code\\Web\\Astro\\static_portfolio\\src\\components\\projects\\filtering\\common\\stores\\filterFormStore.ts"
2025-12-26T15:51:45.915936Z  INFO scan_sources: tailwindcss_oxide::scanner: Discovering "C:\\Users\\stan\\Documents\\Code\\Web\\Astro\\static_portfolio\\src\\components\\projects\\filtering\\common\\stores\\filterFormStoreContext.ts"
2025-12-26T15:51:45.916096Z  INFO scan_sources: tailwindcss_oxide::scanner: Discovering "C:\\Users\\stan\\Documents\\Code\\Web\\Astro\\static_portfolio\\src\\components\\projects\\filtering\\common\\stores\\FilterFormStoreProvider.tsx"
2025-12-26T15:51:45.916342Z  INFO scan_sources: tailwindcss_oxide::scanner: Discovering "C:\\Users\\stan\\Documents\\Code\\Web\\Astro\\static_portfolio\\src\\components\\projects\\filtering\\common\\stores\\filterStore.ts"
2025-12-26T15:51:45.916509Z  INFO scan_sources: tailwindcss_oxide::scanner: Discovering "C:\\Users\\stan\\Documents\\Code\\Web\\Astro\\static_portfolio\\src\\components\\projects\\filtering\\common\\stores\\tagSectionStore.ts"
2025-12-26T15:51:45.916739Z  INFO scan_sources: tailwindcss_oxide::scanner: Discovering "C:\\Users\\stan\\Documents\\Code\\Web\\Astro\\static_portfolio\\src\\components\\projects\\filtering\\common\\TagButton.tsx"
2025-12-26T15:51:45.916963Z  INFO scan_sources: tailwindcss_oxide::scanner: Discovering "C:\\Users\\stan\\Documents\\Code\\Web\\Astro\\static_portfolio\\src\\components\\projects\\filtering\\common\\TagButtons.tsx"
2025-12-26T15:51:45.917128Z  INFO scan_sources: tailwindcss_oxide::scanner: Discovering "C:\\Users\\stan\\Documents\\Code\\Web\\Astro\\static_portfolio\\src\\components\\projects\\filtering\\common\\TagButtons2.tsx"
2025-12-26T15:51:45.917286Z  INFO scan_sources: tailwindcss_oxide::scanner: Discovering "C:\\Users\\stan\\Documents\\Code\\Web\\Astro\\static_portfolio\\src\\components\\projects\\filtering\\common\\WrappingToggleGroup.tsx"
2025-12-26T15:51:45.917535Z  INFO scan_sources: tailwindcss_oxide::scanner: Discovering "C:\\Users\\stan\\Documents\\Code\\Web\\Astro\\static_portfolio\\src\\components\\projects\\filtering\\FilterForm.tsx"
2025-12-26T15:51:45.917692Z  INFO scan_sources: tailwindcss_oxide::scanner: Discovering "C:\\Users\\stan\\Documents\\Code\\Web\\Astro\\static_portfolio\\src\\components\\projects\\filtering\\FilterForm2.tsx"
2025-12-26T15:51:45.917864Z  INFO scan_sources: tailwindcss_oxide::scanner: Discovering "C:\\Users\\stan\\Documents\\Code\\Web\\Astro\\static_portfolio\\src\\components\\projects\\filtering\\FilterShareButton.tsx"
2025-12-26T15:51:45.918021Z  INFO scan_sources: tailwindcss_oxide::scanner: Discovering "C:\\Users\\stan\\Documents\\Code\\Web\\Astro\\static_portfolio\\src\\components\\projects\\filtering\\FilterSheet.tsx"
2025-12-26T15:51:45.918182Z  INFO scan_sources: tailwindcss_oxide::scanner: Discovering "C:\\Users\\stan\\Documents\\Code\\Web\\Astro\\static_portfolio\\src\\components\\projects\\filtering\\FilterSheet2.tsx"
2025-12-26T15:51:45.918480Z  INFO scan_sources: tailwindcss_oxide::scanner: Discovering "C:\\Users\\stan\\Documents\\Code\\Web\\Astro\\static_portfolio\\src\\components\\projects\\filtering\\sections"
2025-12-26T15:51:45.918909Z  INFO scan_sources: tailwindcss_oxide::scanner: Discovering "C:\\Users\\stan\\Documents\\Code\\Web\\Astro\\static_portfolio\\src\\components\\projects\\filtering\\sections\\BoolSwitch.tsx"
2025-12-26T15:51:45.919073Z  INFO scan_sources: tailwindcss_oxide::scanner: Discovering "C:\\Users\\stan\\Documents\\Code\\Web\\Astro\\static_portfolio\\src\\components\\projects\\filtering\\sections\\SliderTooltip.tsx"
2025-12-26T15:51:45.919232Z  INFO scan_sources: tailwindcss_oxide::scanner: Discovering "C:\\Users\\stan\\Documents\\Code\\Web\\Astro\\static_portfolio\\src\\components\\projects\\filtering\\sections\\TagFilterSection.tsx"
2025-12-26T15:51:45.919402Z  INFO scan_sources: tailwindcss_oxide::scanner: Discovering "C:\\Users\\stan\\Documents\\Code\\Web\\Astro\\static_portfolio\\src\\components\\projects\\filtering\\sections\\TagFilterSection2.tsx"
2025-12-26T15:51:45.919557Z  INFO scan_sources: tailwindcss_oxide::scanner: Discovering "C:\\Users\\stan\\Documents\\Code\\Web\\Astro\\static_portfolio\\src\\components\\projects\\filtering\\sections\\YearSlider.tsx"
2025-12-26T15:51:45.919715Z  INFO scan_sources: tailwindcss_oxide::scanner: Discovering "C:\\Users\\stan\\Documents\\Code\\Web\\Astro\\static_portfolio\\src\\components\\projects\\filtering\\sections\\YearValue.tsx"
2025-12-26T15:51:45.919959Z  INFO scan_sources: tailwindcss_oxide::scanner: Discovering "C:\\Users\\stan\\Documents\\Code\\Web\\Astro\\static_portfolio\\src\\components\\projects\\filtering\\sync.tsx"
2025-12-26T15:51:45.920361Z  INFO scan_sources: tailwindcss_oxide::scanner: Discovering "C:\\Users\\stan\\Documents\\Code\\Web\\Astro\\static_portfolio\\src\\components\\projects\\grid"
2025-12-26T15:51:45.920939Z  INFO scan_sources: tailwindcss_oxide::scanner: Discovering "C:\\Users\\stan\\Documents\\Code\\Web\\Astro\\static_portfolio\\src\\components\\projects\\grid\\items"
2025-12-26T15:51:45.921651Z  INFO scan_sources: tailwindcss_oxide::scanner: Discovering "C:\\Users\\stan\\Documents\\Code\\Web\\Astro\\static_portfolio\\src\\components\\projects\\grid\\items\\badges"
2025-12-26T15:51:45.922146Z  INFO scan_sources: tailwindcss_oxide::scanner: Discovering "C:\\Users\\stan\\Documents\\Code\\Web\\Astro\\static_portfolio\\src\\components\\projects\\grid\\items\\badges\\BadgeRow.tsx"
2025-12-26T15:51:45.922380Z  INFO scan_sources: tailwindcss_oxide::scanner: Discovering "C:\\Users\\stan\\Documents\\Code\\Web\\Astro\\static_portfolio\\src\\components\\projects\\grid\\items\\badges\\BadgeRows.tsx"
2025-12-26T15:51:45.922603Z  INFO scan_sources: tailwindcss_oxide::scanner: Discovering "C:\\Users\\stan\\Documents\\Code\\Web\\Astro\\static_portfolio\\src\\components\\projects\\grid\\items\\badges\\badgeTypes.tsx"
2025-12-26T15:51:45.923017Z  INFO scan_sources: tailwindcss_oxide::scanner: Discovering "C:\\Users\\stan\\Documents\\Code\\Web\\Astro\\static_portfolio\\src\\components\\projects\\grid\\items\\expansion"
2025-12-26T15:51:45.923439Z  INFO scan_sources: tailwindcss_oxide::scanner: Discovering "C:\\Users\\stan\\Documents\\Code\\Web\\Astro\\static_portfolio\\src\\components\\projects\\grid\\items\\expansion\\ExpandedPart.tsx"
2025-12-26T15:51:45.923608Z  INFO scan_sources: tailwindcss_oxide::scanner: Discovering "C:\\Users\\stan\\Documents\\Code\\Web\\Astro\\static_portfolio\\src\\components\\projects\\grid\\items\\expansion\\ImageRow.tsx"
2025-12-26T15:51:45.923778Z  INFO scan_sources: tailwindcss_oxide::scanner: Discovering "C:\\Users\\stan\\Documents\\Code\\Web\\Astro\\static_portfolio\\src\\components\\projects\\grid\\items\\expansion\\PaddedScrollArea.tsx"
2025-12-26T15:51:45.923961Z  INFO scan_sources: tailwindcss_oxide::scanner: Discovering "C:\\Users\\stan\\Documents\\Code\\Web\\Astro\\static_portfolio\\src\\components\\projects\\grid\\items\\expansion\\ThumbnailRow.tsx"
2025-12-26T15:51:45.924224Z  INFO scan_sources: tailwindcss_oxide::scanner: Discovering "C:\\Users\\stan\\Documents\\Code\\Web\\Astro\\static_portfolio\\src\\components\\projects\\grid\\items\\ProjectItem.tsx"
2025-12-26T15:51:45.924596Z  INFO scan_sources: tailwindcss_oxide::scanner: Discovering "C:\\Users\\stan\\Documents\\Code\\Web\\Astro\\static_portfolio\\src\\components\\projects\\grid\\items\\sharing"
2025-12-26T15:51:45.925040Z  INFO scan_sources: tailwindcss_oxide::scanner: Discovering "C:\\Users\\stan\\Documents\\Code\\Web\\Astro\\static_portfolio\\src\\components\\projects\\grid\\items\\sharing\\ShareCard.tsx"
2025-12-26T15:51:45.925457Z  INFO scan_sources: tailwindcss_oxide::scanner: Discovering "C:\\Users\\stan\\Documents\\Code\\Web\\Astro\\static_portfolio\\src\\components\\projects\\grid\\ProjectGrid.tsx"
2025-12-26T15:51:45.925721Z  INFO scan_sources: tailwindcss_oxide::scanner: Discovering "C:\\Users\\stan\\Documents\\Code\\Web\\Astro\\static_portfolio\\src\\components\\projects\\grid\\ProjectGridSkeleton.tsx"
2025-12-26T15:51:45.926068Z  INFO scan_sources: tailwindcss_oxide::scanner: Discovering "C:\\Users\\stan\\Documents\\Code\\Web\\Astro\\static_portfolio\\src\\components\\projects\\grid\\useStagger.ts"
2025-12-26T15:51:45.926519Z  INFO scan_sources: tailwindcss_oxide::scanner: Discovering "C:\\Users\\stan\\Documents\\Code\\Web\\Astro\\static_portfolio\\src\\components\\projects\\GSAPContextProvider.tsx"
2025-12-26T15:51:45.926958Z  INFO scan_sources: tailwindcss_oxide::scanner: Discovering "C:\\Users\\stan\\Documents\\Code\\Web\\Astro\\static_portfolio\\src\\components\\projects\\lightbox.ts"
2025-12-26T15:51:45.927527Z  INFO scan_sources: tailwindcss_oxide::scanner: Discovering "C:\\Users\\stan\\Documents\\Code\\Web\\Astro\\static_portfolio\\src\\components\\projects\\overlay"
2025-12-26T15:51:45.928356Z  INFO scan_sources: tailwindcss_oxide::scanner: Discovering "C:\\Users\\stan\\Documents\\Code\\Web\\Astro\\static_portfolio\\src\\components\\projects\\overlay\\CarouselSlider.tsx"
2025-12-26T15:51:45.928736Z  INFO scan_sources: tailwindcss_oxide::scanner: Discovering "C:\\Users\\stan\\Documents\\Code\\Web\\Astro\\static_portfolio\\src\\components\\projects\\overlay\\contextMenu.tsx"
2025-12-26T15:51:45.929018Z  INFO scan_sources: tailwindcss_oxide::scanner: Discovering "C:\\Users\\stan\\Documents\\Code\\Web\\Astro\\static_portfolio\\src\\components\\projects\\overlay\\DotButton.tsx"
2025-12-26T15:51:45.929300Z  INFO scan_sources: tailwindcss_oxide::scanner: Discovering "C:\\Users\\stan\\Documents\\Code\\Web\\Astro\\static_portfolio\\src\\components\\projects\\overlay\\MultiAccordion.tsx"
2025-12-26T15:51:45.929587Z  INFO scan_sources: tailwindcss_oxide::scanner: Discovering "C:\\Users\\stan\\Documents\\Code\\Web\\Astro\\static_portfolio\\src\\components\\projects\\overlay\\ProjectCarousel.tsx"
2025-12-26T15:51:45.929865Z  INFO scan_sources: tailwindcss_oxide::scanner: Discovering "C:\\Users\\stan\\Documents\\Code\\Web\\Astro\\static_portfolio\\src\\components\\projects\\overlay\\ProjectCarouselDialog.tsx"
2025-12-26T15:51:45.930138Z  INFO scan_sources: tailwindcss_oxide::scanner: Discovering "C:\\Users\\stan\\Documents\\Code\\Web\\Astro\\static_portfolio\\src\\components\\projects\\overlay\\selection.ts"
2025-12-26T15:51:45.930450Z  INFO scan_sources: tailwindcss_oxide::scanner: Discovering "C:\\Users\\stan\\Documents\\Code\\Web\\Astro\\static_portfolio\\src\\components\\projects\\overlay\\SelectionToolbar.tsx"
2025-12-26T15:51:45.930911Z  INFO scan_sources: tailwindcss_oxide::scanner: Discovering "C:\\Users\\stan\\Documents\\Code\\Web\\Astro\\static_portfolio\\src\\components\\projects\\overlay\\TransparentDialog.tsx"
2025-12-26T15:51:45.931168Z  INFO scan_sources: tailwindcss_oxide::scanner: Discovering "C:\\Users\\stan\\Documents\\Code\\Web\\Astro\\static_portfolio\\src\\components\\projects\\overlay\\useDotButton.ts"
2025-12-26T15:51:45.931434Z  INFO scan_sources: tailwindcss_oxide::scanner: Discovering "C:\\Users\\stan\\Documents\\Code\\Web\\Astro\\static_portfolio\\src\\components\\projects\\overlay\\useSelection.ts"
2025-12-26T15:51:45.931836Z  INFO scan_sources: tailwindcss_oxide::scanner: Discovering "C:\\Users\\stan\\Documents\\Code\\Web\\Astro\\static_portfolio\\src\\components\\projects\\parseMdx.ts"
2025-12-26T15:51:45.932098Z  INFO scan_sources: tailwindcss_oxide::scanner: Discovering "C:\\Users\\stan\\Documents\\Code\\Web\\Astro\\static_portfolio\\src\\components\\projects\\ProjectBrowser.astro"
2025-12-26T15:51:45.932358Z  INFO scan_sources: tailwindcss_oxide::scanner: Discovering "C:\\Users\\stan\\Documents\\Code\\Web\\Astro\\static_portfolio\\src\\components\\projects\\ProjectBrowserEmpty.tsx"
2025-12-26T15:51:45.932605Z  INFO scan_sources: tailwindcss_oxide::scanner: Discovering "C:\\Users\\stan\\Documents\\Code\\Web\\Astro\\static_portfolio\\src\\components\\projects\\ProjectBrowserInner.astro"
2025-12-26T15:51:45.932940Z  INFO scan_sources: tailwindcss_oxide::scanner: Discovering "C:\\Users\\stan\\Documents\\Code\\Web\\Astro\\static_portfolio\\src\\components\\projects\\ProjectBrowserReact.tsx"
2025-12-26T15:51:45.933179Z  INFO scan_sources: tailwindcss_oxide::scanner: Discovering "C:\\Users\\stan\\Documents\\Code\\Web\\Astro\\static_portfolio\\src\\components\\projects\\scrolling.tsx"
2025-12-26T15:51:45.933510Z  INFO scan_sources: tailwindcss_oxide::scanner: Discovering "C:\\Users\\stan\\Documents\\Code\\Web\\Astro\\static_portfolio\\src\\components\\projects\\StickyDiv.tsx"
2025-12-26T15:51:45.933712Z  INFO scan_sources: tailwindcss_oxide::scanner: Discovering "C:\\Users\\stan\\Documents\\Code\\Web\\Astro\\static_portfolio\\src\\components\\projects\\SuspenseTest.tsx"
2025-12-26T15:51:45.933887Z  INFO scan_sources: tailwindcss_oxide::scanner: Discovering "C:\\Users\\stan\\Documents\\Code\\Web\\Astro\\static_portfolio\\src\\components\\projects\\toasts.tsx"
2025-12-26T15:51:45.934061Z  INFO scan_sources: tailwindcss_oxide::scanner: Discovering "C:\\Users\\stan\\Documents\\Code\\Web\\Astro\\static_portfolio\\src\\components\\projects\\types.ts"
2025-12-26T15:51:45.934229Z  INFO scan_sources: tailwindcss_oxide::scanner: Discovering "C:\\Users\\stan\\Documents\\Code\\Web\\Astro\\static_portfolio\\src\\components\\projects\\useGSAPContext.ts"
2025-12-26T15:51:45.934695Z  INFO scan_sources: tailwindcss_oxide::scanner: Discovering "C:\\Users\\stan\\Documents\\Code\\Web\\Astro\\static_portfolio\\src\\components\\projects\\util"
2025-12-26T15:51:45.935283Z  INFO scan_sources: tailwindcss_oxide::scanner: Discovering "C:\\Users\\stan\\Documents\\Code\\Web\\Astro\\static_portfolio\\src\\components\\projects\\util\\comparison.ts"
2025-12-26T15:51:45.935538Z  INFO scan_sources: tailwindcss_oxide::scanner: Discovering "C:\\Users\\stan\\Documents\\Code\\Web\\Astro\\static_portfolio\\src\\components\\projects\\ZustandTest.tsx"
2025-12-26T15:51:45.935926Z  INFO scan_sources: tailwindcss_oxide::scanner: Discovering "C:\\Users\\stan\\Documents\\Code\\Web\\Astro\\static_portfolio\\src\\components\\story"
2025-12-26T15:51:45.936436Z  INFO scan_sources: tailwindcss_oxide::scanner: Discovering "C:\\Users\\stan\\Documents\\Code\\Web\\Astro\\static_portfolio\\src\\components\\story\\client"
2025-12-26T15:51:45.936798Z  INFO scan_sources: tailwindcss_oxide::scanner: Discovering "C:\\Users\\stan\\Documents\\Code\\Web\\Astro\\static_portfolio\\src\\components\\story\\client\\StoryTimeline.tsx"
2025-12-26T15:51:45.937018Z  INFO scan_sources: tailwindcss_oxide::scanner: Discovering "C:\\Users\\stan\\Documents\\Code\\Web\\Astro\\static_portfolio\\src\\components\\story\\Columns.astro"
2025-12-26T15:51:45.937175Z  INFO scan_sources: tailwindcss_oxide::scanner: Discovering "C:\\Users\\stan\\Documents\\Code\\Web\\Astro\\static_portfolio\\src\\components\\story\\Columns.tsx"
2025-12-26T15:51:45.937328Z  INFO scan_sources: tailwindcss_oxide::scanner: Discovering "C:\\Users\\stan\\Documents\\Code\\Web\\Astro\\static_portfolio\\src\\components\\story\\ContentMarker.astro"
2025-12-26T15:51:45.937481Z  INFO scan_sources: tailwindcss_oxide::scanner: Discovering "C:\\Users\\stan\\Documents\\Code\\Web\\Astro\\static_portfolio\\src\\components\\story\\ContentMarkerPreact.tsx"
2025-12-26T15:51:45.937645Z  INFO scan_sources: tailwindcss_oxide::scanner: Discovering "C:\\Users\\stan\\Documents\\Code\\Web\\Astro\\static_portfolio\\src\\components\\story\\FloatingNav.astro"
2025-12-26T15:51:45.937802Z  INFO scan_sources: tailwindcss_oxide::scanner: Discovering "C:\\Users\\stan\\Documents\\Code\\Web\\Astro\\static_portfolio\\src\\components\\story\\ParallaxBackdrop.astro"
2025-12-26T15:51:45.937957Z  INFO scan_sources: tailwindcss_oxide::scanner: Discovering "C:\\Users\\stan\\Documents\\Code\\Web\\Astro\\static_portfolio\\src\\components\\story\\ParallaxWindow.astro"
2025-12-26T15:51:45.938107Z  INFO scan_sources: tailwindcss_oxide::scanner: Discovering "C:\\Users\\stan\\Documents\\Code\\Web\\Astro\\static_portfolio\\src\\components\\story\\SafeDrawer.tsx"
2025-12-26T15:51:45.938258Z  INFO scan_sources: tailwindcss_oxide::scanner: Discovering "C:\\Users\\stan\\Documents\\Code\\Web\\Astro\\static_portfolio\\src\\components\\story\\SidebarItem.astro"
2025-12-26T15:51:45.938409Z  INFO scan_sources: tailwindcss_oxide::scanner: Discovering "C:\\Users\\stan\\Documents\\Code\\Web\\Astro\\static_portfolio\\src\\components\\story\\SidebarSection.astro"
2025-12-26T15:51:45.938560Z  INFO scan_sources: tailwindcss_oxide::scanner: Discovering "C:\\Users\\stan\\Documents\\Code\\Web\\Astro\\static_portfolio\\src\\components\\story\\Story.astro"
2025-12-26T15:51:45.938722Z  INFO scan_sources: tailwindcss_oxide::scanner: Discovering "C:\\Users\\stan\\Documents\\Code\\Web\\Astro\\static_portfolio\\src\\components\\story\\StoryAnimator.tsx"
2025-12-26T15:51:45.938873Z  INFO scan_sources: tailwindcss_oxide::scanner: Discovering "C:\\Users\\stan\\Documents\\Code\\Web\\Astro\\static_portfolio\\src\\components\\story\\StoryDrawer.tsx"
2025-12-26T15:51:45.939033Z  INFO scan_sources: tailwindcss_oxide::scanner: Discovering "C:\\Users\\stan\\Documents\\Code\\Web\\Astro\\static_portfolio\\src\\components\\story\\StorySection.astro"
2025-12-26T15:51:45.939188Z  INFO scan_sources: tailwindcss_oxide::scanner: Discovering "C:\\Users\\stan\\Documents\\Code\\Web\\Astro\\static_portfolio\\src\\components\\story\\StorySidebar.astro"
2025-12-26T15:51:45.939338Z  INFO scan_sources: tailwindcss_oxide::scanner: Discovering "C:\\Users\\stan\\Documents\\Code\\Web\\Astro\\static_portfolio\\src\\components\\story\\StorySidebarOld.astro"
2025-12-26T15:51:45.939489Z  INFO scan_sources: tailwindcss_oxide::scanner: Discovering "C:\\Users\\stan\\Documents\\Code\\Web\\Astro\\static_portfolio\\src\\components\\story\\StorySubsection.astro"
2025-12-26T15:51:45.939650Z  INFO scan_sources: tailwindcss_oxide::scanner: Discovering "C:\\Users\\stan\\Documents\\Code\\Web\\Astro\\static_portfolio\\src\\components\\story\\StoryTimeline.astro"
2025-12-26T15:51:45.939801Z  INFO scan_sources: tailwindcss_oxide::scanner: Discovering "C:\\Users\\stan\\Documents\\Code\\Web\\Astro\\static_portfolio\\src\\components\\story\\types.ts"
2025-12-26T15:51:45.940075Z  INFO scan_sources: tailwindcss_oxide::scanner: Discovering "C:\\Users\\stan\\Documents\\Code\\Web\\Astro\\static_portfolio\\src\\components\\story\\util"
2025-12-26T15:51:45.940439Z  INFO scan_sources: tailwindcss_oxide::scanner: Discovering "C:\\Users\\stan\\Documents\\Code\\Web\\Astro\\static_portfolio\\src\\components\\story\\util\\fixPreactRef.ts"
2025-12-26T15:51:45.940608Z  INFO scan_sources: tailwindcss_oxide::scanner: Discovering "C:\\Users\\stan\\Documents\\Code\\Web\\Astro\\static_portfolio\\src\\components\\story\\util\\loadImageMetadata.ts"
2025-12-26T15:51:45.940763Z  INFO scan_sources: tailwindcss_oxide::scanner: Discovering "C:\\Users\\stan\\Documents\\Code\\Web\\Astro\\static_portfolio\\src\\components\\story\\util\\loadImages.ts"
2025-12-26T15:51:45.940963Z  INFO scan_sources: tailwindcss_oxide::scanner: Discovering "C:\\Users\\stan\\Documents\\Code\\Web\\Astro\\static_portfolio\\src\\components\\story\\util\\loadSections.ts"
2025-12-26T15:51:45.941113Z  INFO scan_sources: tailwindcss_oxide::scanner: Discovering "C:\\Users\\stan\\Documents\\Code\\Web\\Astro\\static_portfolio\\src\\components\\story\\util\\parseDate.ts"
2025-12-26T15:51:45.941262Z  INFO scan_sources: tailwindcss_oxide::scanner: Discovering "C:\\Users\\stan\\Documents\\Code\\Web\\Astro\\static_portfolio\\src\\components\\story\\util\\typeCheck.ts"
2025-12-26T15:51:45.941531Z  INFO scan_sources: tailwindcss_oxide::scanner: Discovering "C:\\Users\\stan\\Documents\\Code\\Web\\Astro\\static_portfolio\\src\\components\\story\\util\\types"
2025-12-26T15:51:45.941897Z  INFO scan_sources: tailwindcss_oxide::scanner: Discovering "C:\\Users\\stan\\Documents\\Code\\Web\\Astro\\static_portfolio\\src\\components\\story\\util\\types\\types.ts"
2025-12-26T15:51:45.942319Z  INFO scan_sources: tailwindcss_oxide::scanner: Discovering "C:\\Users\\stan\\Documents\\Code\\Web\\Astro\\static_portfolio\\src\\components\\ui"
2025-12-26T15:51:45.942851Z  INFO scan_sources: tailwindcss_oxide::scanner: Discovering "C:\\Users\\stan\\Documents\\Code\\Web\\Astro\\static_portfolio\\src\\components\\ui\\accordion.tsx"
2025-12-26T15:51:45.943234Z  INFO scan_sources: tailwindcss_oxide::scanner: Discovering "C:\\Users\\stan\\Documents\\Code\\Web\\Astro\\static_portfolio\\src\\components\\ui\\alert-dialog.tsx"
2025-12-26T15:51:45.943459Z  INFO scan_sources: tailwindcss_oxide::scanner: Discovering "C:\\Users\\stan\\Documents\\Code\\Web\\Astro\\static_portfolio\\src\\components\\ui\\alert.tsx"
2025-12-26T15:51:45.943861Z  INFO scan_sources: tailwindcss_oxide::scanner: Discovering "C:\\Users\\stan\\Documents\\Code\\Web\\Astro\\static_portfolio\\src\\components\\ui\\aspect-ratio.tsx"
2025-12-26T15:51:45.944143Z  INFO scan_sources: tailwindcss_oxide::scanner: Discovering "C:\\Users\\stan\\Documents\\Code\\Web\\Astro\\static_portfolio\\src\\components\\ui\\badge.tsx"
2025-12-26T15:51:45.944504Z  INFO scan_sources: tailwindcss_oxide::scanner: Discovering "C:\\Users\\stan\\Documents\\Code\\Web\\Astro\\static_portfolio\\src\\components\\ui\\breadcrumb.tsx"
2025-12-26T15:51:45.944732Z  INFO scan_sources: tailwindcss_oxide::scanner: Discovering "C:\\Users\\stan\\Documents\\Code\\Web\\Astro\\static_portfolio\\src\\components\\ui\\button-group.tsx"
2025-12-26T15:51:45.944902Z  INFO scan_sources: tailwindcss_oxide::scanner: Discovering "C:\\Users\\stan\\Documents\\Code\\Web\\Astro\\static_portfolio\\src\\components\\ui\\Button.astro"
2025-12-26T15:51:45.945089Z  INFO scan_sources: tailwindcss_oxide::scanner: Discovering "C:\\Users\\stan\\Documents\\Code\\Web\\Astro\\static_portfolio\\src\\components\\ui\\button.tsx"
2025-12-26T15:51:45.945341Z  INFO scan_sources: tailwindcss_oxide::scanner: Discovering "C:\\Users\\stan\\Documents\\Code\\Web\\Astro\\static_portfolio\\src\\components\\ui\\Capsule.astro"
2025-12-26T15:51:45.945508Z  INFO scan_sources: tailwindcss_oxide::scanner: Discovering "C:\\Users\\stan\\Documents\\Code\\Web\\Astro\\static_portfolio\\src\\components\\ui\\card.tsx"
2025-12-26T15:51:45.945667Z  INFO scan_sources: tailwindcss_oxide::scanner: Discovering "C:\\Users\\stan\\Documents\\Code\\Web\\Astro\\static_portfolio\\src\\components\\ui\\carousel.tsx"
2025-12-26T15:51:45.945819Z  INFO scan_sources: tailwindcss_oxide::scanner: Discovering "C:\\Users\\stan\\Documents\\Code\\Web\\Astro\\static_portfolio\\src\\components\\ui\\collapsible.tsx"
2025-12-26T15:51:45.945971Z  INFO scan_sources: tailwindcss_oxide::scanner: Discovering "C:\\Users\\stan\\Documents\\Code\\Web\\Astro\\static_portfolio\\src\\components\\ui\\context-menu.tsx"
2025-12-26T15:51:45.946129Z  INFO scan_sources: tailwindcss_oxide::scanner: Discovering "C:\\Users\\stan\\Documents\\Code\\Web\\Astro\\static_portfolio\\src\\components\\ui\\CustomSpinner.tsx"
2025-12-26T15:51:45.946284Z  INFO scan_sources: tailwindcss_oxide::scanner: Discovering "C:\\Users\\stan\\Documents\\Code\\Web\\Astro\\static_portfolio\\src\\components\\ui\\dialog.tsx"
2025-12-26T15:51:45.946436Z  INFO scan_sources: tailwindcss_oxide::scanner: Discovering "C:\\Users\\stan\\Documents\\Code\\Web\\Astro\\static_portfolio\\src\\components\\ui\\drawer.tsx"
2025-12-26T15:51:45.946611Z  INFO scan_sources: tailwindcss_oxide::scanner: Discovering "C:\\Users\\stan\\Documents\\Code\\Web\\Astro\\static_portfolio\\src\\components\\ui\\dropdown-menu.tsx"
2025-12-26T15:51:45.946764Z  INFO scan_sources: tailwindcss_oxide::scanner: Discovering "C:\\Users\\stan\\Documents\\Code\\Web\\Astro\\static_portfolio\\src\\components\\ui\\empty.tsx"
2025-12-26T15:51:45.946927Z  INFO scan_sources: tailwindcss_oxide::scanner: Discovering "C:\\Users\\stan\\Documents\\Code\\Web\\Astro\\static_portfolio\\src\\components\\ui\\Heading.astro"
2025-12-26T15:51:45.947097Z  INFO scan_sources: tailwindcss_oxide::scanner: Discovering "C:\\Users\\stan\\Documents\\Code\\Web\\Astro\\static_portfolio\\src\\components\\ui\\hover-card.tsx"
2025-12-26T15:51:45.947250Z  INFO scan_sources: tailwindcss_oxide::scanner: Discovering "C:\\Users\\stan\\Documents\\Code\\Web\\Astro\\static_portfolio\\src\\components\\ui\\Icon.astro"
2025-12-26T15:51:45.947404Z  INFO scan_sources: tailwindcss_oxide::scanner: Discovering "C:\\Users\\stan\\Documents\\Code\\Web\\Astro\\static_portfolio\\src\\components\\ui\\input-group.tsx"
2025-12-26T15:51:45.947557Z  INFO scan_sources: tailwindcss_oxide::scanner: Discovering "C:\\Users\\stan\\Documents\\Code\\Web\\Astro\\static_portfolio\\src\\components\\ui\\input.tsx"
2025-12-26T15:51:45.947709Z  INFO scan_sources: tailwindcss_oxide::scanner: Discovering "C:\\Users\\stan\\Documents\\Code\\Web\\Astro\\static_portfolio\\src\\components\\ui\\item.tsx"
2025-12-26T15:51:45.947865Z  INFO scan_sources: tailwindcss_oxide::scanner: Discovering "C:\\Users\\stan\\Documents\\Code\\Web\\Astro\\static_portfolio\\src\\components\\ui\\kbd.tsx"
2025-12-26T15:51:45.948016Z  INFO scan_sources: tailwindcss_oxide::scanner: Discovering "C:\\Users\\stan\\Documents\\Code\\Web\\Astro\\static_portfolio\\src\\components\\ui\\label.tsx"
2025-12-26T15:51:45.948177Z  INFO scan_sources: tailwindcss_oxide::scanner: Discovering "C:\\Users\\stan\\Documents\\Code\\Web\\Astro\\static_portfolio\\src\\components\\ui\\menubar.tsx"
2025-12-26T15:51:45.948345Z  INFO scan_sources: tailwindcss_oxide::scanner: Discovering "C:\\Users\\stan\\Documents\\Code\\Web\\Astro\\static_portfolio\\src\\components\\ui\\navigation-menu.tsx"
2025-12-26T15:51:45.948500Z  INFO scan_sources: tailwindcss_oxide::scanner: Discovering "C:\\Users\\stan\\Documents\\Code\\Web\\Astro\\static_portfolio\\src\\components\\ui\\popover.tsx"
2025-12-26T15:51:45.948657Z  INFO scan_sources: tailwindcss_oxide::scanner: Discovering "C:\\Users\\stan\\Documents\\Code\\Web\\Astro\\static_portfolio\\src\\components\\ui\\ReadMore.astro"
2025-12-26T15:51:45.948810Z  INFO scan_sources: tailwindcss_oxide::scanner: Discovering "C:\\Users\\stan\\Documents\\Code\\Web\\Astro\\static_portfolio\\src\\components\\ui\\resizable.tsx"
2025-12-26T15:51:45.948977Z  INFO scan_sources: tailwindcss_oxide::scanner: Discovering "C:\\Users\\stan\\Documents\\Code\\Web\\Astro\\static_portfolio\\src\\components\\ui\\scroll-area.tsx"
2025-12-26T15:51:45.949133Z  INFO scan_sources: tailwindcss_oxide::scanner: Discovering "C:\\Users\\stan\\Documents\\Code\\Web\\Astro\\static_portfolio\\src\\components\\ui\\select.tsx"
2025-12-26T15:51:45.949293Z  INFO scan_sources: tailwindcss_oxide::scanner: Discovering "C:\\Users\\stan\\Documents\\Code\\Web\\Astro\\static_portfolio\\src\\components\\ui\\separator.tsx"
2025-12-26T15:51:45.949456Z  INFO scan_sources: tailwindcss_oxide::scanner: Discovering "C:\\Users\\stan\\Documents\\Code\\Web\\Astro\\static_portfolio\\src\\components\\ui\\Share.astro"
2025-12-26T15:51:45.949608Z  INFO scan_sources: tailwindcss_oxide::scanner: Discovering "C:\\Users\\stan\\Documents\\Code\\Web\\Astro\\static_portfolio\\src\\components\\ui\\sheet.tsx"
2025-12-26T15:51:45.949831Z  INFO scan_sources: tailwindcss_oxide::scanner: Discovering "C:\\Users\\stan\\Documents\\Code\\Web\\Astro\\static_portfolio\\src\\components\\ui\\sidebar.tsx"
2025-12-26T15:51:45.949991Z  INFO scan_sources: tailwindcss_oxide::scanner: Discovering "C:\\Users\\stan\\Documents\\Code\\Web\\Astro\\static_portfolio\\src\\components\\ui\\skeleton.tsx"
2025-12-26T15:51:45.950143Z  INFO scan_sources: tailwindcss_oxide::scanner: Discovering "C:\\Users\\stan\\Documents\\Code\\Web\\Astro\\static_portfolio\\src\\components\\ui\\slider.tsx"
2025-12-26T15:51:45.950301Z  INFO scan_sources: tailwindcss_oxide::scanner: Discovering "C:\\Users\\stan\\Documents\\Code\\Web\\Astro\\static_portfolio\\src\\components\\ui\\Social.astro"
2025-12-26T15:51:45.950452Z  INFO scan_sources: tailwindcss_oxide::scanner: Discovering "C:\\Users\\stan\\Documents\\Code\\Web\\Astro\\static_portfolio\\src\\components\\ui\\sonner.tsx"
2025-12-26T15:51:45.950604Z  INFO scan_sources: tailwindcss_oxide::scanner: Discovering "C:\\Users\\stan\\Documents\\Code\\Web\\Astro\\static_portfolio\\src\\components\\ui\\spinner.tsx"
2025-12-26T15:51:45.950755Z  INFO scan_sources: tailwindcss_oxide::scanner: Discovering "C:\\Users\\stan\\Documents\\Code\\Web\\Astro\\static_portfolio\\src\\components\\ui\\switch.tsx"
2025-12-26T15:51:45.950908Z  INFO scan_sources: tailwindcss_oxide::scanner: Discovering "C:\\Users\\stan\\Documents\\Code\\Web\\Astro\\static_portfolio\\src\\components\\ui\\tabs.tsx"
2025-12-26T15:51:45.951079Z  INFO scan_sources: tailwindcss_oxide::scanner: Discovering "C:\\Users\\stan\\Documents\\Code\\Web\\Astro\\static_portfolio\\src\\components\\ui\\Tag.astro"
2025-12-26T15:51:45.951231Z  INFO scan_sources: tailwindcss_oxide::scanner: Discovering "C:\\Users\\stan\\Documents\\Code\\Web\\Astro\\static_portfolio\\src\\components\\ui\\textarea.tsx"
2025-12-26T15:51:45.951383Z  INFO scan_sources: tailwindcss_oxide::scanner: Discovering "C:\\Users\\stan\\Documents\\Code\\Web\\Astro\\static_portfolio\\src\\components\\ui\\ThemeIcon.astro"
2025-12-26T15:51:45.951543Z  INFO scan_sources: tailwindcss_oxide::scanner: Discovering "C:\\Users\\stan\\Documents\\Code\\Web\\Astro\\static_portfolio\\src\\components\\ui\\toggle-group.tsx"
2025-12-26T15:51:45.951698Z  INFO scan_sources: tailwindcss_oxide::scanner: Discovering "C:\\Users\\stan\\Documents\\Code\\Web\\Astro\\static_portfolio\\src\\components\\ui\\toggle.tsx"
2025-12-26T15:51:45.951849Z  INFO scan_sources: tailwindcss_oxide::scanner: Discovering "C:\\Users\\stan\\Documents\\Code\\Web\\Astro\\static_portfolio\\src\\components\\ui\\tooltip.tsx"
2025-12-26T15:51:45.952276Z  INFO scan_sources: tailwindcss_oxide::scanner: Discovering "C:\\Users\\stan\\Documents\\Code\\Web\\Astro\\static_portfolio\\src\\content"
2025-12-26T15:51:45.952770Z  INFO scan_sources: tailwindcss_oxide::scanner: Discovering "C:\\Users\\stan\\Documents\\Code\\Web\\Astro\\static_portfolio\\src\\content\\captions"
2025-12-26T15:51:45.953151Z  INFO scan_sources: tailwindcss_oxide::scanner: Discovering "C:\\Users\\stan\\Documents\\Code\\Web\\Astro\\static_portfolio\\src\\content\\captions\\testCaption.mdx"
2025-12-26T15:51:45.953368Z  INFO scan_sources: tailwindcss_oxide::scanner: Discovering "C:\\Users\\stan\\Documents\\Code\\Web\\Astro\\static_portfolio\\src\\content\\config.ts"
2025-12-26T15:51:45.953521Z  INFO scan_sources: tailwindcss_oxide::scanner: Discovering "C:\\Users\\stan\\Documents\\Code\\Web\\Astro\\static_portfolio\\src\\content\\figure"
2025-12-26T15:51:45.953795Z  INFO scan_sources: tailwindcss_oxide::scanner: Discovering "C:\\Users\\stan\\Documents\\Code\\Web\\Astro\\static_portfolio\\src\\content\\figures"
2025-12-26T15:51:45.954136Z  INFO scan_sources: tailwindcss_oxide::scanner: Discovering "C:\\Users\\stan\\Documents\\Code\\Web\\Astro\\static_portfolio\\src\\content\\figures\\testFigure.mdx"
2025-12-26T15:51:45.954470Z  INFO scan_sources: tailwindcss_oxide::scanner: Discovering "C:\\Users\\stan\\Documents\\Code\\Web\\Astro\\static_portfolio\\src\\content\\projects"
2025-12-26T15:51:45.954845Z  INFO scan_sources: tailwindcss_oxide::scanner: Discovering "C:\\Users\\stan\\Documents\\Code\\Web\\Astro\\static_portfolio\\src\\content\\projects\\clip2gif.mdx"
2025-12-26T15:51:45.955025Z  INFO scan_sources: tailwindcss_oxide::scanner: Discovering "C:\\Users\\stan\\Documents\\Code\\Web\\Astro\\static_portfolio\\src\\content\\projects\\dodgy-car.mdx"
2025-12-26T15:51:45.955181Z  INFO scan_sources: tailwindcss_oxide::scanner: Discovering "C:\\Users\\stan\\Documents\\Code\\Web\\Astro\\static_portfolio\\src\\content\\projects\\iklimit-viz.mdx"
2025-12-26T15:51:45.955334Z  INFO scan_sources: tailwindcss_oxide::scanner: Discovering "C:\\Users\\stan\\Documents\\Code\\Web\\Astro\\static_portfolio\\src\\content\\projects\\ikrig.mdx"
2025-12-26T15:51:45.955487Z  INFO scan_sources: tailwindcss_oxide::scanner: Discovering "C:\\Users\\stan\\Documents\\Code\\Web\\Astro\\static_portfolio\\src\\content\\projects\\irish-morph.mdx"
2025-12-26T15:51:45.955639Z  INFO scan_sources: tailwindcss_oxide::scanner: Discovering "C:\\Users\\stan\\Documents\\Code\\Web\\Astro\\static_portfolio\\src\\content\\projects\\mandarin-freq.mdx"
2025-12-26T15:51:45.955794Z  INFO scan_sources: tailwindcss_oxide::scanner: Discovering "C:\\Users\\stan\\Documents\\Code\\Web\\Astro\\static_portfolio\\src\\content\\projects\\obsidian-plugin.mdx"
2025-12-26T15:51:45.955946Z  INFO scan_sources: tailwindcss_oxide::scanner: Discovering "C:\\Users\\stan\\Documents\\Code\\Web\\Astro\\static_portfolio\\src\\content\\projects\\param-matrix.mdx"
2025-12-26T15:51:45.956102Z  INFO scan_sources: tailwindcss_oxide::scanner: Discovering "C:\\Users\\stan\\Documents\\Code\\Web\\Astro\\static_portfolio\\src\\content\\projects\\portfolio-site.mdx"
2025-12-26T15:51:45.956254Z  INFO scan_sources: tailwindcss_oxide::scanner: Discovering "C:\\Users\\stan\\Documents\\Code\\Web\\Astro\\static_portfolio\\src\\content\\projects\\proj-biomed.mdx"
2025-12-26T15:51:45.956405Z  INFO scan_sources: tailwindcss_oxide::scanner: Discovering "C:\\Users\\stan\\Documents\\Code\\Web\\Astro\\static_portfolio\\src\\content\\projects\\proj-colpa.mdx"
2025-12-26T15:51:45.956672Z  INFO scan_sources: tailwindcss_oxide::scanner: Discovering "C:\\Users\\stan\\Documents\\Code\\Web\\Astro\\static_portfolio\\src\\content\\projects\\proj-nlp.mdx"
2025-12-26T15:51:45.956832Z  INFO scan_sources: tailwindcss_oxide::scanner: Discovering "C:\\Users\\stan\\Documents\\Code\\Web\\Astro\\static_portfolio\\src\\content\\projects\\proj-phonphon.mdx"
2025-12-26T15:51:45.956987Z  INFO scan_sources: tailwindcss_oxide::scanner: Discovering "C:\\Users\\stan\\Documents\\Code\\Web\\Astro\\static_portfolio\\src\\content\\projects\\proj-pointerjump.mdx"
2025-12-26T15:51:45.957159Z  INFO scan_sources: tailwindcss_oxide::scanner: Discovering "C:\\Users\\stan\\Documents\\Code\\Web\\Astro\\static_portfolio\\src\\content\\projects\\pub-llms.mdx"
2025-12-26T15:51:45.957310Z  INFO scan_sources: tailwindcss_oxide::scanner: Discovering "C:\\Users\\stan\\Documents\\Code\\Web\\Astro\\static_portfolio\\src\\content\\projects\\pub-prions.mdx"
2025-12-26T15:51:45.957462Z  INFO scan_sources: tailwindcss_oxide::scanner: Discovering "C:\\Users\\stan\\Documents\\Code\\Web\\Astro\\static_portfolio\\src\\content\\projects\\pubmed-scrape.mdx"
2025-12-26T15:51:45.957613Z  INFO scan_sources: tailwindcss_oxide::scanner: Discovering "C:\\Users\\stan\\Documents\\Code\\Web\\Astro\\static_portfolio\\src\\content\\projects\\pubmed-search.mdx"
2025-12-26T15:51:45.957767Z  INFO scan_sources: tailwindcss_oxide::scanner: Discovering "C:\\Users\\stan\\Documents\\Code\\Web\\Astro\\static_portfolio\\src\\content\\projects\\rocq-modal.mdx"
2025-12-26T15:51:45.957919Z  INFO scan_sources: tailwindcss_oxide::scanner: Discovering "C:\\Users\\stan\\Documents\\Code\\Web\\Astro\\static_portfolio\\src\\content\\projects\\senior-design.mdx"
2025-12-26T15:51:45.958070Z  INFO scan_sources: tailwindcss_oxide::scanner: Discovering "C:\\Users\\stan\\Documents\\Code\\Web\\Astro\\static_portfolio\\src\\content\\projects\\swipl-recursion.mdx"
2025-12-26T15:51:45.958227Z  INFO scan_sources: tailwindcss_oxide::scanner: Discovering "C:\\Users\\stan\\Documents\\Code\\Web\\Astro\\static_portfolio\\src\\content\\projects\\testproj.mdx"
2025-12-26T15:51:45.958459Z  INFO scan_sources: tailwindcss_oxide::scanner: Discovering "C:\\Users\\stan\\Documents\\Code\\Web\\Astro\\static_portfolio\\src\\content\\projects\\testproj2.mdx"
2025-12-26T15:51:45.958694Z  INFO scan_sources: tailwindcss_oxide::scanner: Discovering "C:\\Users\\stan\\Documents\\Code\\Web\\Astro\\static_portfolio\\src\\content\\projects\\testproj3.mdx"
2025-12-26T15:51:45.958916Z  INFO scan_sources: tailwindcss_oxide::scanner: Discovering "C:\\Users\\stan\\Documents\\Code\\Web\\Astro\\static_portfolio\\src\\content\\projects\\testproj4.mdx"
2025-12-26T15:51:45.959170Z  INFO scan_sources: tailwindcss_oxide::scanner: Discovering "C:\\Users\\stan\\Documents\\Code\\Web\\Astro\\static_portfolio\\src\\content\\projects\\typst-coverletter.mdx"
2025-12-26T15:51:45.959435Z  INFO scan_sources: tailwindcss_oxide::scanner: Discovering "C:\\Users\\stan\\Documents\\Code\\Web\\Astro\\static_portfolio\\src\\content\\projects\\typst-resume.mdx"
2025-12-26T15:51:45.959689Z  INFO scan_sources: tailwindcss_oxide::scanner: Discovering "C:\\Users\\stan\\Documents\\Code\\Web\\Astro\\static_portfolio\\src\\content\\projects\\visual-interactive-ml.mdx"
2025-12-26T15:51:45.960273Z  INFO scan_sources: tailwindcss_oxide::scanner: Discovering "C:\\Users\\stan\\Documents\\Code\\Web\\Astro\\static_portfolio\\src\\content\\staticData"
2025-12-26T15:51:45.960952Z  INFO scan_sources: tailwindcss_oxide::scanner: Discovering "C:\\Users\\stan\\Documents\\Code\\Web\\Astro\\static_portfolio\\src\\content\\staticData\\allStaticData.json"
2025-12-26T15:51:45.961415Z  INFO scan_sources: tailwindcss_oxide::scanner: Discovering "C:\\Users\\stan\\Documents\\Code\\Web\\Astro\\static_portfolio\\src\\env.d.ts"
2025-12-26T15:51:45.961871Z  INFO scan_sources: tailwindcss_oxide::scanner: Discovering "C:\\Users\\stan\\Documents\\Code\\Web\\Astro\\static_portfolio\\src\\hooks"
2025-12-26T15:51:45.962425Z  INFO scan_sources: tailwindcss_oxide::scanner: Discovering "C:\\Users\\stan\\Documents\\Code\\Web\\Astro\\static_portfolio\\src\\hooks\\ErrorBoundary.tsx"
2025-12-26T15:51:45.962650Z  INFO scan_sources: tailwindcss_oxide::scanner: Discovering "C:\\Users\\stan\\Documents\\Code\\Web\\Astro\\static_portfolio\\src\\hooks\\use-auto-scroll.ts"
2025-12-26T15:51:45.962842Z  INFO scan_sources: tailwindcss_oxide::scanner: Discovering "C:\\Users\\stan\\Documents\\Code\\Web\\Astro\\static_portfolio\\src\\hooks\\use-copy-to-clipboard.ts"
2025-12-26T15:51:45.963086Z  INFO scan_sources: tailwindcss_oxide::scanner: Discovering "C:\\Users\\stan\\Documents\\Code\\Web\\Astro\\static_portfolio\\src\\hooks\\use-debounce-callback.ts"
2025-12-26T15:51:45.963323Z  INFO scan_sources: tailwindcss_oxide::scanner: Discovering "C:\\Users\\stan\\Documents\\Code\\Web\\Astro\\static_portfolio\\src\\hooks\\use-device-detect.ts"
2025-12-26T15:51:45.963521Z  INFO scan_sources: tailwindcss_oxide::scanner: Discovering "C:\\Users\\stan\\Documents\\Code\\Web\\Astro\\static_portfolio\\src\\hooks\\use-dom-ready.ts"
2025-12-26T15:51:45.963705Z  INFO scan_sources: tailwindcss_oxide::scanner: Discovering "C:\\Users\\stan\\Documents\\Code\\Web\\Astro\\static_portfolio\\src\\hooks\\use-error-boundary.tsx"
2025-12-26T15:51:45.963870Z  INFO scan_sources: tailwindcss_oxide::scanner: Discovering "C:\\Users\\stan\\Documents\\Code\\Web\\Astro\\static_portfolio\\src\\hooks\\use-focus-trap.ts"
2025-12-26T15:51:45.964044Z  INFO scan_sources: tailwindcss_oxide::scanner: Discovering "C:\\Users\\stan\\Documents\\Code\\Web\\Astro\\static_portfolio\\src\\hooks\\use-in-view.ts"
2025-12-26T15:51:45.964217Z  INFO scan_sources: tailwindcss_oxide::scanner: Discovering "C:\\Users\\stan\\Documents\\Code\\Web\\Astro\\static_portfolio\\src\\hooks\\use-intersection-observer.ts"
2025-12-26T15:51:45.964388Z  INFO scan_sources: tailwindcss_oxide::scanner: Discovering "C:\\Users\\stan\\Documents\\Code\\Web\\Astro\\static_portfolio\\src\\hooks\\use-is-client.ts"
2025-12-26T15:51:45.964563Z  INFO scan_sources: tailwindcss_oxide::scanner: Discovering "C:\\Users\\stan\\Documents\\Code\\Web\\Astro\\static_portfolio\\src\\hooks\\use-is-first-render.ts"
2025-12-26T15:51:45.964746Z  INFO scan_sources: tailwindcss_oxide::scanner: Discovering "C:\\Users\\stan\\Documents\\Code\\Web\\Astro\\static_portfolio\\src\\hooks\\use-long-press.ts"
2025-12-26T15:51:45.964908Z  INFO scan_sources: tailwindcss_oxide::scanner: Discovering "C:\\Users\\stan\\Documents\\Code\\Web\\Astro\\static_portfolio\\src\\hooks\\use-media-query.tsx"
2025-12-26T15:51:45.965080Z  INFO scan_sources: tailwindcss_oxide::scanner: Discovering "C:\\Users\\stan\\Documents\\Code\\Web\\Astro\\static_portfolio\\src\\hooks\\use-merge-refs.ts"
2025-12-26T15:51:45.965240Z  INFO scan_sources: tailwindcss_oxide::scanner: Discovering "C:\\Users\\stan\\Documents\\Code\\Web\\Astro\\static_portfolio\\src\\hooks\\use-mobile.ts"
2025-12-26T15:51:45.965395Z  INFO scan_sources: tailwindcss_oxide::scanner: Discovering "C:\\Users\\stan\\Documents\\Code\\Web\\Astro\\static_portfolio\\src\\hooks\\use-mounted.ts"
2025-12-26T15:51:45.965549Z  INFO scan_sources: tailwindcss_oxide::scanner: Discovering "C:\\Users\\stan\\Documents\\Code\\Web\\Astro\\static_portfolio\\src\\hooks\\use-mutation-observer.ts"
2025-12-26T15:51:45.965703Z  INFO scan_sources: tailwindcss_oxide::scanner: Discovering "C:\\Users\\stan\\Documents\\Code\\Web\\Astro\\static_portfolio\\src\\hooks\\use-render-debugger.ts"
2025-12-26T15:51:45.965857Z  INFO scan_sources: tailwindcss_oxide::scanner: Discovering "C:\\Users\\stan\\Documents\\Code\\Web\\Astro\\static_portfolio\\src\\hooks\\use-scramble.ts"
2025-12-26T15:51:45.966019Z  INFO scan_sources: tailwindcss_oxide::scanner: Discovering "C:\\Users\\stan\\Documents\\Code\\Web\\Astro\\static_portfolio\\src\\hooks\\use-scroll-to-top.ts"
2025-12-26T15:51:45.966249Z  INFO scan_sources: tailwindcss_oxide::scanner: Discovering "C:\\Users\\stan\\Documents\\Code\\Web\\Astro\\static_portfolio\\src\\hooks\\use-session-storage.ts"
2025-12-26T15:51:45.966498Z  INFO scan_sources: tailwindcss_oxide::scanner: Discovering "C:\\Users\\stan\\Documents\\Code\\Web\\Astro\\static_portfolio\\src\\hooks\\use-speakup.ts"
2025-12-26T15:51:45.966708Z  INFO scan_sources: tailwindcss_oxide::scanner: Discovering "C:\\Users\\stan\\Documents\\Code\\Web\\Astro\\static_portfolio\\src\\hooks\\use-throttle.ts"
2025-12-26T15:51:45.966872Z  INFO scan_sources: tailwindcss_oxide::scanner: Discovering "C:\\Users\\stan\\Documents\\Code\\Web\\Astro\\static_portfolio\\src\\hooks\\use-unmount.ts"
2025-12-26T15:51:45.967026Z  INFO scan_sources: tailwindcss_oxide::scanner: Discovering "C:\\Users\\stan\\Documents\\Code\\Web\\Astro\\static_portfolio\\src\\hooks\\use-update-effect.ts"
2025-12-26T15:51:45.967232Z  INFO scan_sources: tailwindcss_oxide::scanner: Discovering "C:\\Users\\stan\\Documents\\Code\\Web\\Astro\\static_portfolio\\src\\hooks\\use-window-scroll.ts"
2025-12-26T15:51:45.967470Z  INFO scan_sources: tailwindcss_oxide::scanner: Discovering "C:\\Users\\stan\\Documents\\Code\\Web\\Astro\\static_portfolio\\src\\hooks\\useAnimateHeight.ts"
2025-12-26T15:51:45.967654Z  INFO scan_sources: tailwindcss_oxide::scanner: Discovering "C:\\Users\\stan\\Documents\\Code\\Web\\Astro\\static_portfolio\\src\\hooks\\useCallbackRequest.ts"
2025-12-26T15:51:45.967840Z  INFO scan_sources: tailwindcss_oxide::scanner: Discovering "C:\\Users\\stan\\Documents\\Code\\Web\\Astro\\static_portfolio\\src\\hooks\\useChangeSubcription.ts"
2025-12-26T15:51:45.967999Z  INFO scan_sources: tailwindcss_oxide::scanner: Discovering "C:\\Users\\stan\\Documents\\Code\\Web\\Astro\\static_portfolio\\src\\hooks\\useDeferredValueSwitch.ts"
2025-12-26T15:51:45.968161Z  INFO scan_sources: tailwindcss_oxide::scanner: Discovering "C:\\Users\\stan\\Documents\\Code\\Web\\Astro\\static_portfolio\\src\\hooks\\useDeferredValueWithStatus.ts"
2025-12-26T15:51:45.968323Z  INFO scan_sources: tailwindcss_oxide::scanner: Discovering "C:\\Users\\stan\\Documents\\Code\\Web\\Astro\\static_portfolio\\src\\hooks\\useDelayedFunc.ts"
2025-12-26T15:51:45.968612Z  INFO scan_sources: tailwindcss_oxide::scanner: Discovering "C:\\Users\\stan\\Documents\\Code\\Web\\Astro\\static_portfolio\\src\\hooks\\useEnsureRef.ts"
2025-12-26T15:51:45.968798Z  INFO scan_sources: tailwindcss_oxide::scanner: Discovering "C:\\Users\\stan\\Documents\\Code\\Web\\Astro\\static_portfolio\\src\\hooks\\useFlip.ts"
2025-12-26T15:51:45.969014Z  INFO scan_sources: tailwindcss_oxide::scanner: Discovering "C:\\Users\\stan\\Documents\\Code\\Web\\Astro\\static_portfolio\\src\\hooks\\useGSAPContext.ts"
2025-12-26T15:51:45.969299Z  INFO scan_sources: tailwindcss_oxide::scanner: Discovering "C:\\Users\\stan\\Documents\\Code\\Web\\Astro\\static_portfolio\\src\\hooks\\useImagesLoaded.ts"
2025-12-26T15:51:45.969580Z  INFO scan_sources: tailwindcss_oxide::scanner: Discovering "C:\\Users\\stan\\Documents\\Code\\Web\\Astro\\static_portfolio\\src\\hooks\\usePromise.ts"
2025-12-26T15:51:45.969754Z  INFO scan_sources: tailwindcss_oxide::scanner: Discovering "C:\\Users\\stan\\Documents\\Code\\Web\\Astro\\static_portfolio\\src\\hooks\\usePromiseTransition.ts"
2025-12-26T15:51:45.969919Z  INFO scan_sources: tailwindcss_oxide::scanner: Discovering "C:\\Users\\stan\\Documents\\Code\\Web\\Astro\\static_portfolio\\src\\hooks\\useReportingMemo.ts"
2025-12-26T15:51:45.970079Z  INFO scan_sources: tailwindcss_oxide::scanner: Discovering "C:\\Users\\stan\\Documents\\Code\\Web\\Astro\\static_portfolio\\src\\hooks\\useResizeObserver.ts"
2025-12-26T15:51:45.970238Z  INFO scan_sources: tailwindcss_oxide::scanner: Discovering "C:\\Users\\stan\\Documents\\Code\\Web\\Astro\\static_portfolio\\src\\hooks\\useScrollToRow.tsx"
2025-12-26T15:51:45.970397Z  INFO scan_sources: tailwindcss_oxide::scanner: Discovering "C:\\Users\\stan\\Documents\\Code\\Web\\Astro\\static_portfolio\\src\\hooks\\useSyncedRef.ts"
2025-12-26T15:51:45.970554Z  INFO scan_sources: tailwindcss_oxide::scanner: Discovering "C:\\Users\\stan\\Documents\\Code\\Web\\Astro\\static_portfolio\\src\\hooks\\useThrottledDebounce.ts"
2025-12-26T15:51:45.970709Z  INFO scan_sources: tailwindcss_oxide::scanner: Discovering "C:\\Users\\stan\\Documents\\Code\\Web\\Astro\\static_portfolio\\src\\hooks\\useValueChanged.tsx"
2025-12-26T15:51:45.970876Z  INFO scan_sources: tailwindcss_oxide::scanner: Discovering "C:\\Users\\stan\\Documents\\Code\\Web\\Astro\\static_portfolio\\src\\hooks\\useWindowSize.ts"
2025-12-26T15:51:45.971275Z  INFO scan_sources: tailwindcss_oxide::scanner: Discovering "C:\\Users\\stan\\Documents\\Code\\Web\\Astro\\static_portfolio\\src\\icons"
2025-12-26T15:51:45.971734Z  INFO scan_sources: tailwindcss_oxide::scanner: Discovering "C:\\Users\\stan\\Documents\\Code\\Web\\Astro\\static_portfolio\\src\\icons\\AArch64.svg"
2025-12-26T15:51:45.971921Z  INFO scan_sources: tailwindcss_oxide::scanner: Discovering "C:\\Users\\stan\\Documents\\Code\\Web\\Astro\\static_portfolio\\src\\icons\\angular.svg"
2025-12-26T15:51:45.972081Z  INFO scan_sources: tailwindcss_oxide::scanner: Discovering "C:\\Users\\stan\\Documents\\Code\\Web\\Astro\\static_portfolio\\src\\icons\\arrow-left.svg"
2025-12-26T15:51:45.972235Z  INFO scan_sources: tailwindcss_oxide::scanner: Discovering "C:\\Users\\stan\\Documents\\Code\\Web\\Astro\\static_portfolio\\src\\icons\\astro.svg"
2025-12-26T15:51:45.972390Z  INFO scan_sources: tailwindcss_oxide::scanner: Discovering "C:\\Users\\stan\\Documents\\Code\\Web\\Astro\\static_portfolio\\src\\icons\\bars.svg"
2025-12-26T15:51:45.972541Z  INFO scan_sources: tailwindcss_oxide::scanner: Discovering "C:\\Users\\stan\\Documents\\Code\\Web\\Astro\\static_portfolio\\src\\icons\\Bash.svg"
2025-12-26T15:51:45.972727Z  INFO scan_sources: tailwindcss_oxide::scanner: Discovering "C:\\Users\\stan\\Documents\\Code\\Web\\Astro\\static_portfolio\\src\\icons\\bitwarden.svg"
2025-12-26T15:51:45.972922Z  INFO scan_sources: tailwindcss_oxide::scanner: Discovering "C:\\Users\\stan\\Documents\\Code\\Web\\Astro\\static_portfolio\\src\\icons\\Blender.svg"
2025-12-26T15:51:45.973107Z  INFO scan_sources: tailwindcss_oxide::scanner: Discovering "C:\\Users\\stan\\Documents\\Code\\Web\\Astro\\static_portfolio\\src\\icons\\bootstrap.svg"
2025-12-26T15:51:45.973295Z  INFO scan_sources: tailwindcss_oxide::scanner: Discovering "C:\\Users\\stan\\Documents\\Code\\Web\\Astro\\static_portfolio\\src\\icons\\briefcase.svg"
2025-12-26T15:51:45.973525Z  INFO scan_sources: tailwindcss_oxide::scanner: Discovering "C:\\Users\\stan\\Documents\\Code\\Web\\Astro\\static_portfolio\\src\\icons\\C.svg"
2025-12-26T15:51:45.973690Z  INFO scan_sources: tailwindcss_oxide::scanner: Discovering "C:\\Users\\stan\\Documents\\Code\\Web\\Astro\\static_portfolio\\src\\icons\\cloudflare.svg"
2025-12-26T15:51:45.974145Z  INFO scan_sources: tailwindcss_oxide::scanner: Discovering "C:\\Users\\stan\\Documents\\Code\\Web\\Astro\\static_portfolio\\src\\icons\\code.svg"
2025-12-26T15:51:45.974430Z  INFO scan_sources: tailwindcss_oxide::scanner: Discovering "C:\\Users\\stan\\Documents\\Code\\Web\\Astro\\static_portfolio\\src\\icons\\copilot.svg"
2025-12-26T15:51:45.974657Z  INFO scan_sources: tailwindcss_oxide::scanner: Discovering "C:\\Users\\stan\\Documents\\Code\\Web\\Astro\\static_portfolio\\src\\icons\\csharp.svg"
2025-12-26T15:51:45.974916Z  INFO scan_sources: tailwindcss_oxide::scanner: Discovering "C:\\Users\\stan\\Documents\\Code\\Web\\Astro\\static_portfolio\\src\\icons\\css.svg"
2025-12-26T15:51:45.975100Z  INFO scan_sources: tailwindcss_oxide::scanner: Discovering "C:\\Users\\stan\\Documents\\Code\\Web\\Astro\\static_portfolio\\src\\icons\\cursor-ia.svg"
2025-12-26T15:51:45.975262Z  INFO scan_sources: tailwindcss_oxide::scanner: Discovering "C:\\Users\\stan\\Documents\\Code\\Web\\Astro\\static_portfolio\\src\\icons\\dashboard.svg"
2025-12-26T15:51:45.975418Z  INFO scan_sources: tailwindcss_oxide::scanner: Discovering "C:\\Users\\stan\\Documents\\Code\\Web\\Astro\\static_portfolio\\src\\icons\\deepseek.svg"
2025-12-26T15:51:45.975576Z  INFO scan_sources: tailwindcss_oxide::scanner: Discovering "C:\\Users\\stan\\Documents\\Code\\Web\\Astro\\static_portfolio\\src\\icons\\envelope.svg"
2025-12-26T15:51:45.975757Z  INFO scan_sources: tailwindcss_oxide::scanner: Discovering "C:\\Users\\stan\\Documents\\Code\\Web\\Astro\\static_portfolio\\src\\icons\\facebook.svg"
2025-12-26T15:51:45.975924Z  INFO scan_sources: tailwindcss_oxide::scanner: Discovering "C:\\Users\\stan\\Documents\\Code\\Web\\Astro\\static_portfolio\\src\\icons\\figma.svg"
2025-12-26T15:51:45.976118Z  INFO scan_sources: tailwindcss_oxide::scanner: Discovering "C:\\Users\\stan\\Documents\\Code\\Web\\Astro\\static_portfolio\\src\\icons\\firebase.svg"
2025-12-26T15:51:45.976328Z  INFO scan_sources: tailwindcss_oxide::scanner: Discovering "C:\\Users\\stan\\Documents\\Code\\Web\\Astro\\static_portfolio\\src\\icons\\gatsby.svg"
2025-12-26T15:51:45.976581Z  INFO scan_sources: tailwindcss_oxide::scanner: Discovering "C:\\Users\\stan\\Documents\\Code\\Web\\Astro\\static_portfolio\\src\\icons\\git.svg"
2025-12-26T15:51:45.976814Z  INFO scan_sources: tailwindcss_oxide::scanner: Discovering "C:\\Users\\stan\\Documents\\Code\\Web\\Astro\\static_portfolio\\src\\icons\\github-svg.svg"
2025-12-26T15:51:45.977039Z  INFO scan_sources: tailwindcss_oxide::scanner: Discovering "C:\\Users\\stan\\Documents\\Code\\Web\\Astro\\static_portfolio\\src\\icons\\github.svg"
2025-12-26T15:51:45.977209Z  INFO scan_sources: tailwindcss_oxide::scanner: Discovering "C:\\Users\\stan\\Documents\\Code\\Web\\Astro\\static_portfolio\\src\\icons\\GNU Emacs.svg"
2025-12-26T15:51:45.977404Z  INFO scan_sources: tailwindcss_oxide::scanner: Discovering "C:\\Users\\stan\\Documents\\Code\\Web\\Astro\\static_portfolio\\src\\icons\\html.svg"
2025-12-26T15:51:45.977563Z  INFO scan_sources: tailwindcss_oxide::scanner: Discovering "C:\\Users\\stan\\Documents\\Code\\Web\\Astro\\static_portfolio\\src\\icons\\icon-rocq-orange.svg"
2025-12-26T15:51:45.977717Z  INFO scan_sources: tailwindcss_oxide::scanner: Discovering "C:\\Users\\stan\\Documents\\Code\\Web\\Astro\\static_portfolio\\src\\icons\\info.svg"
2025-12-26T15:51:45.977873Z  INFO scan_sources: tailwindcss_oxide::scanner: Discovering "C:\\Users\\stan\\Documents\\Code\\Web\\Astro\\static_portfolio\\src\\icons\\instagram.svg"
2025-12-26T15:51:45.978068Z  INFO scan_sources: tailwindcss_oxide::scanner: Discovering "C:\\Users\\stan\\Documents\\Code\\Web\\Astro\\static_portfolio\\src\\icons\\javascript.svg"
2025-12-26T15:51:45.978262Z  INFO scan_sources: tailwindcss_oxide::scanner: Discovering "C:\\Users\\stan\\Documents\\Code\\Web\\Astro\\static_portfolio\\src\\icons\\LaTeX.svg"
2025-12-26T15:51:45.978469Z  INFO scan_sources: tailwindcss_oxide::scanner: Discovering "C:\\Users\\stan\\Documents\\Code\\Web\\Astro\\static_portfolio\\src\\icons\\linkedin.svg"
2025-12-26T15:51:45.978634Z  INFO scan_sources: tailwindcss_oxide::scanner: Discovering "C:\\Users\\stan\\Documents\\Code\\Web\\Astro\\static_portfolio\\src\\icons\\logo-rocq-vertical-orange.svg"
2025-12-26T15:51:45.978842Z  INFO scan_sources: tailwindcss_oxide::scanner: Discovering "C:\\Users\\stan\\Documents\\Code\\Web\\Astro\\static_portfolio\\src\\icons\\logo.svg"
2025-12-26T15:51:45.979094Z  INFO scan_sources: tailwindcss_oxide::scanner: Discovering "C:\\Users\\stan\\Documents\\Code\\Web\\Astro\\static_portfolio\\src\\icons\\Lua.svg"
2025-12-26T15:51:45.979321Z  INFO scan_sources: tailwindcss_oxide::scanner: Discovering "C:\\Users\\stan\\Documents\\Code\\Web\\Astro\\static_portfolio\\src\\icons\\markdown.svg"
2025-12-26T15:51:45.979503Z  INFO scan_sources: tailwindcss_oxide::scanner: Discovering "C:\\Users\\stan\\Documents\\Code\\Web\\Astro\\static_portfolio\\src\\icons\\MATLAB.svg"
2025-12-26T15:51:45.979729Z  INFO scan_sources: tailwindcss_oxide::scanner: Discovering "C:\\Users\\stan\\Documents\\Code\\Web\\Astro\\static_portfolio\\src\\icons\\md.svg"
2025-12-26T15:51:45.979973Z  INFO scan_sources: tailwindcss_oxide::scanner: Discovering "C:\\Users\\stan\\Documents\\Code\\Web\\Astro\\static_portfolio\\src\\icons\\mongo.svg"
2025-12-26T15:51:45.980218Z  INFO scan_sources: tailwindcss_oxide::scanner: Discovering "C:\\Users\\stan\\Documents\\Code\\Web\\Astro\\static_portfolio\\src\\icons\\moon.svg"
2025-12-26T15:51:45.980481Z  INFO scan_sources: tailwindcss_oxide::scanner: Discovering "C:\\Users\\stan\\Documents\\Code\\Web\\Astro\\static_portfolio\\src\\icons\\mysql.svg"
2025-12-26T15:51:45.980655Z  INFO scan_sources: tailwindcss_oxide::scanner: Discovering "C:\\Users\\stan\\Documents\\Code\\Web\\Astro\\static_portfolio\\src\\icons\\Neovim-mark.svg"
2025-12-26T15:51:45.980856Z  INFO scan_sources: tailwindcss_oxide::scanner: Discovering "C:\\Users\\stan\\Documents\\Code\\Web\\Astro\\static_portfolio\\src\\icons\\netlify.svg"
2025-12-26T15:51:45.981048Z  INFO scan_sources: tailwindcss_oxide::scanner: Discovering "C:\\Users\\stan\\Documents\\Code\\Web\\Astro\\static_portfolio\\src\\icons\\node.svg"
2025-12-26T15:51:45.981220Z  INFO scan_sources: tailwindcss_oxide::scanner: Discovering "C:\\Users\\stan\\Documents\\Code\\Web\\Astro\\static_portfolio\\src\\icons\\NumPy.svg"
2025-12-26T15:51:45.981420Z  INFO scan_sources: tailwindcss_oxide::scanner: Discovering "C:\\Users\\stan\\Documents\\Code\\Web\\Astro\\static_portfolio\\src\\icons\\Pandas.svg"
2025-12-26T15:51:45.981642Z  INFO scan_sources: tailwindcss_oxide::scanner: Discovering "C:\\Users\\stan\\Documents\\Code\\Web\\Astro\\static_portfolio\\src\\icons\\paperplane.svg"
2025-12-26T15:51:45.981823Z  INFO scan_sources: tailwindcss_oxide::scanner: Discovering "C:\\Users\\stan\\Documents\\Code\\Web\\Astro\\static_portfolio\\src\\icons\\person.svg"
2025-12-26T15:51:45.981982Z  INFO scan_sources: tailwindcss_oxide::scanner: Discovering "C:\\Users\\stan\\Documents\\Code\\Web\\Astro\\static_portfolio\\src\\icons\\php.svg"
2025-12-26T15:51:45.982135Z  INFO scan_sources: tailwindcss_oxide::scanner: Discovering "C:\\Users\\stan\\Documents\\Code\\Web\\Astro\\static_portfolio\\src\\icons\\Powershell.svg"
2025-12-26T15:51:45.982290Z  INFO scan_sources: tailwindcss_oxide::scanner: Discovering "C:\\Users\\stan\\Documents\\Code\\Web\\Astro\\static_portfolio\\src\\icons\\python.svg"
2025-12-26T15:51:45.982466Z  INFO scan_sources: tailwindcss_oxide::scanner: Discovering "C:\\Users\\stan\\Documents\\Code\\Web\\Astro\\static_portfolio\\src\\icons\\Python2.svg"
2025-12-26T15:51:45.982624Z  INFO scan_sources: tailwindcss_oxide::scanner: Discovering "C:\\Users\\stan\\Documents\\Code\\Web\\Astro\\static_portfolio\\src\\icons\\PyTorch.svg"
2025-12-26T15:51:45.982782Z  INFO scan_sources: tailwindcss_oxide::scanner: Discovering "C:\\Users\\stan\\Documents\\Code\\Web\\Astro\\static_portfolio\\src\\icons\\rocket.svg"
2025-12-26T15:51:45.982960Z  INFO scan_sources: tailwindcss_oxide::scanner: Discovering "C:\\Users\\stan\\Documents\\Code\\Web\\Astro\\static_portfolio\\src\\icons\\sass.svg"
2025-12-26T15:51:45.983153Z  INFO scan_sources: tailwindcss_oxide::scanner: Discovering "C:\\Users\\stan\\Documents\\Code\\Web\\Astro\\static_portfolio\\src\\icons\\sun.svg"
2025-12-26T15:51:45.983373Z  INFO scan_sources: tailwindcss_oxide::scanner: Discovering "C:\\Users\\stan\\Documents\\Code\\Web\\Astro\\static_portfolio\\src\\icons\\tailwind.svg"
2025-12-26T15:51:45.983554Z  INFO scan_sources: tailwindcss_oxide::scanner: Discovering "C:\\Users\\stan\\Documents\\Code\\Web\\Astro\\static_portfolio\\src\\icons\\twitter.svg"
2025-12-26T15:51:45.983772Z  INFO scan_sources: tailwindcss_oxide::scanner: Discovering "C:\\Users\\stan\\Documents\\Code\\Web\\Astro\\static_portfolio\\src\\icons\\typescript.svg"
2025-12-26T15:51:45.984023Z  INFO scan_sources: tailwindcss_oxide::scanner: Discovering "C:\\Users\\stan\\Documents\\Code\\Web\\Astro\\static_portfolio\\src\\icons\\Ubuntu.svg"
2025-12-26T15:51:45.984230Z  INFO scan_sources: tailwindcss_oxide::scanner: Discovering "C:\\Users\\stan\\Documents\\Code\\Web\\Astro\\static_portfolio\\src\\icons\\vercel.svg"
2025-12-26T15:51:45.984496Z  INFO scan_sources: tailwindcss_oxide::scanner: Discovering "C:\\Users\\stan\\Documents\\Code\\Web\\Astro\\static_portfolio\\src\\icons\\whatsapp.svg"
2025-12-26T15:51:45.984745Z  INFO scan_sources: tailwindcss_oxide::scanner: Discovering "C:\\Users\\stan\\Documents\\Code\\Web\\Astro\\static_portfolio\\src\\icons\\windsurf-logo.svg"
2025-12-26T15:51:45.985083Z  INFO scan_sources: tailwindcss_oxide::scanner: Discovering "C:\\Users\\stan\\Documents\\Code\\Web\\Astro\\static_portfolio\\src\\icons\\wordpress.svg"
2025-12-26T15:51:45.985380Z  INFO scan_sources: tailwindcss_oxide::scanner: Discovering "C:\\Users\\stan\\Documents\\Code\\Web\\Astro\\static_portfolio\\src\\icons\\xmark.svg"
2025-12-26T15:51:45.985649Z  INFO scan_sources: tailwindcss_oxide::scanner: Discovering "C:\\Users\\stan\\Documents\\Code\\Web\\Astro\\static_portfolio\\src\\icons\\youtube.svg"
2025-12-26T15:51:45.986207Z  INFO scan_sources: tailwindcss_oxide::scanner: Discovering "C:\\Users\\stan\\Documents\\Code\\Web\\Astro\\static_portfolio\\src\\layouts"
2025-12-26T15:51:45.986771Z  INFO scan_sources: tailwindcss_oxide::scanner: Discovering "C:\\Users\\stan\\Documents\\Code\\Web\\Astro\\static_portfolio\\src\\layouts\\Layout.astro"
2025-12-26T15:51:45.986990Z  INFO scan_sources: tailwindcss_oxide::scanner: Discovering "C:\\Users\\stan\\Documents\\Code\\Web\\Astro\\static_portfolio\\src\\layouts\\MarkdownAbout.astro"
2025-12-26T15:51:45.987214Z  INFO scan_sources: tailwindcss_oxide::scanner: Discovering "C:\\Users\\stan\\Documents\\Code\\Web\\Astro\\static_portfolio\\src\\layouts\\MarkdownPostLayout.astro"
2025-12-26T15:51:45.987441Z  INFO scan_sources: tailwindcss_oxide::scanner: Discovering "C:\\Users\\stan\\Documents\\Code\\Web\\Astro\\static_portfolio\\src\\layouts\\ProjectLayout.astro"
2025-12-26T15:51:45.988004Z  INFO scan_sources: tailwindcss_oxide::scanner: Discovering "C:\\Users\\stan\\Documents\\Code\\Web\\Astro\\static_portfolio\\src\\lib"
2025-12-26T15:51:45.988612Z  INFO scan_sources: tailwindcss_oxide::scanner: Discovering "C:\\Users\\stan\\Documents\\Code\\Web\\Astro\\static_portfolio\\src\\lib\\objutil.ts"
2025-12-26T15:51:45.988868Z  INFO scan_sources: tailwindcss_oxide::scanner: Discovering "C:\\Users\\stan\\Documents\\Code\\Web\\Astro\\static_portfolio\\src\\lib\\type-utils.ts"
2025-12-26T15:51:45.989193Z  INFO scan_sources: tailwindcss_oxide::scanner: Discovering "C:\\Users\\stan\\Documents\\Code\\Web\\Astro\\static_portfolio\\src\\lib\\utils.ts"
2025-12-26T15:51:45.989797Z  INFO scan_sources: tailwindcss_oxide::scanner: Discovering "C:\\Users\\stan\\Documents\\Code\\Web\\Astro\\static_portfolio\\src\\pages"
2025-12-26T15:51:45.990394Z  INFO scan_sources: tailwindcss_oxide::scanner: Discovering "C:\\Users\\stan\\Documents\\Code\\Web\\Astro\\static_portfolio\\src\\pages\\about-me.md"
2025-12-26T15:51:45.990864Z  INFO scan_sources: tailwindcss_oxide::scanner: Discovering "C:\\Users\\stan\\Documents\\Code\\Web\\Astro\\static_portfolio\\src\\pages\\blog"
2025-12-26T15:51:45.991410Z  INFO scan_sources: tailwindcss_oxide::scanner: Discovering "C:\\Users\\stan\\Documents\\Code\\Web\\Astro\\static_portfolio\\src\\pages\\blog\\index.astro"
2025-12-26T15:51:45.991845Z  INFO scan_sources: tailwindcss_oxide::scanner: Discovering "C:\\Users\\stan\\Documents\\Code\\Web\\Astro\\static_portfolio\\src\\pages\\blog\\posts"
2025-12-26T15:51:45.992419Z  INFO scan_sources: tailwindcss_oxide::scanner: Discovering "C:\\Users\\stan\\Documents\\Code\\Web\\Astro\\static_portfolio\\src\\pages\\blog\\posts\\how-to-create-an-animated-border-with-tailwind.md"
2025-12-26T15:51:45.992642Z  INFO scan_sources: tailwindcss_oxide::scanner: Discovering "C:\\Users\\stan\\Documents\\Code\\Web\\Astro\\static_portfolio\\src\\pages\\blog\\posts\\index.astro"
2025-12-26T15:51:45.992865Z  INFO scan_sources: tailwindcss_oxide::scanner: Discovering "C:\\Users\\stan\\Documents\\Code\\Web\\Astro\\static_portfolio\\src\\pages\\blog\\posts\\markdown-tutorial.md"
2025-12-26T15:51:45.993105Z  INFO scan_sources: tailwindcss_oxide::scanner: Discovering "C:\\Users\\stan\\Documents\\Code\\Web\\Astro\\static_portfolio\\src\\pages\\blog\\posts\\readme-neonmint.md"
2025-12-26T15:51:45.993884Z  INFO scan_sources: tailwindcss_oxide::scanner: Discovering "C:\\Users\\stan\\Documents\\Code\\Web\\Astro\\static_portfolio\\src\\pages\\blog\\tags"
2025-12-26T15:51:45.994602Z  INFO scan_sources: tailwindcss_oxide::scanner: Discovering "C:\\Users\\stan\\Documents\\Code\\Web\\Astro\\static_portfolio\\src\\pages\\blog\\tags\\index.astro"
2025-12-26T15:51:45.994883Z  INFO scan_sources: tailwindcss_oxide::scanner: Discovering "C:\\Users\\stan\\Documents\\Code\\Web\\Astro\\static_portfolio\\src\\pages\\blog\\tags\\[tag].astro"
2025-12-26T15:51:45.995391Z  INFO scan_sources: tailwindcss_oxide::scanner: Discovering "C:\\Users\\stan\\Documents\\Code\\Web\\Astro\\static_portfolio\\src\\pages\\blog\\techs"
2025-12-26T15:51:45.995900Z  INFO scan_sources: tailwindcss_oxide::scanner: Discovering "C:\\Users\\stan\\Documents\\Code\\Web\\Astro\\static_portfolio\\src\\pages\\blog\\techs\\index.astro"
2025-12-26T15:51:45.996151Z  INFO scan_sources: tailwindcss_oxide::scanner: Discovering "C:\\Users\\stan\\Documents\\Code\\Web\\Astro\\static_portfolio\\src\\pages\\blog\\techs\\[category].astro"
2025-12-26T15:51:45.996509Z  INFO scan_sources: tailwindcss_oxide::scanner: Discovering "C:\\Users\\stan\\Documents\\Code\\Web\\Astro\\static_portfolio\\src\\pages\\index.astro"
2025-12-26T15:51:45.996929Z  INFO scan_sources: tailwindcss_oxide::scanner: Discovering "C:\\Users\\stan\\Documents\\Code\\Web\\Astro\\static_portfolio\\src\\pages\\portfolio"
2025-12-26T15:51:45.997630Z  INFO scan_sources: tailwindcss_oxide::scanner: Discovering "C:\\Users\\stan\\Documents\\Code\\Web\\Astro\\static_portfolio\\src\\pages\\portfolio\\projects"
2025-12-26T15:51:45.998134Z  INFO scan_sources: tailwindcss_oxide::scanner: Discovering "C:\\Users\\stan\\Documents\\Code\\Web\\Astro\\static_portfolio\\src\\pages\\portfolio\\projects\\neonmint.md"
2025-12-26T15:51:45.998526Z  INFO scan_sources: tailwindcss_oxide::scanner: Discovering "C:\\Users\\stan\\Documents\\Code\\Web\\Astro\\static_portfolio\\src\\pages\\robots.txt.ts"
2025-12-26T15:51:45.998773Z  INFO scan_sources: tailwindcss_oxide::scanner: Discovering "C:\\Users\\stan\\Documents\\Code\\Web\\Astro\\static_portfolio\\src\\pages\\rss.xml.js"
2025-12-26T15:51:45.999001Z  INFO scan_sources: tailwindcss_oxide::scanner: Discovering "C:\\Users\\stan\\Documents\\Code\\Web\\Astro\\static_portfolio\\src\\pages\\scratch.astro"
2025-12-26T15:51:45.999226Z  INFO scan_sources: tailwindcss_oxide::scanner: Discovering "C:\\Users\\stan\\Documents\\Code\\Web\\Astro\\static_portfolio\\src\\pages\\scratch2.astro"
2025-12-26T15:51:45.999849Z  INFO scan_sources: tailwindcss_oxide::scanner: Discovering "C:\\Users\\stan\\Documents\\Code\\Web\\Astro\\static_portfolio\\src\\pages\\story"
2025-12-26T15:51:46.000812Z  INFO scan_sources: tailwindcss_oxide::scanner: Discovering "C:\\Users\\stan\\Documents\\Code\\Web\\Astro\\static_portfolio\\src\\pages\\story\\sections"
2025-12-26T15:51:46.001356Z  INFO scan_sources: tailwindcss_oxide::scanner: Discovering "C:\\Users\\stan\\Documents\\Code\\Web\\Astro\\static_portfolio\\src\\pages\\story\\sections\\section_three.mdx"
2025-12-26T15:51:46.001601Z  INFO scan_sources: tailwindcss_oxide::scanner: Discovering "C:\\Users\\stan\\Documents\\Code\\Web\\Astro\\static_portfolio\\src\\pages\\story\\sections\\section_two.mdx"
2025-12-26T15:51:46.002052Z  INFO scan_sources: tailwindcss_oxide::scanner: Discovering "C:\\Users\\stan\\Documents\\Code\\Web\\Astro\\static_portfolio\\src\\pages\\story\\sections\\test_section.mdx"
2025-12-26T15:51:46.002626Z  INFO scan_sources: tailwindcss_oxide::scanner: Discovering "C:\\Users\\stan\\Documents\\Code\\Web\\Astro\\static_portfolio\\src\\pages\\story\\sidebar"
2025-12-26T15:51:46.003211Z  INFO scan_sources: tailwindcss_oxide::scanner: Discovering "C:\\Users\\stan\\Documents\\Code\\Web\\Astro\\static_portfolio\\src\\pages\\story\\sidebar\\section_two.mdx"
2025-12-26T15:51:46.003542Z  INFO scan_sources: tailwindcss_oxide::scanner: Discovering "C:\\Users\\stan\\Documents\\Code\\Web\\Astro\\static_portfolio\\src\\pages\\story\\sidebar\\testFile.mdx"
2025-12-26T15:51:46.003905Z  INFO scan_sources: tailwindcss_oxide::scanner: Discovering "C:\\Users\\stan\\Documents\\Code\\Web\\Astro\\static_portfolio\\src\\pages\\story\\sidebar\\test_section.mdx"
2025-12-26T15:51:46.004696Z  INFO scan_sources: tailwindcss_oxide::scanner: Discovering "C:\\Users\\stan\\Documents\\Code\\Web\\Astro\\static_portfolio\\src\\scripts"
2025-12-26T15:51:46.005366Z  INFO scan_sources: tailwindcss_oxide::scanner: Discovering "C:\\Users\\stan\\Documents\\Code\\Web\\Astro\\static_portfolio\\src\\scripts\\menu.js"
2025-12-26T15:51:46.006025Z  INFO scan_sources: tailwindcss_oxide::scanner: Discovering "C:\\Users\\stan\\Documents\\Code\\Web\\Astro\\static_portfolio\\src\\styles"
2025-12-26T15:51:46.006612Z  INFO scan_sources: tailwindcss_oxide::scanner: Discovering "C:\\Users\\stan\\Documents\\Code\\Web\\Astro\\static_portfolio\\src\\styles\\carousel.css"
2025-12-26T15:51:46.006897Z  INFO scan_sources: tailwindcss_oxide::scanner: Discovering "C:\\Users\\stan\\Documents\\Code\\Web\\Astro\\static_portfolio\\src\\styles\\details.css"
2025-12-26T15:51:46.007131Z  INFO scan_sources: tailwindcss_oxide::scanner: Discovering "C:\\Users\\stan\\Documents\\Code\\Web\\Astro\\static_portfolio\\src\\styles\\global.css"
2025-12-26T15:51:46.007350Z  INFO scan_sources: tailwindcss_oxide::scanner: Discovering "C:\\Users\\stan\\Documents\\Code\\Web\\Astro\\static_portfolio\\src\\styles\\projects.css"
2025-12-26T15:51:46.007563Z  INFO scan_sources: tailwindcss_oxide::scanner: Discovering "C:\\Users\\stan\\Documents\\Code\\Web\\Astro\\static_portfolio\\src\\styles\\scratch2.css"
2025-12-26T15:51:46.007974Z  INFO scan_sources: tailwindcss_oxide::scanner: Discovering "C:\\Users\\stan\\Documents\\Code\\Web\\Astro\\static_portfolio\\src\\styles\\starry-night"
2025-12-26T15:51:46.008607Z  INFO scan_sources: tailwindcss_oxide::scanner: Discovering "C:\\Users\\stan\\Documents\\Code\\Web\\Astro\\static_portfolio\\src\\styles\\starry-night\\both.css"
2025-12-26T15:51:46.008856Z  INFO scan_sources: tailwindcss_oxide::scanner: Discovering "C:\\Users\\stan\\Documents\\Code\\Web\\Astro\\static_portfolio\\src\\styles\\starry-night\\colorblind-dark.css"
2025-12-26T15:51:46.009094Z  INFO scan_sources: tailwindcss_oxide::scanner: Discovering "C:\\Users\\stan\\Documents\\Code\\Web\\Astro\\static_portfolio\\src\\styles\\starry-night\\colorblind-light.css"
2025-12-26T15:51:46.009333Z  INFO scan_sources: tailwindcss_oxide::scanner: Discovering "C:\\Users\\stan\\Documents\\Code\\Web\\Astro\\static_portfolio\\src\\styles\\starry-night\\colorblind.css"
2025-12-26T15:51:46.009564Z  INFO scan_sources: tailwindcss_oxide::scanner: Discovering "C:\\Users\\stan\\Documents\\Code\\Web\\Astro\\static_portfolio\\src\\styles\\starry-night\\core.css"
2025-12-26T15:51:46.009809Z  INFO scan_sources: tailwindcss_oxide::scanner: Discovering "C:\\Users\\stan\\Documents\\Code\\Web\\Astro\\static_portfolio\\src\\styles\\starry-night\\dark.css"
2025-12-26T15:51:46.010035Z  INFO scan_sources: tailwindcss_oxide::scanner: Discovering "C:\\Users\\stan\\Documents\\Code\\Web\\Astro\\static_portfolio\\src\\styles\\starry-night\\default-dark.css"
2025-12-26T15:51:46.010261Z  INFO scan_sources: tailwindcss_oxide::scanner: Discovering "C:\\Users\\stan\\Documents\\Code\\Web\\Astro\\static_portfolio\\src\\styles\\starry-night\\default-light.css"
2025-12-26T15:51:46.010508Z  INFO scan_sources: tailwindcss_oxide::scanner: Discovering "C:\\Users\\stan\\Documents\\Code\\Web\\Astro\\static_portfolio\\src\\styles\\starry-night\\dimmed-dark.css"
2025-12-26T15:51:46.010737Z  INFO scan_sources: tailwindcss_oxide::scanner: Discovering "C:\\Users\\stan\\Documents\\Code\\Web\\Astro\\static_portfolio\\src\\styles\\starry-night\\dimmed.css"
2025-12-26T15:51:46.010972Z  INFO scan_sources: tailwindcss_oxide::scanner: Discovering "C:\\Users\\stan\\Documents\\Code\\Web\\Astro\\static_portfolio\\src\\styles\\starry-night\\high-contrast-dark.css"
2025-12-26T15:51:46.011208Z  INFO scan_sources: tailwindcss_oxide::scanner: Discovering "C:\\Users\\stan\\Documents\\Code\\Web\\Astro\\static_portfolio\\src\\styles\\starry-night\\high-contrast-light.css"
2025-12-26T15:51:46.011440Z  INFO scan_sources: tailwindcss_oxide::scanner: Discovering "C:\\Users\\stan\\Documents\\Code\\Web\\Astro\\static_portfolio\\src\\styles\\starry-night\\high-contrast.css"
2025-12-26T15:51:46.011669Z  INFO scan_sources: tailwindcss_oxide::scanner: Discovering "C:\\Users\\stan\\Documents\\Code\\Web\\Astro\\static_portfolio\\src\\styles\\starry-night\\light.css"
2025-12-26T15:51:46.011909Z  INFO scan_sources: tailwindcss_oxide::scanner: Discovering "C:\\Users\\stan\\Documents\\Code\\Web\\Astro\\static_portfolio\\src\\styles\\starry-night\\tritanopia-dark.css"
2025-12-26T15:51:46.012143Z  INFO scan_sources: tailwindcss_oxide::scanner: Discovering "C:\\Users\\stan\\Documents\\Code\\Web\\Astro\\static_portfolio\\src\\styles\\starry-night\\tritanopia-light.css"
2025-12-26T15:51:46.012585Z  INFO scan_sources: tailwindcss_oxide::scanner: Discovering "C:\\Users\\stan\\Documents\\Code\\Web\\Astro\\static_portfolio\\src\\styles\\starry-night\\tritanopia.css"
2025-12-26T15:51:46.013856Z  INFO scan_sources: tailwindcss_oxide::scanner: Discovering "C:\\Users\\stan\\Documents\\Code\\Web\\Astro\\static_portfolio\\src\\styles\\starry-night-tailwind.css"
2025-12-26T15:51:46.014650Z  INFO scan_sources: tailwindcss_oxide::scanner: Discovering "C:\\Users\\stan\\Documents\\Code\\Web\\Astro\\static_portfolio\\src\\styles\\story.css"
2025-12-26T15:51:46.015288Z  INFO scan_sources: tailwindcss_oxide::scanner: Discovering "C:\\Users\\stan\\Documents\\Code\\Web\\Astro\\static_portfolio\\src\\types"
2025-12-26T15:51:46.015903Z  INFO scan_sources: tailwindcss_oxide::scanner: Discovering "C:\\Users\\stan\\Documents\\Code\\Web\\Astro\\static_portfolio\\src\\types\\gsap-react.d.ts"
2025-12-26T15:51:46.016167Z  INFO scan_sources: tailwindcss_oxide::scanner: Discovering "C:\\Users\\stan\\Documents\\Code\\Web\\Astro\\static_portfolio\\src\\types\\mdx.d.ts"
2025-12-26T15:51:46.016475Z  INFO scan_sources: tailwindcss_oxide::scanner: Discovering "C:\\Users\\stan\\Documents\\Code\\Web\\Astro\\static_portfolio\\src\\types.d.ts"
2025-12-26T15:51:46.016867Z  INFO scan_sources: tailwindcss_oxide::scanner: Discovering "C:\\Users\\stan\\Documents\\Code\\Web\\Astro\\static_portfolio\\src\\utils"
2025-12-26T15:51:46.017512Z  INFO scan_sources: tailwindcss_oxide::scanner: Discovering "C:\\Users\\stan\\Documents\\Code\\Web\\Astro\\static_portfolio\\src\\utils\\languages.ts"
2025-12-26T15:51:46.017790Z  INFO scan_sources: tailwindcss_oxide::scanner: Discovering "C:\\Users\\stan\\Documents\\Code\\Web\\Astro\\static_portfolio\\src\\utils\\textloader.ts"
2025-12-26T15:51:46.018105Z  INFO scan_sources: tailwindcss_oxide::scanner: Discovering "C:\\Users\\stan\\Documents\\Code\\Web\\Astro\\static_portfolio\\stateFlow.txt"
2025-12-26T15:51:46.018306Z  INFO scan_sources: tailwindcss_oxide::scanner: Discovering "C:\\Users\\stan\\Documents\\Code\\Web\\Astro\\static_portfolio\\static_portfolio.code-workspace"
2025-12-26T15:51:46.018534Z  INFO scan_sources: tailwindcss_oxide::scanner: Discovering "C:\\Users\\stan\\Documents\\Code\\Web\\Astro\\static_portfolio\\todo.md"
2025-12-26T15:51:46.018703Z  INFO scan_sources: tailwindcss_oxide::scanner: Discovering "C:\\Users\\stan\\Documents\\Code\\Web\\Astro\\static_portfolio\\tsconfig.json"
2025-12-26T15:51:46.018895Z  INFO scan_sources: tailwindcss_oxide::scanner: Discovering "C:\\Users\\stan\\Documents\\Code\\Web\\Astro\\static_portfolio\\_tailwind.config.cjs"
2025-12-26T15:51:46.019188Z  INFO scan_sources: tailwindcss_oxide::scanner: exit
2025-12-26T15:51:46.019218Z  INFO extract_candidates: tailwindcss_oxide::scanner: enter
2025-12-26T15:51:46.019279Z  INFO extract_candidates:read_all_files: tailwindcss_oxide::scanner: enter
2025-12-26T15:51:46.019302Z  INFO extract_candidates:read_all_files: tailwindcss_oxide::scanner: Reading 446 file(s)
2025-12-26T15:51:46.020300Z  INFO tailwindcss_oxide::scanner: Reading "C:\\Users\\stan\\Documents\\Code\\Web\\Astro\\static_portfolio\\.codetogether.ignore"
2025-12-26T15:51:46.020348Z  INFO tailwindcss_oxide::scanner: Reading "C:\\Users\\stan\\Documents\\Code\\Web\\Astro\\static_portfolio\\src\\components\\ui\\dropdown-menu.tsx"
2025-12-26T15:51:46.020519Z  INFO tailwindcss_oxide::scanner: Reading "C:\\Users\\stan\\Documents\\Code\\Web\\Astro\\static_portfolio\\.gitattributes"
2025-12-26T15:51:46.020549Z  INFO tailwindcss_oxide::scanner: Reading "C:\\Users\\stan\\Documents\\Code\\Web\\Astro\\static_portfolio\\src\\components\\ui\\empty.tsx"
2025-12-26T15:51:46.020794Z  INFO tailwindcss_oxide::scanner: Reading "C:\\Users\\stan\\Documents\\Code\\Web\\Astro\\static_portfolio\\src\\components\\ui\\Heading.astro"
2025-12-26T15:51:46.020976Z  INFO tailwindcss_oxide::scanner: Reading "C:\\Users\\stan\\Documents\\Code\\Web\\Astro\\static_portfolio\\src\\components\\ui\\hover-card.tsx"
2025-12-26T15:51:46.021613Z  INFO tailwindcss_oxide::scanner: Reading "C:\\Users\\stan\\Documents\\Code\\Web\\Astro\\static_portfolio\\src\\components\\ui\\Icon.astro"
2025-12-26T15:51:46.021777Z  INFO tailwindcss_oxide::scanner: Reading "C:\\Users\\stan\\Documents\\Code\\Web\\Astro\\static_portfolio\\.gitconfig"
2025-12-26T15:51:46.021831Z  INFO tailwindcss_oxide::scanner: Reading "C:\\Users\\stan\\Documents\\Code\\Web\\Astro\\static_portfolio\\src\\components\\ui\\input-group.tsx"
2025-12-26T15:51:46.022029Z  INFO tailwindcss_oxide::scanner: Reading "C:\\Users\\stan\\Documents\\Code\\Web\\Astro\\static_portfolio\\.github\\FUNDING.yml"
2025-12-26T15:51:46.022062Z  INFO tailwindcss_oxide::scanner: Reading "C:\\Users\\stan\\Documents\\Code\\Web\\Astro\\static_portfolio\\src\\components\\ui\\input.tsx"
2025-12-26T15:51:46.022261Z  INFO tailwindcss_oxide::scanner: Reading "C:\\Users\\stan\\Documents\\Code\\Web\\Astro\\static_portfolio\\src\\components\\ui\\item.tsx"
2025-12-26T15:51:46.022380Z  INFO tailwindcss_oxide::scanner: Reading "C:\\Users\\stan\\Documents\\Code\\Web\\Astro\\static_portfolio\\.github\\pull_request_template.md"
2025-12-26T15:51:46.022443Z  INFO tailwindcss_oxide::scanner: Reading "C:\\Users\\stan\\Documents\\Code\\Web\\Astro\\static_portfolio\\src\\components\\ui\\kbd.tsx"
2025-12-26T15:51:46.022622Z  INFO tailwindcss_oxide::scanner: Reading "C:\\Users\\stan\\Documents\\Code\\Web\\Astro\\static_portfolio\\src\\components\\ui\\label.tsx"
2025-12-26T15:51:46.022811Z  INFO tailwindcss_oxide::scanner: Reading "C:\\Users\\stan\\Documents\\Code\\Web\\Astro\\static_portfolio\\src\\components\\ui\\menubar.tsx"
2025-12-26T15:51:46.022838Z  INFO tailwindcss_oxide::scanner: Reading "C:\\Users\\stan\\Documents\\Code\\Web\\Astro\\static_portfolio\\src\\components\\projects\\details\\useProject.ts"
2025-12-26T15:51:46.022885Z  INFO tailwindcss_oxide::scanner: Reading "C:\\Users\\stan\\Documents\\Code\\Web\\Astro\\static_portfolio\\.github\\workflows\\astro.yml"
2025-12-26T15:51:46.023009Z  INFO tailwindcss_oxide::scanner: Reading "C:\\Users\\stan\\Documents\\Code\\Web\\Astro\\static_portfolio\\src\\components\\ui\\navigation-menu.tsx"
2025-12-26T15:51:46.023089Z  INFO tailwindcss_oxide::scanner: Reading "C:\\Users\\stan\\Documents\\Code\\Web\\Astro\\static_portfolio\\src\\components\\projects\\filtering\\common\\browserContext.tsx"
2025-12-26T15:51:46.023227Z  INFO tailwindcss_oxide::scanner: Reading "C:\\Users\\stan\\Documents\\Code\\Web\\Astro\\static_portfolio\\src\\components\\ui\\popover.tsx"
2025-12-26T15:51:46.023306Z  INFO tailwindcss_oxide::scanner: Reading "C:\\Users\\stan\\Documents\\Code\\Web\\Astro\\static_portfolio\\src\\components\\projects\\filtering\\common\\filterContext.tsx"
2025-12-26T15:51:46.023515Z  INFO tailwindcss_oxide::scanner: Reading "C:\\Users\\stan\\Documents\\Code\\Web\\Astro\\static_portfolio\\src\\components\\projects\\filtering\\common\\filterTypes.ts"
2025-12-26T15:51:46.023524Z  INFO tailwindcss_oxide::scanner: Reading "C:\\Users\\stan\\Documents\\Code\\Web\\Astro\\static_portfolio\\src\\components\\ui\\ReadMore.astro"
2025-12-26T15:51:46.023667Z  INFO tailwindcss_oxide::scanner: Reading "C:\\Users\\stan\\Documents\\Code\\Web\\Astro\\static_portfolio\\.hintrc"
2025-12-26T15:51:46.023707Z  INFO tailwindcss_oxide::scanner: Reading "C:\\Users\\stan\\Documents\\Code\\Web\\Astro\\static_portfolio\\src\\hooks\\useThrottledDebounce.ts"
2025-12-26T15:51:46.023739Z  INFO tailwindcss_oxide::scanner: Reading "C:\\Users\\stan\\Documents\\Code\\Web\\Astro\\static_portfolio\\src\\components\\projects\\filtering\\common\\ResetButton.tsx"
2025-12-26T15:51:46.023936Z  INFO tailwindcss_oxide::scanner: Reading "C:\\Users\\stan\\Documents\\Code\\Web\\Astro\\static_portfolio\\src\\hooks\\useValueChanged.tsx"
2025-12-26T15:51:46.023996Z  INFO tailwindcss_oxide::scanner: Reading "C:\\Users\\stan\\Documents\\Code\\Web\\Astro\\static_portfolio\\src\\components\\projects\\filtering\\common\\stores\\browserStore.ts"
2025-12-26T15:51:46.024141Z  INFO tailwindcss_oxide::scanner: Reading "C:\\Users\\stan\\Documents\\Code\\Web\\Astro\\static_portfolio\\src\\hooks\\useWindowSize.ts"
2025-12-26T15:51:46.024257Z  INFO tailwindcss_oxide::scanner: Reading "C:\\Users\\stan\\Documents\\Code\\Web\\Astro\\static_portfolio\\src\\components\\projects\\filtering\\common\\stores\\countStore.ts"
2025-12-26T15:51:46.024398Z  INFO tailwindcss_oxide::scanner: Reading "C:\\Users\\stan\\Documents\\Code\\Web\\Astro\\static_portfolio\\src\\icons\\AArch64.svg"
2025-12-26T15:51:46.024483Z  INFO tailwindcss_oxide::scanner: Reading "C:\\Users\\stan\\Documents\\Code\\Web\\Astro\\static_portfolio\\src\\components\\projects\\filtering\\common\\stores\\countStoreContext.tsx"
2025-12-26T15:51:46.024505Z  INFO tailwindcss_oxide::scanner: Reading "C:\\Users\\stan\\Documents\\Code\\Web\\Astro\\static_portfolio\\public\\images\\story\\backdrop\\circuit-ground.svg"
2025-12-26T15:51:46.024638Z  INFO tailwindcss_oxide::scanner: Reading "C:\\Users\\stan\\Documents\\Code\\Web\\Astro\\static_portfolio\\src\\icons\\angular.svg"
2025-12-26T15:51:46.024680Z  INFO tailwindcss_oxide::scanner: Reading "C:\\Users\\stan\\Documents\\Code\\Web\\Astro\\static_portfolio\\src\\components\\projects\\filtering\\common\\stores\\derived.ts"
2025-12-26T15:51:46.024794Z  INFO tailwindcss_oxide::scanner: Reading "C:\\Users\\stan\\Documents\\Code\\Web\\Astro\\static_portfolio\\public\\images\\story\\backdrop\\circuit-inductor.svg"
2025-12-26T15:51:46.024891Z  INFO tailwindcss_oxide::scanner: Reading "C:\\Users\\stan\\Documents\\Code\\Web\\Astro\\static_portfolio\\src\\components\\projects\\filtering\\common\\stores\\filterFormStore.ts"
2025-12-26T15:51:46.024900Z  INFO tailwindcss_oxide::scanner: Reading "C:\\Users\\stan\\Documents\\Code\\Web\\Astro\\static_portfolio\\src\\icons\\arrow-left.svg"
2025-12-26T15:51:46.024926Z  INFO tailwindcss_oxide::scanner: Reading "C:\\Users\\stan\\Documents\\Code\\Web\\Astro\\static_portfolio\\src\\components\\portfolio\\HeroIndex.astro"
2025-12-26T15:51:46.025048Z  INFO tailwindcss_oxide::scanner: Reading "C:\\Users\\stan\\Documents\\Code\\Web\\Astro\\static_portfolio\\public\\images\\story\\backdrop\\circuit-resistor.svg"
2025-12-26T15:51:46.025057Z  INFO tailwindcss_oxide::scanner: Reading "C:\\Users\\stan\\Documents\\Code\\Web\\Astro\\static_portfolio\\.postcssrc.json"
2025-12-26T15:51:46.025279Z  INFO tailwindcss_oxide::scanner: Reading "C:\\Users\\stan\\Documents\\Code\\Web\\Astro\\static_portfolio\\public\\images\\story\\backdrop\\git-branch.svg"
2025-12-26T15:51:46.025053Z  INFO tailwindcss_oxide::scanner: Reading "C:\\Users\\stan\\Documents\\Code\\Web\\Astro\\static_portfolio\\src\\components\\projects\\ProjectBrowser.astro"
2025-12-26T15:51:46.025491Z  INFO tailwindcss_oxide::scanner: Reading "C:\\Users\\stan\\Documents\\Code\\Web\\Astro\\static_portfolio\\src\\content\\projects\\pubmed-search.mdx"
2025-12-26T15:51:46.025508Z  INFO tailwindcss_oxide::scanner: Reading "C:\\Users\\stan\\Documents\\Code\\Web\\Astro\\static_portfolio\\public\\images\\story\\backdrop\\matrix.svg"
2025-12-26T15:51:46.025599Z  INFO tailwindcss_oxide::scanner: Reading "C:\\Users\\stan\\Documents\\Code\\Web\\Astro\\static_portfolio\\src\\components\\projects\\ProjectBrowserEmpty.tsx"
2025-12-26T15:51:46.025622Z  INFO tailwindcss_oxide::scanner: Reading "C:\\Users\\stan\\Documents\\Code\\Web\\Astro\\static_portfolio\\src\\components\\ui\\resizable.tsx"
2025-12-26T15:51:46.025720Z  INFO tailwindcss_oxide::scanner: Reading "C:\\Users\\stan\\Documents\\Code\\Web\\Astro\\static_portfolio\\.prettierrc"
2025-12-26T15:51:46.025745Z  INFO tailwindcss_oxide::scanner: Reading "C:\\Users\\stan\\Documents\\Code\\Web\\Astro\\static_portfolio\\public\\images\\story\\backdrop\\microchip.svg"
2025-12-26T15:51:46.025763Z  INFO tailwindcss_oxide::scanner: Reading "C:\\Users\\stan\\Documents\\Code\\Web\\Astro\\static_portfolio\\src\\content\\projects\\rocq-modal.mdx"
2025-12-26T15:51:46.025859Z  INFO tailwindcss_oxide::scanner: Reading "C:\\Users\\stan\\Documents\\Code\\Web\\Astro\\static_portfolio\\src\\components\\projects\\ProjectBrowserInner.astro"
2025-12-26T15:51:46.025138Z  INFO tailwindcss_oxide::scanner: Reading "C:\\Users\\stan\\Documents\\Code\\Web\\Astro\\static_portfolio\\src\\icons\\astro.svg"
2025-12-26T15:51:46.025983Z  INFO tailwindcss_oxide::scanner: Reading "C:\\Users\\stan\\Documents\\Code\\Web\\Astro\\static_portfolio\\public\\images\\story\\backdrop\\music-1.svg"
2025-12-26T15:51:46.025196Z  INFO tailwindcss_oxide::scanner: Reading "C:\\Users\\stan\\Documents\\Code\\Web\\Astro\\static_portfolio\\src\\components\\portfolio\\Hobbies.astro"
2025-12-26T15:51:46.025970Z  INFO tailwindcss_oxide::scanner: Reading "C:\\Users\\stan\\Documents\\Code\\Web\\Astro\\static_portfolio\\src\\components\\ui\\scroll-area.tsx"
2025-12-26T15:51:46.026059Z  INFO tailwindcss_oxide::scanner: Reading "C:\\Users\\stan\\Documents\\Code\\Web\\Astro\\static_portfolio\\src\\content\\projects\\senior-design.mdx"
2025-12-26T15:51:46.026082Z  INFO tailwindcss_oxide::scanner: Reading "C:\\Users\\stan\\Documents\\Code\\Web\\Astro\\static_portfolio\\src\\components\\projects\\ProjectBrowserReact.tsx"
2025-12-26T15:51:46.026214Z  INFO tailwindcss_oxide::scanner: Reading "C:\\Users\\stan\\Documents\\Code\\Web\\Astro\\static_portfolio\\public\\images\\story\\backdrop\\music.svg"
2025-12-26T15:51:46.026236Z  INFO tailwindcss_oxide::scanner: Reading "C:\\Users\\stan\\Documents\\Code\\Web\\Astro\\static_portfolio\\src\\components\\ui\\select.tsx"
2025-12-26T15:51:46.026254Z  INFO tailwindcss_oxide::scanner: Reading "C:\\Users\\stan\\Documents\\Code\\Web\\Astro\\static_portfolio\\src\\components\\portfolio\\Hobby.astro"
2025-12-26T15:51:46.026370Z  INFO tailwindcss_oxide::scanner: Reading "C:\\Users\\stan\\Documents\\Code\\Web\\Astro\\static_portfolio\\src\\content\\projects\\swipl-recursion.mdx"
2025-12-26T15:51:46.026439Z  INFO tailwindcss_oxide::scanner: Reading "C:\\Users\\stan\\Documents\\Code\\Web\\Astro\\static_portfolio\\src\\components\\ui\\separator.tsx"
2025-12-26T15:51:46.026452Z  INFO tailwindcss_oxide::scanner: Reading "C:\\Users\\stan\\Documents\\Code\\Web\\Astro\\static_portfolio\\public\\images\\story\\backdrop\\school.svg"
2025-12-26T15:51:46.026519Z  INFO tailwindcss_oxide::scanner: Reading "C:\\Users\\stan\\Documents\\Code\\Web\\Astro\\static_portfolio\\src\\components\\portfolio\\ListProjects.astro"
2025-12-26T15:51:46.026687Z  INFO tailwindcss_oxide::scanner: Reading "C:\\Users\\stan\\Documents\\Code\\Web\\Astro\\static_portfolio\\public\\images\\story\\backdrop\\topology-star-ring-3.svg"
2025-12-26T15:51:46.026701Z  INFO tailwindcss_oxide::scanner: Reading "C:\\Users\\stan\\Documents\\Code\\Web\\Astro\\static_portfolio\\src\\content\\projects\\testproj.mdx"
2025-12-26T15:51:46.026718Z  INFO tailwindcss_oxide::scanner: Reading "C:\\Users\\stan\\Documents\\Code\\Web\\Astro\\static_portfolio\\src\\components\\ui\\Share.astro"
2025-12-26T15:51:46.026760Z  INFO tailwindcss_oxide::scanner: Reading "C:\\Users\\stan\\Documents\\Code\\Web\\Astro\\static_portfolio\\src\\components\\portfolio\\Project.astro"
2025-12-26T15:51:46.026822Z  INFO tailwindcss_oxide::scanner: Reading "C:\\Users\\stan\\Documents\\Code\\Web\\Astro\\static_portfolio\\src\\components\\projects\\scrolling.tsx"
2025-12-26T15:51:46.026930Z  INFO tailwindcss_oxide::scanner: Reading "C:\\Users\\stan\\Documents\\Code\\Web\\Astro\\static_portfolio\\src\\components\\ui\\sheet.tsx"
2025-12-26T15:51:46.026942Z  INFO tailwindcss_oxide::scanner: Reading "C:\\Users\\stan\\Documents\\Code\\Web\\Astro\\static_portfolio\\src\\content\\projects\\testproj2.mdx"
2025-12-26T15:51:46.026994Z  INFO tailwindcss_oxide::scanner: Reading "C:\\Users\\stan\\Documents\\Code\\Web\\Astro\\static_portfolio\\src\\icons\\bars.svg"
2025-12-26T15:51:46.027070Z  INFO tailwindcss_oxide::scanner: Reading "C:\\Users\\stan\\Documents\\Code\\Web\\Astro\\static_portfolio\\src\\components\\projects\\StickyDiv.tsx"
2025-12-26T15:51:46.027138Z  INFO tailwindcss_oxide::scanner: Reading "C:\\Users\\stan\\Documents\\Code\\Web\\Astro\\static_portfolio\\src\\components\\ui\\sidebar.tsx"
2025-12-26T15:51:46.027145Z  INFO tailwindcss_oxide::scanner: Reading "C:\\Users\\stan\\Documents\\Code\\Web\\Astro\\static_portfolio\\public\\site.webmanifest"
2025-12-26T15:51:46.027186Z  INFO tailwindcss_oxide::scanner: Reading "C:\\Users\\stan\\Documents\\Code\\Web\\Astro\\static_portfolio\\src\\content\\projects\\testproj3.mdx"
2025-12-26T15:51:46.026998Z  INFO tailwindcss_oxide::scanner: Reading "C:\\Users\\stan\\Documents\\Code\\Web\\Astro\\static_portfolio\\src\\components\\portfolio\\Tools.astro"
2025-12-26T15:51:46.027285Z  INFO tailwindcss_oxide::scanner: Reading "C:\\Users\\stan\\Documents\\Code\\Web\\Astro\\static_portfolio\\src\\icons\\Bash.svg"
2025-12-26T15:51:46.027360Z  INFO tailwindcss_oxide::scanner: Reading "C:\\Users\\stan\\Documents\\Code\\Web\\Astro\\static_portfolio\\src\\components\\ui\\skeleton.tsx"
2025-12-26T15:51:46.027420Z  INFO tailwindcss_oxide::scanner: Reading "C:\\Users\\stan\\Documents\\Code\\Web\\Astro\\static_portfolio\\src\\content\\projects\\testproj4.mdx"
2025-12-26T15:51:46.027545Z  INFO tailwindcss_oxide::scanner: Reading "C:\\Users\\stan\\Documents\\Code\\Web\\Astro\\static_portfolio\\src\\components\\ui\\slider.tsx"
2025-12-26T15:51:46.027289Z  INFO tailwindcss_oxide::scanner: Reading "C:\\Users\\stan\\Documents\\Code\\Web\\Astro\\static_portfolio\\src\\components\\projects\\SuspenseTest.tsx"
2025-12-26T15:51:46.027761Z  INFO tailwindcss_oxide::scanner: Reading "C:\\Users\\stan\\Documents\\Code\\Web\\Astro\\static_portfolio\\src\\components\\ui\\Social.astro"
2025-12-26T15:51:46.027799Z  INFO tailwindcss_oxide::scanner: Reading "C:\\Users\\stan\\Documents\\Code\\Web\\Astro\\static_portfolio\\README.md"
2025-12-26T15:51:46.027843Z  INFO tailwindcss_oxide::scanner: Reading "C:\\Users\\stan\\Documents\\Code\\Web\\Astro\\static_portfolio\\.remarkrc.js"
2025-12-26T15:51:46.027950Z  INFO tailwindcss_oxide::scanner: Reading "C:\\Users\\stan\\Documents\\Code\\Web\\Astro\\static_portfolio\\src\\components\\projects\\CaptionedLightbox.tsx"
2025-12-26T15:51:46.028028Z  INFO tailwindcss_oxide::scanner: Reading "C:\\Users\\stan\\Documents\\Code\\Web\\Astro\\static_portfolio\\src\\components\\ui\\sonner.tsx"
2025-12-26T15:51:46.028115Z  INFO tailwindcss_oxide::scanner: Reading "C:\\Users\\stan\\Documents\\Code\\Web\\Astro\\static_portfolio\\src\\components\\blog\\BlogPost.astro"
2025-12-26T15:51:46.028107Z  INFO tailwindcss_oxide::scanner: Reading "C:\\Users\\stan\\Documents\\Code\\Web\\Astro\\static_portfolio\\src\\components\\projects\\filtering\\common\\stores\\filterFormStoreContext.ts"
2025-12-26T15:51:46.028185Z  INFO tailwindcss_oxide::scanner: Reading "C:\\Users\\stan\\Documents\\Code\\Web\\Astro\\static_portfolio\\src\\icons\\bitwarden.svg"
2025-12-26T15:51:46.028198Z  INFO tailwindcss_oxide::scanner: Reading "C:\\Users\\stan\\Documents\\Code\\Web\\Astro\\static_portfolio\\astro.config.mjs"
2025-12-26T15:51:46.028247Z  INFO tailwindcss_oxide::scanner: Reading "C:\\Users\\stan\\Documents\\Code\\Web\\Astro\\static_portfolio\\src\\components\\ui\\spinner.tsx"
2025-12-26T15:51:46.028293Z  INFO tailwindcss_oxide::scanner: Reading "C:\\Users\\stan\\Documents\\Code\\Web\\Astro\\static_portfolio\\src\\content\\projects\\typst-coverletter.mdx"
2025-12-26T15:51:46.028336Z  INFO tailwindcss_oxide::scanner: Reading "C:\\Users\\stan\\Documents\\Code\\Web\\Astro\\static_portfolio\\src\\components\\blog\\DatePub.astro"
2025-12-26T15:51:46.028424Z  INFO tailwindcss_oxide::scanner: Reading "C:\\Users\\stan\\Documents\\Code\\Web\\Astro\\static_portfolio\\src\\components\\projects\\CaptionedLightboxProvider.tsx"
2025-12-26T15:51:46.028457Z  INFO tailwindcss_oxide::scanner: Reading "C:\\Users\\stan\\Documents\\Code\\Web\\Astro\\static_portfolio\\src\\components\\ui\\switch.tsx"
2025-12-26T15:51:46.028462Z  INFO tailwindcss_oxide::scanner: Reading "C:\\Users\\stan\\Documents\\Code\\Web\\Astro\\static_portfolio\\components.json"
2025-12-26T15:51:46.028576Z  INFO tailwindcss_oxide::scanner: Reading "C:\\Users\\stan\\Documents\\Code\\Web\\Astro\\static_portfolio\\src\\components\\blog\\Hero.astro"
2025-12-26T15:51:46.028705Z  INFO tailwindcss_oxide::scanner: Reading "C:\\Users\\stan\\Documents\\Code\\Web\\Astro\\static_portfolio\\src\\components\\ui\\tabs.tsx"
2025-12-26T15:51:46.028749Z  INFO tailwindcss_oxide::scanner: Reading "C:\\Users\\stan\\Documents\\Code\\Web\\Astro\\static_portfolio\\dev\\components\\Lorem.astro"
2025-12-26T15:51:46.028822Z  INFO tailwindcss_oxide::scanner: Reading "C:\\Users\\stan\\Documents\\Code\\Web\\Astro\\static_portfolio\\src\\components\\blog\\Languages.astro"
2025-12-26T15:51:46.028822Z  INFO tailwindcss_oxide::scanner: Reading "C:\\Users\\stan\\Documents\\Code\\Web\\Astro\\static_portfolio\\src\\components\\projects\\ClientOnly.astro"
2025-12-26T15:51:46.028965Z  INFO tailwindcss_oxide::scanner: Reading "C:\\Users\\stan\\Documents\\Code\\Web\\Astro\\static_portfolio\\src\\components\\ui\\Tag.astro"
2025-12-26T15:51:46.029017Z  INFO tailwindcss_oxide::scanner: Reading "C:\\Users\\stan\\Documents\\Code\\Web\\Astro\\static_portfolio\\dev\\components\\ScriptElem.tsx"
2025-12-26T15:51:46.029070Z  INFO tailwindcss_oxide::scanner: Reading "C:\\Users\\stan\\Documents\\Code\\Web\\Astro\\static_portfolio\\src\\components\\blog\\LastPost.astro"
2025-12-26T15:51:46.029070Z  INFO tailwindcss_oxide::scanner: Reading "C:\\Users\\stan\\Documents\\Code\\Web\\Astro\\static_portfolio\\src\\components\\projects\\Deferral.tsx"
2025-12-26T15:51:46.029156Z  INFO tailwindcss_oxide::scanner: Reading "C:\\Users\\stan\\Documents\\Code\\Web\\Astro\\static_portfolio\\src\\components\\ui\\textarea.tsx"
2025-12-26T15:51:46.029199Z  INFO tailwindcss_oxide::scanner: Reading "C:\\Users\\stan\\Documents\\Code\\Web\\Astro\\static_portfolio\\src\\icons\\Blender.svg"
2025-12-26T15:51:46.029267Z  INFO tailwindcss_oxide::scanner: Reading "C:\\Users\\stan\\Documents\\Code\\Web\\Astro\\static_portfolio\\dev\\event-progress.md"
2025-12-26T15:51:46.029301Z  INFO tailwindcss_oxide::scanner: Reading "C:\\Users\\stan\\Documents\\Code\\Web\\Astro\\static_portfolio\\src\\components\\blog\\ListPosts.astro"
2025-12-26T15:51:46.029347Z  INFO tailwindcss_oxide::scanner: Reading "C:\\Users\\stan\\Documents\\Code\\Web\\Astro\\static_portfolio\\src\\components\\projects\\details\\CollapsibleCode.tsx"
2025-12-26T15:51:46.029447Z  INFO tailwindcss_oxide::scanner: Reading "C:\\Users\\stan\\Documents\\Code\\Web\\Astro\\static_portfolio\\src\\components\\ui\\ThemeIcon.astro"
2025-12-26T15:51:46.029496Z  INFO tailwindcss_oxide::scanner: Reading "C:\\Users\\stan\\Documents\\Code\\Web\\Astro\\static_portfolio\\dev\\lorem_ipsum\\bacon.txt"
2025-12-26T15:51:46.029533Z  INFO tailwindcss_oxide::scanner: Reading "C:\\Users\\stan\\Documents\\Code\\Web\\Astro\\static_portfolio\\src\\components\\blog\\Tags.astro"
2025-12-26T15:51:46.029554Z  INFO tailwindcss_oxide::scanner: Reading "C:\\Users\\stan\\Documents\\Code\\Web\\Astro\\static_portfolio\\src\\components\\projects\\details\\CollapsibleCodeHydrator.tsx"
2025-12-26T15:51:46.029675Z  INFO tailwindcss_oxide::scanner: Reading "C:\\Users\\stan\\Documents\\Code\\Web\\Astro\\static_portfolio\\src\\components\\ui\\toggle-group.tsx"
2025-12-26T15:51:46.029724Z  INFO tailwindcss_oxide::scanner: Reading "C:\\Users\\stan\\Documents\\Code\\Web\\Astro\\static_portfolio\\dev\\lorem_ipsum\\bro.txt"
2025-12-26T15:51:46.029759Z  INFO tailwindcss_oxide::scanner: Reading "C:\\Users\\stan\\Documents\\Code\\Web\\Astro\\static_portfolio\\src\\components\\layout\\Footer.astro"
2025-12-26T15:51:46.029791Z  INFO tailwindcss_oxide::scanner: Reading "C:\\Users\\stan\\Documents\\Code\\Web\\Astro\\static_portfolio\\src\\components\\projects\\details\\CollapsibleCodeHydratorWrapper.astro"
2025-12-26T15:51:46.029833Z  INFO tailwindcss_oxide::scanner: Reading "C:\\Users\\stan\\Documents\\Code\\Web\\Astro\\static_portfolio\\src\\icons\\bootstrap.svg"
2025-12-26T15:51:46.029867Z  INFO tailwindcss_oxide::scanner: Reading "C:\\Users\\stan\\Documents\\Code\\Web\\Astro\\static_portfolio\\src\\components\\ui\\toggle.tsx"
2025-12-26T15:51:46.029987Z  INFO tailwindcss_oxide::scanner: Reading "C:\\Users\\stan\\Documents\\Code\\Web\\Astro\\static_portfolio\\dev\\lorem_ipsum\\cat_breeds.txt"
2025-12-26T15:51:46.030042Z  INFO tailwindcss_oxide::scanner: Reading "C:\\Users\\stan\\Documents\\Code\\Web\\Astro\\static_portfolio\\src\\components\\projects\\details\\CollapsibleCodeWrapper.astro"
2025-12-26T15:51:46.029309Z  INFO tailwindcss_oxide::scanner: Reading "C:\\Users\\stan\\Documents\\Code\\Web\\Astro\\static_portfolio\\src\\content\\projects\\typst-resume.mdx"
2025-12-26T15:51:46.029989Z  INFO tailwindcss_oxide::scanner: Reading "C:\\Users\\stan\\Documents\\Code\\Web\\Astro\\static_portfolio\\src\\components\\layout\\Header.astro"
2025-12-26T15:51:46.030069Z  INFO tailwindcss_oxide::scanner: Reading "C:\\Users\\stan\\Documents\\Code\\Web\\Astro\\static_portfolio\\src\\components\\ui\\tooltip.tsx"
2025-12-26T15:51:46.030247Z  INFO tailwindcss_oxide::scanner: Reading "C:\\Users\\stan\\Documents\\Code\\Web\\Astro\\static_portfolio\\dev\\lorem_ipsum\\cat_latin.txt"
2025-12-26T15:51:46.030274Z  INFO tailwindcss_oxide::scanner: Reading "C:\\Users\\stan\\Documents\\Code\\Web\\Astro\\static_portfolio\\src\\components\\projects\\details\\FactoryRenderer.astro"
2025-12-26T15:51:46.030400Z  INFO tailwindcss_oxide::scanner: Reading "C:\\Users\\stan\\Documents\\Code\\Web\\Astro\\static_portfolio\\src\\components\\layout\\NavArticle.astro"
2025-12-26T15:51:46.030400Z  INFO tailwindcss_oxide::scanner: Reading "C:\\Users\\stan\\Documents\\Code\\Web\\Astro\\static_portfolio\\src\\content\\captions\\testCaption.mdx"
2025-12-26T15:51:46.030469Z  INFO tailwindcss_oxide::scanner: Reading "C:\\Users\\stan\\Documents\\Code\\Web\\Astro\\static_portfolio\\src\\components\\projects\\details\\getYoutubeThumbnail.ts"
2025-12-26T15:51:46.030496Z  INFO tailwindcss_oxide::scanner: Reading "C:\\Users\\stan\\Documents\\Code\\Web\\Astro\\static_portfolio\\dev\\lorem_ipsum\\cat_standard.txt"
2025-12-26T15:51:46.030636Z  INFO tailwindcss_oxide::scanner: Reading "C:\\Users\\stan\\Documents\\Code\\Web\\Astro\\static_portfolio\\src\\content\\config.ts"
2025-12-26T15:51:46.030657Z  INFO tailwindcss_oxide::scanner: Reading "C:\\Users\\stan\\Documents\\Code\\Web\\Astro\\static_portfolio\\src\\components\\layout\\Navigation.astro"
2025-12-26T15:51:46.030666Z  INFO tailwindcss_oxide::scanner: Reading "C:\\Users\\stan\\Documents\\Code\\Web\\Astro\\static_portfolio\\src\\components\\projects\\details\\interp\\HoverDetails.tsx"
2025-12-26T15:51:46.030797Z  INFO tailwindcss_oxide::scanner: Reading "C:\\Users\\stan\\Documents\\Code\\Web\\Astro\\static_portfolio\\dev\\lorem_ipsum\\cheese_long.txt"
2025-12-26T15:51:46.030813Z  INFO tailwindcss_oxide::scanner: Reading "C:\\Users\\stan\\Documents\\Code\\Web\\Astro\\static_portfolio\\src\\content\\figure"
2025-12-26T15:51:46.030873Z  INFO tailwindcss_oxide::scanner: Reading "C:\\Users\\stan\\Documents\\Code\\Web\\Astro\\static_portfolio\\src\\components\\projects\\details\\interp\\Interp.tsx"
2025-12-26T15:51:46.030913Z  INFO tailwindcss_oxide::scanner: Reading "C:\\Users\\stan\\Documents\\Code\\Web\\Astro\\static_portfolio\\src\\components\\layout\\NavigationArticles.astro"
2025-12-26T15:51:46.031052Z  INFO tailwindcss_oxide::scanner: Reading "C:\\Users\\stan\\Documents\\Code\\Web\\Astro\\static_portfolio\\dev\\lorem_ipsum\\cheese_med.txt"
2025-12-26T15:51:46.031059Z  INFO tailwindcss_oxide::scanner: Reading "C:\\Users\\stan\\Documents\\Code\\Web\\Astro\\static_portfolio\\src\\content\\figures\\testFigure.mdx"
2025-12-26T15:51:46.031065Z  INFO tailwindcss_oxide::scanner: Reading "C:\\Users\\stan\\Documents\\Code\\Web\\Astro\\static_portfolio\\src\\components\\projects\\details\\interp\\interpContext.ts"
2025-12-26T15:51:46.031126Z  INFO tailwindcss_oxide::scanner: Reading "C:\\Users\\stan\\Documents\\Code\\Web\\Astro\\static_portfolio\\src\\components\\mdx.ts"
2025-12-26T15:51:46.031078Z  INFO tailwindcss_oxide::scanner: Reading "C:\\Users\\stan\\Documents\\Code\\Web\\Astro\\static_portfolio\\src\\icons\\briefcase.svg"
2025-12-26T15:51:46.031316Z  INFO tailwindcss_oxide::scanner: Reading "C:\\Users\\stan\\Documents\\Code\\Web\\Astro\\static_portfolio\\src\\content\\projects\\clip2gif.mdx"
2025-12-26T15:51:46.031326Z  INFO tailwindcss_oxide::scanner: Reading "C:\\Users\\stan\\Documents\\Code\\Web\\Astro\\static_portfolio\\src\\components\\projects\\details\\interp\\InterpContextProvider.tsx"
2025-12-26T15:51:46.031299Z  INFO tailwindcss_oxide::scanner: Reading "C:\\Users\\stan\\Documents\\Code\\Web\\Astro\\static_portfolio\\dev\\lorem_ipsum\\cheese_short.txt"
2025-12-26T15:51:46.031516Z  INFO tailwindcss_oxide::scanner: Reading "C:\\Users\\stan\\Documents\\Code\\Web\\Astro\\static_portfolio\\src\\components\\portfolio\\Contact.astro"
2025-12-26T15:51:46.031536Z  INFO tailwindcss_oxide::scanner: Reading "C:\\Users\\stan\\Documents\\Code\\Web\\Astro\\static_portfolio\\src\\icons\\C.svg"
2025-12-26T15:51:46.031981Z  INFO tailwindcss_oxide::scanner: Reading "C:\\Users\\stan\\Documents\\Code\\Web\\Astro\\static_portfolio\\dev\\lorem_ipsum\\cupcake.txt"
2025-12-26T15:51:46.032037Z  INFO tailwindcss_oxide::scanner: Reading "C:\\Users\\stan\\Documents\\Code\\Web\\Astro\\static_portfolio\\src\\icons\\cloudflare.svg"
2025-12-26T15:51:46.032086Z  INFO tailwindcss_oxide::scanner: Reading "C:\\Users\\stan\\Documents\\Code\\Web\\Astro\\static_portfolio\\src\\components\\portfolio\\Experience.astro"
2025-12-26T15:51:46.031588Z  INFO tailwindcss_oxide::scanner: Reading "C:\\Users\\stan\\Documents\\Code\\Web\\Astro\\static_portfolio\\src\\components\\projects\\details\\ProjectMedia.tsx"
2025-12-26T15:51:46.032222Z  INFO tailwindcss_oxide::scanner: Reading "C:\\Users\\stan\\Documents\\Code\\Web\\Astro\\static_portfolio\\dev\\lorem_ipsum\\farm.txt"
2025-12-26T15:51:46.032282Z  INFO tailwindcss_oxide::scanner: Reading "C:\\Users\\stan\\Documents\\Code\\Web\\Astro\\static_portfolio\\src\\icons\\code.svg"
2025-12-26T15:51:46.032372Z  INFO tailwindcss_oxide::scanner: Reading "C:\\Users\\stan\\Documents\\Code\\Web\\Astro\\static_portfolio\\src\\components\\projects\\details\\ProjectProvider.tsx"
2025-12-26T15:51:46.031712Z  INFO tailwindcss_oxide::scanner: Reading "C:\\Users\\stan\\Documents\\Code\\Web\\Astro\\static_portfolio\\src\\content\\projects\\dodgy-car.mdx"
2025-12-26T15:51:46.032592Z  INFO tailwindcss_oxide::scanner: Reading "C:\\Users\\stan\\Documents\\Code\\Web\\Astro\\static_portfolio\\src\\icons\\copilot.svg"
2025-12-26T15:51:46.032627Z  INFO tailwindcss_oxide::scanner: Reading "C:\\Users\\stan\\Documents\\Code\\Web\\Astro\\static_portfolio\\dev\\lorem_ipsum\\hipster.txt"
2025-12-26T15:51:46.032649Z  INFO tailwindcss_oxide::scanner: Reading "C:\\Users\\stan\\Documents\\Code\\Web\\Astro\\static_portfolio\\src\\components\\projects\\details\\ProjectProviderBase.tsx"
2025-12-26T15:51:46.032341Z  INFO tailwindcss_oxide::scanner: Reading "C:\\Users\\stan\\Documents\\Code\\Web\\Astro\\static_portfolio\\src\\components\\portfolio\\ExperienceItem.astro"
2025-12-26T15:51:46.032864Z  INFO tailwindcss_oxide::scanner: Reading "C:\\Users\\stan\\Documents\\Code\\Web\\Astro\\static_portfolio\\src\\content\\projects\\iklimit-viz.mdx"
2025-12-26T15:51:46.032873Z  INFO tailwindcss_oxide::scanner: Reading "C:\\Users\\stan\\Documents\\Code\\Web\\Astro\\static_portfolio\\src\\icons\\csharp.svg"
2025-12-26T15:51:46.032900Z  INFO tailwindcss_oxide::scanner: Reading "C:\\Users\\stan\\Documents\\Code\\Web\\Astro\\static_portfolio\\dev\\lorem_ipsum\\journo.txt"
2025-12-26T15:51:46.033089Z  INFO tailwindcss_oxide::scanner: Reading "C:\\Users\\stan\\Documents\\Code\\Web\\Astro\\static_portfolio\\dev\\lorem_ipsum\\obama.txt"
2025-12-26T15:51:46.032847Z  INFO tailwindcss_oxide::scanner: Reading "C:\\Users\\stan\\Documents\\Code\\Web\\Astro\\static_portfolio\\src\\components\\projects\\details\\scopeSelectors.ts"
2025-12-26T15:51:46.033137Z  INFO tailwindcss_oxide::scanner: Reading "C:\\Users\\stan\\Documents\\Code\\Web\\Astro\\static_portfolio\\src\\content\\projects\\ikrig.mdx"
2025-12-26T15:51:46.033111Z  INFO tailwindcss_oxide::scanner: Reading "C:\\Users\\stan\\Documents\\Code\\Web\\Astro\\static_portfolio\\src\\components\\projects\\details\\StarryNightStyleInjector.tsx"
2025-12-26T15:51:46.033309Z  INFO tailwindcss_oxide::scanner: Reading "C:\\Users\\stan\\Documents\\Code\\Web\\Astro\\static_portfolio\\src\\components\\projects\\filtering\\common\\stores\\FilterFormStoreProvider.tsx"
2025-12-26T15:51:46.033363Z  INFO tailwindcss_oxide::scanner: Reading "C:\\Users\\stan\\Documents\\Code\\Web\\Astro\\static_portfolio\\dev\\lorem_ipsum\\office_client.txt"
2025-12-26T15:51:46.033364Z  INFO tailwindcss_oxide::scanner: Reading "C:\\Users\\stan\\Documents\\Code\\Web\\Astro\\static_portfolio\\src\\components\\story\\StorySidebarOld.astro"
2025-12-26T15:51:46.033399Z  INFO tailwindcss_oxide::scanner: Reading "C:\\Users\\stan\\Documents\\Code\\Web\\Astro\\static_portfolio\\src\\components\\projects\\details\\SyntaxHighlightContext.tsx"
2025-12-26T15:51:46.033406Z  INFO tailwindcss_oxide::scanner: Reading "C:\\Users\\stan\\Documents\\Code\\Web\\Astro\\static_portfolio\\src\\content\\projects\\irish-morph.mdx"
2025-12-26T15:51:46.033712Z  INFO tailwindcss_oxide::scanner: Reading "C:\\Users\\stan\\Documents\\Code\\Web\\Astro\\static_portfolio\\dev\\lorem_ipsum\\office_office.txt"
2025-12-26T15:51:46.033717Z  INFO tailwindcss_oxide::scanner: Reading "C:\\Users\\stan\\Documents\\Code\\Web\\Astro\\static_portfolio\\src\\components\\story\\StorySubsection.astro"
2025-12-26T15:51:46.033742Z  INFO tailwindcss_oxide::scanner: Reading "C:\\Users\\stan\\Documents\\Code\\Web\\Astro\\static_portfolio\\src\\components\\projects\\details\\transformTree.ts"
2025-12-26T15:51:46.033105Z  INFO tailwindcss_oxide::scanner: Reading "C:\\Users\\stan\\Documents\\Code\\Web\\Astro\\static_portfolio\\src\\icons\\css.svg"
2025-12-26T15:51:46.033882Z  INFO tailwindcss_oxide::scanner: Reading "C:\\Users\\stan\\Documents\\Code\\Web\\Astro\\static_portfolio\\src\\components\\projects\\filtering\\common\\stores\\filterStore.ts"
2025-12-26T15:51:46.033903Z  INFO tailwindcss_oxide::scanner: Reading "C:\\Users\\stan\\Documents\\Code\\Web\\Astro\\static_portfolio\\src\\components\\projects\\details\\useInterp.ts"
2025-12-26T15:51:46.033908Z  INFO tailwindcss_oxide::scanner: Reading "C:\\Users\\stan\\Documents\\Code\\Web\\Astro\\static_portfolio\\src\\content\\projects\\mandarin-freq.mdx"
2025-12-26T15:51:46.033948Z  INFO tailwindcss_oxide::scanner: Reading "C:\\Users\\stan\\Documents\\Code\\Web\\Astro\\static_portfolio\\dev\\lorem_ipsum\\pirate.txt"
2025-12-26T15:51:46.034108Z  INFO tailwindcss_oxide::scanner: Reading "C:\\Users\\stan\\Documents\\Code\\Web\\Astro\\static_portfolio\\src\\components\\ui\\aspect-ratio.tsx"
2025-12-26T15:51:46.034175Z  INFO tailwindcss_oxide::scanner: Reading "C:\\Users\\stan\\Documents\\Code\\Web\\Astro\\static_portfolio\\src\\content\\projects\\obsidian-plugin.mdx"
2025-12-26T15:51:46.034267Z  INFO tailwindcss_oxide::scanner: Reading "C:\\Users\\stan\\Documents\\Code\\Web\\Astro\\static_portfolio\\src\\components\\story\\StoryTimeline.astro"
2025-12-26T15:51:46.034294Z  INFO tailwindcss_oxide::scanner: Reading "C:\\Users\\stan\\Documents\\Code\\Web\\Astro\\static_portfolio\\src\\components\\projects\\filtering\\common\\stores\\tagSectionStore.ts"
2025-12-26T15:51:46.034297Z  INFO tailwindcss_oxide::scanner: Reading "C:\\Users\\stan\\Documents\\Code\\Web\\Astro\\static_portfolio\\src\\components\\ui\\badge.tsx"
2025-12-26T15:51:46.034179Z  INFO tailwindcss_oxide::scanner: Reading "C:\\Users\\stan\\Documents\\Code\\Web\\Astro\\static_portfolio\\dev\\lorem_ipsum\\space.txt"
2025-12-26T15:51:46.034541Z  INFO tailwindcss_oxide::scanner: Reading "C:\\Users\\stan\\Documents\\Code\\Web\\Astro\\static_portfolio\\src\\components\\ui\\breadcrumb.tsx"
2025-12-26T15:51:46.034429Z  INFO tailwindcss_oxide::scanner: Reading "C:\\Users\\stan\\Documents\\Code\\Web\\Astro\\static_portfolio\\src\\content\\projects\\param-matrix.mdx"
2025-12-26T15:51:46.034468Z  INFO tailwindcss_oxide::scanner: Reading "C:\\Users\\stan\\Documents\\Code\\Web\\Astro\\static_portfolio\\src\\components\\story\\types.ts"
2025-12-26T15:51:46.034767Z  INFO tailwindcss_oxide::scanner: Reading "C:\\Users\\stan\\Documents\\Code\\Web\\Astro\\static_portfolio\\dev\\lorem_ipsum\\tuna.txt"
2025-12-26T15:51:46.034846Z  INFO tailwindcss_oxide::scanner: Reading "C:\\Users\\stan\\Documents\\Code\\Web\\Astro\\static_portfolio\\src\\components\\ui\\button-group.tsx"
2025-12-26T15:51:46.034928Z  INFO tailwindcss_oxide::scanner: Reading "C:\\Users\\stan\\Documents\\Code\\Web\\Astro\\static_portfolio\\src\\components\\story\\util\\fixPreactRef.ts"
2025-12-26T15:51:46.034939Z  INFO tailwindcss_oxide::scanner: Reading "C:\\Users\\stan\\Documents\\Code\\Web\\Astro\\static_portfolio\\src\\content\\projects\\portfolio-site.mdx"
2025-12-26T15:51:46.035003Z  INFO tailwindcss_oxide::scanner: Reading "C:\\Users\\stan\\Documents\\Code\\Web\\Astro\\static_portfolio\\dev\\lorem_ipsum\\webtwo.txt"
2025-12-26T15:51:46.035092Z  INFO tailwindcss_oxide::scanner: Reading "C:\\Users\\stan\\Documents\\Code\\Web\\Astro\\static_portfolio\\src\\components\\ui\\Button.astro"
2025-12-26T15:51:46.035126Z  INFO tailwindcss_oxide::scanner: Reading "C:\\Users\\stan\\Documents\\Code\\Web\\Astro\\static_portfolio\\src\\components\\story\\util\\loadImageMetadata.ts"
2025-12-26T15:51:46.035199Z  INFO tailwindcss_oxide::scanner: Reading "C:\\Users\\stan\\Documents\\Code\\Web\\Astro\\static_portfolio\\src\\content\\projects\\proj-biomed.mdx"
2025-12-26T15:51:46.035292Z  INFO tailwindcss_oxide::scanner: Reading "C:\\Users\\stan\\Documents\\Code\\Web\\Astro\\static_portfolio\\src\\components\\ui\\button.tsx"
2025-12-26T15:51:46.035317Z  INFO tailwindcss_oxide::scanner: Reading "C:\\Users\\stan\\Documents\\Code\\Web\\Astro\\static_portfolio\\src\\components\\story\\util\\loadImages.ts"
2025-12-26T15:51:46.035205Z  INFO tailwindcss_oxide::scanner: Reading "C:\\Users\\stan\\Documents\\Code\\Web\\Astro\\static_portfolio\\eslint.config.js"
2025-12-26T15:51:46.035529Z  INFO tailwindcss_oxide::scanner: Reading "C:\\Users\\stan\\Documents\\Code\\Web\\Astro\\static_portfolio\\src\\components\\ui\\Capsule.astro"
2025-12-26T15:51:46.035655Z  INFO tailwindcss_oxide::scanner: Reading "C:\\Users\\stan\\Documents\\Code\\Web\\Astro\\static_portfolio\\src\\content\\projects\\proj-colpa.mdx"
2025-12-26T15:51:46.035530Z  INFO tailwindcss_oxide::scanner: Reading "C:\\Users\\stan\\Documents\\Code\\Web\\Astro\\static_portfolio\\src\\components\\story\\util\\loadSections.ts"
2025-12-26T15:51:46.035878Z  INFO tailwindcss_oxide::scanner: Reading "C:\\Users\\stan\\Documents\\Code\\Web\\Astro\\static_portfolio\\src\\components\\ui\\card.tsx"
2025-12-26T15:51:46.035888Z  INFO tailwindcss_oxide::scanner: Reading "C:\\Users\\stan\\Documents\\Code\\Web\\Astro\\static_portfolio\\src\\components\\story\\util\\parseDate.ts"
2025-12-26T15:51:46.035907Z  INFO tailwindcss_oxide::scanner: Reading "C:\\Users\\stan\\Documents\\Code\\Web\\Astro\\static_portfolio\\flow.d2"
2025-12-26T15:51:46.035965Z  INFO tailwindcss_oxide::scanner: Reading "C:\\Users\\stan\\Documents\\Code\\Web\\Astro\\static_portfolio\\src\\content\\projects\\proj-nlp.mdx"
2025-12-26T15:51:46.036094Z  INFO tailwindcss_oxide::scanner: Reading "C:\\Users\\stan\\Documents\\Code\\Web\\Astro\\static_portfolio\\src\\components\\story\\util\\typeCheck.ts"
2025-12-26T15:51:46.036098Z  INFO tailwindcss_oxide::scanner: Reading "C:\\Users\\stan\\Documents\\Code\\Web\\Astro\\static_portfolio\\src\\components\\ui\\carousel.tsx"
2025-12-26T15:51:46.036151Z  INFO tailwindcss_oxide::scanner: Reading "C:\\Users\\stan\\Documents\\Code\\Web\\Astro\\static_portfolio\\LICENSE"
2025-12-26T15:51:46.036221Z  INFO tailwindcss_oxide::scanner: Reading "C:\\Users\\stan\\Documents\\Code\\Web\\Astro\\static_portfolio\\src\\content\\projects\\proj-phonphon.mdx"
2025-12-26T15:51:46.036291Z  INFO tailwindcss_oxide::scanner: Reading "C:\\Users\\stan\\Documents\\Code\\Web\\Astro\\static_portfolio\\src\\components\\story\\util\\types\\types.ts"
2025-12-26T15:51:46.036326Z  INFO tailwindcss_oxide::scanner: Reading "C:\\Users\\stan\\Documents\\Code\\Web\\Astro\\static_portfolio\\src\\components\\ui\\collapsible.tsx"
2025-12-26T15:51:46.036352Z  INFO tailwindcss_oxide::scanner: Reading "C:\\Users\\stan\\Documents\\Code\\Web\\Astro\\static_portfolio\\package.json"
2025-12-26T15:51:46.036471Z  INFO tailwindcss_oxide::scanner: Reading "C:\\Users\\stan\\Documents\\Code\\Web\\Astro\\static_portfolio\\src\\content\\projects\\proj-pointerjump.mdx"
2025-12-26T15:51:46.036493Z  INFO tailwindcss_oxide::scanner: Reading "C:\\Users\\stan\\Documents\\Code\\Web\\Astro\\static_portfolio\\src\\components\\ui\\accordion.tsx"
2025-12-26T15:51:46.036471Z  INFO tailwindcss_oxide::scanner: Reading "C:\\Users\\stan\\Documents\\Code\\Web\\Astro\\static_portfolio\\src\\components\\projects\\filtering\\common\\TagButton.tsx"
2025-12-26T15:51:46.036550Z  INFO tailwindcss_oxide::scanner: Reading "C:\\Users\\stan\\Documents\\Code\\Web\\Astro\\static_portfolio\\src\\components\\ui\\context-menu.tsx"
2025-12-26T15:51:46.036628Z  INFO tailwindcss_oxide::scanner: Reading "C:\\Users\\stan\\Documents\\Code\\Web\\Astro\\static_portfolio\\plugins\\rehypeHighlight.js"
2025-12-26T15:51:46.036693Z  INFO tailwindcss_oxide::scanner: Reading "C:\\Users\\stan\\Documents\\Code\\Web\\Astro\\static_portfolio\\src\\components\\ui\\alert-dialog.tsx"
2025-12-26T15:51:46.036752Z  INFO tailwindcss_oxide::scanner: Reading "C:\\Users\\stan\\Documents\\Code\\Web\\Astro\\static_portfolio\\src\\components\\ui\\CustomSpinner.tsx"
2025-12-26T15:51:46.036769Z  INFO tailwindcss_oxide::scanner: Reading "C:\\Users\\stan\\Documents\\Code\\Web\\Astro\\static_portfolio\\src\\content\\projects\\pub-llms.mdx"
2025-12-26T15:51:46.036753Z  INFO tailwindcss_oxide::scanner: Reading "C:\\Users\\stan\\Documents\\Code\\Web\\Astro\\static_portfolio\\src\\components\\projects\\toasts.tsx"
2025-12-26T15:51:46.036917Z  INFO tailwindcss_oxide::scanner: Reading "C:\\Users\\stan\\Documents\\Code\\Web\\Astro\\static_portfolio\\plugins\\rehypeStarryNightLines.js"
2025-12-26T15:51:46.034302Z  INFO tailwindcss_oxide::scanner: Reading "C:\\Users\\stan\\Documents\\Code\\Web\\Astro\\static_portfolio\\src\\icons\\cursor-ia.svg"
2025-12-26T15:51:46.036920Z  INFO tailwindcss_oxide::scanner: Reading "C:\\Users\\stan\\Documents\\Code\\Web\\Astro\\static_portfolio\\src\\components\\ui\\alert.tsx"
2025-12-26T15:51:46.037117Z  INFO tailwindcss_oxide::scanner: Reading "C:\\Users\\stan\\Documents\\Code\\Web\\Astro\\static_portfolio\\src\\components\\ui\\dialog.tsx"
2025-12-26T15:51:46.037148Z  INFO tailwindcss_oxide::scanner: Reading "C:\\Users\\stan\\Documents\\Code\\Web\\Astro\\static_portfolio\\plugins\\remarkHighlight.js"
2025-12-26T15:51:46.037163Z  INFO tailwindcss_oxide::scanner: Reading "C:\\Users\\stan\\Documents\\Code\\Web\\Astro\\static_portfolio\\src\\components\\projects\\types.ts"
2025-12-26T15:51:46.037232Z  INFO tailwindcss_oxide::scanner: Reading "C:\\Users\\stan\\Documents\\Code\\Web\\Astro\\static_portfolio\\src\\icons\\dashboard.svg"
2025-12-26T15:51:46.037270Z  INFO tailwindcss_oxide::scanner: Reading "C:\\Users\\stan\\Documents\\Code\\Web\\Astro\\static_portfolio\\src\\components\\projects\\filtering\\sections\\YearValue.tsx"
2025-12-26T15:51:46.037483Z  INFO tailwindcss_oxide::scanner: Reading "C:\\Users\\stan\\Documents\\Code\\Web\\Astro\\static_portfolio\\src\\icons\\deepseek.svg"
2025-12-26T15:51:46.037575Z  INFO tailwindcss_oxide::scanner: Reading "C:\\Users\\stan\\Documents\\Code\\Web\\Astro\\static_portfolio\\src\\components\\projects\\filtering\\sync.tsx"
2025-12-26T15:51:46.037590Z  INFO tailwindcss_oxide::scanner: Reading "C:\\Users\\stan\\Documents\\Code\\Web\\Astro\\static_portfolio\\src\\components\\projects\\useGSAPContext.ts"
2025-12-26T15:51:46.037773Z  INFO tailwindcss_oxide::scanner: Reading "C:\\Users\\stan\\Documents\\Code\\Web\\Astro\\static_portfolio\\src\\icons\\envelope.svg"
2025-12-26T15:51:46.037320Z  INFO tailwindcss_oxide::scanner: Reading "C:\\Users\\stan\\Documents\\Code\\Web\\Astro\\static_portfolio\\src\\components\\ui\\drawer.tsx"
2025-12-26T15:51:46.037361Z  INFO tailwindcss_oxide::scanner: Reading "C:\\Users\\stan\\Documents\\Code\\Web\\Astro\\static_portfolio\\plugins\\tailwindStaticCopy.js"
2025-12-26T15:51:46.037366Z  INFO tailwindcss_oxide::scanner: Reading "C:\\Users\\stan\\Documents\\Code\\Web\\Astro\\static_portfolio\\src\\content\\projects\\pub-prions.mdx"
2025-12-26T15:51:46.038003Z  INFO tailwindcss_oxide::scanner: Reading "C:\\Users\\stan\\Documents\\Code\\Web\\Astro\\static_portfolio\\src\\icons\\facebook.svg"
2025-12-26T15:51:46.037775Z  INFO tailwindcss_oxide::scanner: Reading "C:\\Users\\stan\\Documents\\Code\\Web\\Astro\\static_portfolio\\src\\components\\projects\\grid\\items\\badges\\BadgeRow.tsx"
2025-12-26T15:51:46.037849Z  INFO tailwindcss_oxide::scanner: Reading "C:\\Users\\stan\\Documents\\Code\\Web\\Astro\\static_portfolio\\src\\components\\projects\\util\\comparison.ts"
2025-12-26T15:51:46.036757Z  INFO tailwindcss_oxide::scanner: Reading "C:\\Users\\stan\\Documents\\Code\\Web\\Astro\\static_portfolio\\src\\components\\projects\\filtering\\common\\TagButtons.tsx"
2025-12-26T15:51:46.038391Z  INFO tailwindcss_oxide::scanner: Reading "C:\\Users\\stan\\Documents\\Code\\Web\\Astro\\static_portfolio\\src\\components\\projects\\grid\\items\\badges\\BadgeRows.tsx"
2025-12-26T15:51:46.038532Z  INFO tailwindcss_oxide::scanner: Reading "C:\\Users\\stan\\Documents\\Code\\Web\\Astro\\static_portfolio\\src\\components\\projects\\ZustandTest.tsx"
2025-12-26T15:51:46.038151Z  INFO tailwindcss_oxide::scanner: Reading "C:\\Users\\stan\\Documents\\Code\\Web\\Astro\\static_portfolio\\public\\images\\story\\backdrop\\audio-lines.svg"
2025-12-26T15:51:46.036498Z  INFO tailwindcss_oxide::scanner: Reading "C:\\Users\\stan\\Documents\\Code\\Web\\Astro\\static_portfolio\\src\\content\\projects\\visual-interactive-ml.mdx"
2025-12-26T15:51:46.038228Z  INFO tailwindcss_oxide::scanner: Reading "C:\\Users\\stan\\Documents\\Code\\Web\\Astro\\static_portfolio\\src\\icons\\figma.svg"
2025-12-26T15:51:46.038244Z  INFO tailwindcss_oxide::scanner: Reading "C:\\Users\\stan\\Documents\\Code\\Web\\Astro\\static_portfolio\\src\\content\\projects\\pubmed-scrape.mdx"
2025-12-26T15:51:46.038975Z  INFO tailwindcss_oxide::scanner: Reading "C:\\Users\\stan\\Documents\\Code\\Web\\Astro\\static_portfolio\\public\\images\\story\\backdrop\\backpack.svg"
2025-12-26T15:51:46.039068Z  INFO tailwindcss_oxide::scanner: Reading "C:\\Users\\stan\\Documents\\Code\\Web\\Astro\\static_portfolio\\src\\content\\staticData\\allStaticData.json"
2025-12-26T15:51:46.038602Z  INFO tailwindcss_oxide::scanner: Reading "C:\\Users\\stan\\Documents\\Code\\Web\\Astro\\static_portfolio\\src\\components\\projects\\filtering\\common\\TagButtons2.tsx"
2025-12-26T15:51:46.039198Z  INFO tailwindcss_oxide::scanner: Reading "C:\\Users\\stan\\Documents\\Code\\Web\\Astro\\static_portfolio\\src\\icons\\python.svg"
2025-12-26T15:51:46.039225Z  INFO tailwindcss_oxide::scanner: Reading "C:\\Users\\stan\\Documents\\Code\\Web\\Astro\\static_portfolio\\public\\images\\story\\backdrop\\ballpen.svg"
2025-12-26T15:51:46.039294Z  INFO tailwindcss_oxide::scanner: Reading "C:\\Users\\stan\\Documents\\Code\\Web\\Astro\\static_portfolio\\src\\icons\\firebase.svg"
2025-12-26T15:51:46.039311Z  INFO tailwindcss_oxide::scanner: Reading "C:\\Users\\stan\\Documents\\Code\\Web\\Astro\\static_portfolio\\src\\env.d.ts"
2025-12-26T15:51:46.039403Z  INFO tailwindcss_oxide::scanner: Reading "C:\\Users\\stan\\Documents\\Code\\Web\\Astro\\static_portfolio\\src\\components\\projects\\filtering\\common\\WrappingToggleGroup.tsx"
2025-12-26T15:51:46.039460Z  INFO tailwindcss_oxide::scanner: Reading "C:\\Users\\stan\\Documents\\Code\\Web\\Astro\\static_portfolio\\public\\images\\story\\backdrop\\binary-tree.svg"
2025-12-26T15:51:46.038608Z  INFO tailwindcss_oxide::scanner: Reading "C:\\Users\\stan\\Documents\\Code\\Web\\Astro\\static_portfolio\\src\\components\\projects\\grid\\items\\badges\\badgeTypes.tsx"
2025-12-26T15:51:46.039523Z  INFO tailwindcss_oxide::scanner: Reading "C:\\Users\\stan\\Documents\\Code\\Web\\Astro\\static_portfolio\\src\\hooks\\ErrorBoundary.tsx"
2025-12-26T15:51:46.039547Z  INFO tailwindcss_oxide::scanner: Reading "C:\\Users\\stan\\Documents\\Code\\Web\\Astro\\static_portfolio\\src\\icons\\gatsby.svg"
2025-12-26T15:51:46.038129Z  INFO tailwindcss_oxide::scanner: Reading "C:\\Users\\stan\\Documents\\Code\\Web\\Astro\\static_portfolio\\public\\images\\story\\backdrop\\books.svg"
2025-12-26T15:51:46.039698Z  INFO tailwindcss_oxide::scanner: Reading "C:\\Users\\stan\\Documents\\Code\\Web\\Astro\\static_portfolio\\src\\components\\projects\\grid\\items\\expansion\\ExpandedPart.tsx"
2025-12-26T15:51:46.039715Z  INFO tailwindcss_oxide::scanner: Reading "C:\\Users\\stan\\Documents\\Code\\Web\\Astro\\static_portfolio\\public\\images\\story\\backdrop\\blender-fill.svg"
2025-12-26T15:51:46.039749Z  INFO tailwindcss_oxide::scanner: Reading "C:\\Users\\stan\\Documents\\Code\\Web\\Astro\\static_portfolio\\src\\hooks\\use-auto-scroll.ts"
2025-12-26T15:51:46.039791Z  INFO tailwindcss_oxide::scanner: Reading "C:\\Users\\stan\\Documents\\Code\\Web\\Astro\\static_portfolio\\src\\icons\\git.svg"
2025-12-26T15:51:46.039938Z  INFO tailwindcss_oxide::scanner: Reading "C:\\Users\\stan\\Documents\\Code\\Web\\Astro\\static_portfolio\\src\\components\\projects\\grid\\items\\expansion\\ImageRow.tsx"
2025-12-26T15:51:46.039625Z  INFO tailwindcss_oxide::scanner: Reading "C:\\Users\\stan\\Documents\\Code\\Web\\Astro\\static_portfolio\\src\\components\\projects\\filtering\\FilterForm.tsx"
2025-12-26T15:51:46.038883Z  INFO tailwindcss_oxide::scanner: Reading "C:\\Users\\stan\\Documents\\Code\\Web\\Astro\\static_portfolio\\src\\components\\story\\client\\StoryTimeline.tsx"
2025-12-26T15:51:46.040054Z  INFO tailwindcss_oxide::scanner: Reading "C:\\Users\\stan\\Documents\\Code\\Web\\Astro\\static_portfolio\\public\\images\\story\\backdrop\\bone.svg"
2025-12-26T15:51:46.040157Z  INFO tailwindcss_oxide::scanner: Reading "C:\\Users\\stan\\Documents\\Code\\Web\\Astro\\static_portfolio\\src\\components\\projects\\grid\\items\\expansion\\PaddedScrollArea.tsx"
2025-12-26T15:51:46.039463Z  INFO tailwindcss_oxide::scanner: Reading "C:\\Users\\stan\\Documents\\Code\\Web\\Astro\\static_portfolio\\src\\icons\\Python2.svg"
2025-12-26T15:51:46.040275Z  INFO tailwindcss_oxide::scanner: Reading "C:\\Users\\stan\\Documents\\Code\\Web\\Astro\\static_portfolio\\src\\components\\projects\\filtering\\FilterSheet.tsx"
2025-12-26T15:51:46.039937Z  INFO tailwindcss_oxide::scanner: Reading "C:\\Users\\stan\\Documents\\Code\\Web\\Astro\\static_portfolio\\public\\images\\story\\backdrop\\brand-python.svg"
2025-12-26T15:51:46.040303Z  INFO tailwindcss_oxide::scanner: Reading "C:\\Users\\stan\\Documents\\Code\\Web\\Astro\\static_portfolio\\src\\components\\projects\\filtering\\FilterForm2.tsx"
2025-12-26T15:51:46.040822Z  INFO tailwindcss_oxide::scanner: Reading "C:\\Users\\stan\\Documents\\Code\\Web\\Astro\\static_portfolio\\public\\images\\story\\backdrop\\circuit-bulb.svg"
2025-12-26T15:51:46.040307Z  INFO tailwindcss_oxide::scanner: Reading "C:\\Users\\stan\\Documents\\Code\\Web\\Astro\\static_portfolio\\src\\components\\story\\Columns.astro"
2025-12-26T15:51:46.040961Z  INFO tailwindcss_oxide::scanner: Reading "C:\\Users\\stan\\Documents\\Code\\Web\\Astro\\static_portfolio\\src\\components\\projects\\filtering\\FilterShareButton.tsx"
2025-12-26T15:51:46.041083Z  INFO tailwindcss_oxide::scanner: Reading "C:\\Users\\stan\\Documents\\Code\\Web\\Astro\\static_portfolio\\public\\images\\story\\backdrop\\circuit-capacitor.svg"
2025-12-26T15:51:46.041145Z  INFO tailwindcss_oxide::scanner: Reading "C:\\Users\\stan\\Documents\\Code\\Web\\Astro\\static_portfolio\\src\\components\\story\\Columns.tsx"
2025-12-26T15:51:46.040369Z  INFO tailwindcss_oxide::scanner: Reading "C:\\Users\\stan\\Documents\\Code\\Web\\Astro\\static_portfolio\\src\\components\\projects\\grid\\items\\expansion\\ThumbnailRow.tsx"
2025-12-26T15:51:46.040031Z  INFO tailwindcss_oxide::scanner: Reading "C:\\Users\\stan\\Documents\\Code\\Web\\Astro\\static_portfolio\\src\\icons\\github-svg.svg"
2025-12-26T15:51:46.041406Z  INFO tailwindcss_oxide::scanner: Reading "C:\\Users\\stan\\Documents\\Code\\Web\\Astro\\static_portfolio\\public\\images\\story\\backdrop\\circuit-cell-plus.svg"
2025-12-26T15:51:46.041488Z  INFO tailwindcss_oxide::scanner: Reading "C:\\Users\\stan\\Documents\\Code\\Web\\Astro\\static_portfolio\\src\\components\\story\\ContentMarker.astro"
2025-12-26T15:51:46.041554Z  INFO tailwindcss_oxide::scanner: Reading "C:\\Users\\stan\\Documents\\Code\\Web\\Astro\\static_portfolio\\src\\components\\projects\\grid\\items\\ProjectItem.tsx"
2025-12-26T15:51:46.041682Z  INFO tailwindcss_oxide::scanner: Reading "C:\\Users\\stan\\Documents\\Code\\Web\\Astro\\static_portfolio\\src\\components\\story\\ContentMarkerPreact.tsx"
2025-12-26T15:51:46.039947Z  INFO tailwindcss_oxide::scanner: Reading "C:\\Users\\stan\\Documents\\Code\\Web\\Astro\\static_portfolio\\src\\hooks\\use-copy-to-clipboard.ts"
2025-12-26T15:51:46.041233Z  INFO tailwindcss_oxide::scanner: Reading "C:\\Users\\stan\\Documents\\Code\\Web\\Astro\\static_portfolio\\src\\icons\\MATLAB.svg"
2025-12-26T15:51:46.041915Z  INFO tailwindcss_oxide::scanner: Reading "C:\\Users\\stan\\Documents\\Code\\Web\\Astro\\static_portfolio\\src\\components\\projects\\grid\\items\\sharing\\ShareCard.tsx"
2025-12-26T15:51:46.040450Z  INFO tailwindcss_oxide::scanner: Reading "C:\\Users\\stan\\Documents\\Code\\Web\\Astro\\static_portfolio\\src\\icons\\PyTorch.svg"
2025-12-26T15:51:46.042082Z  INFO tailwindcss_oxide::scanner: Reading "C:\\Users\\stan\\Documents\\Code\\Web\\Astro\\static_portfolio\\src\\components\\story\\FloatingNav.astro"
2025-12-26T15:51:46.042129Z  INFO tailwindcss_oxide::scanner: Reading "C:\\Users\\stan\\Documents\\Code\\Web\\Astro\\static_portfolio\\src\\icons\\md.svg"
2025-12-26T15:51:46.041598Z  INFO tailwindcss_oxide::scanner: Reading "C:\\Users\\stan\\Documents\\Code\\Web\\Astro\\static_portfolio\\src\\icons\\github.svg"
2025-12-26T15:51:46.040670Z  INFO tailwindcss_oxide::scanner: Reading "C:\\Users\\stan\\Documents\\Code\\Web\\Astro\\static_portfolio\\src\\components\\projects\\filtering\\FilterSheet2.tsx"
2025-12-26T15:51:46.041652Z  INFO tailwindcss_oxide::scanner: Reading "C:\\Users\\stan\\Documents\\Code\\Web\\Astro\\static_portfolio\\public\\images\\story\\backdrop\\circuit-changeover.svg"
2025-12-26T15:51:46.042192Z  INFO tailwindcss_oxide::scanner: Reading "C:\\Users\\stan\\Documents\\Code\\Web\\Astro\\static_portfolio\\src\\hooks\\use-debounce-callback.ts"
2025-12-26T15:51:46.042499Z  INFO tailwindcss_oxide::scanner: Reading "C:\\Users\\stan\\Documents\\Code\\Web\\Astro\\static_portfolio\\src\\icons\\GNU Emacs.svg"
2025-12-26T15:51:46.042509Z  INFO tailwindcss_oxide::scanner: Reading "C:\\Users\\stan\\Documents\\Code\\Web\\Astro\\static_portfolio\\public\\images\\story\\backdrop\\circuit-diode-zener.svg"
2025-12-26T15:51:46.042266Z  INFO tailwindcss_oxide::scanner: Reading "C:\\Users\\stan\\Documents\\Code\\Web\\Astro\\static_portfolio\\src\\icons\\rocket.svg"
2025-12-26T15:51:46.042366Z  INFO tailwindcss_oxide::scanner: Reading "C:\\Users\\stan\\Documents\\Code\\Web\\Astro\\static_portfolio\\src\\icons\\mongo.svg"
2025-12-26T15:51:46.042744Z  INFO tailwindcss_oxide::scanner: Reading "C:\\Users\\stan\\Documents\\Code\\Web\\Astro\\static_portfolio\\src\\hooks\\use-device-detect.ts"
2025-12-26T15:51:46.042838Z  INFO tailwindcss_oxide::scanner: Reading "C:\\Users\\stan\\Documents\\Code\\Web\\Astro\\static_portfolio\\src\\icons\\sass.svg"
2025-12-26T15:51:46.042416Z  INFO tailwindcss_oxide::scanner: Reading "C:\\Users\\stan\\Documents\\Code\\Web\\Astro\\static_portfolio\\src\\components\\story\\ParallaxBackdrop.astro"
2025-12-26T15:51:46.042480Z  INFO tailwindcss_oxide::scanner: Reading "C:\\Users\\stan\\Documents\\Code\\Web\\Astro\\static_portfolio\\src\\components\\projects\\filtering\\sections\\BoolSwitch.tsx"
2025-12-26T15:51:46.043025Z  INFO tailwindcss_oxide::scanner: Reading "C:\\Users\\stan\\Documents\\Code\\Web\\Astro\\static_portfolio\\src\\icons\\moon.svg"
2025-12-26T15:51:46.043034Z  INFO tailwindcss_oxide::scanner: Reading "C:\\Users\\stan\\Documents\\Code\\Web\\Astro\\static_portfolio\\src\\hooks\\use-dom-ready.ts"
2025-12-26T15:51:46.043068Z  INFO tailwindcss_oxide::scanner: Reading "C:\\Users\\stan\\Documents\\Code\\Web\\Astro\\static_portfolio\\src\\icons\\sun.svg"
2025-12-26T15:51:46.043208Z  INFO tailwindcss_oxide::scanner: Reading "C:\\Users\\stan\\Documents\\Code\\Web\\Astro\\static_portfolio\\src\\components\\projects\\filtering\\sections\\SliderTooltip.tsx"
2025-12-26T15:51:46.043292Z  INFO tailwindcss_oxide::scanner: Reading "C:\\Users\\stan\\Documents\\Code\\Web\\Astro\\static_portfolio\\src\\hooks\\use-error-boundary.tsx"
2025-12-26T15:51:46.042133Z  INFO tailwindcss_oxide::scanner: Reading "C:\\Users\\stan\\Documents\\Code\\Web\\Astro\\static_portfolio\\src\\components\\projects\\grid\\ProjectGrid.tsx"
2025-12-26T15:51:46.043803Z  INFO tailwindcss_oxide::scanner: Reading "C:\\Users\\stan\\Documents\\Code\\Web\\Astro\\static_portfolio\\src\\hooks\\use-focus-trap.ts"
2025-12-26T15:51:46.043934Z  INFO tailwindcss_oxide::scanner: Reading "C:\\Users\\stan\\Documents\\Code\\Web\\Astro\\static_portfolio\\src\\components\\projects\\grid\\ProjectGridSkeleton.tsx"
2025-12-26T15:51:46.042757Z  INFO tailwindcss_oxide::scanner: Reading "C:\\Users\\stan\\Documents\\Code\\Web\\Astro\\static_portfolio\\src\\icons\\html.svg"
2025-12-26T15:51:46.044184Z  INFO tailwindcss_oxide::scanner: Reading "C:\\Users\\stan\\Documents\\Code\\Web\\Astro\\static_portfolio\\src\\components\\projects\\grid\\useStagger.ts"
2025-12-26T15:51:46.043305Z  INFO tailwindcss_oxide::scanner: Reading "C:\\Users\\stan\\Documents\\Code\\Web\\Astro\\static_portfolio\\src\\icons\\tailwind.svg"
2025-12-26T15:51:46.043437Z  INFO tailwindcss_oxide::scanner: Reading "C:\\Users\\stan\\Documents\\Code\\Web\\Astro\\static_portfolio\\src\\icons\\mysql.svg"
2025-12-26T15:51:46.044350Z  INFO tailwindcss_oxide::scanner: Reading "C:\\Users\\stan\\Documents\\Code\\Web\\Astro\\static_portfolio\\src\\components\\projects\\GSAPContextProvider.tsx"
2025-12-26T15:51:46.044558Z  INFO tailwindcss_oxide::scanner: Reading "C:\\Users\\stan\\Documents\\Code\\Web\\Astro\\static_portfolio\\src\\icons\\twitter.svg"
2025-12-26T15:51:46.044600Z  INFO tailwindcss_oxide::scanner: Reading "C:\\Users\\stan\\Documents\\Code\\Web\\Astro\\static_portfolio\\src\\icons\\Neovim-mark.svg"
2025-12-26T15:51:46.044619Z  INFO tailwindcss_oxide::scanner: Reading "C:\\Users\\stan\\Documents\\Code\\Web\\Astro\\static_portfolio\\src\\components\\projects\\lightbox.ts"
2025-12-26T15:51:46.043506Z  INFO tailwindcss_oxide::scanner: Reading "C:\\Users\\stan\\Documents\\Code\\Web\\Astro\\static_portfolio\\src\\components\\story\\ParallaxWindow.astro"
2025-12-26T15:51:46.044829Z  INFO tailwindcss_oxide::scanner: Reading "C:\\Users\\stan\\Documents\\Code\\Web\\Astro\\static_portfolio\\src\\components\\projects\\overlay\\CarouselSlider.tsx"
2025-12-26T15:51:46.044843Z  INFO tailwindcss_oxide::scanner: Reading "C:\\Users\\stan\\Documents\\Code\\Web\\Astro\\static_portfolio\\src\\icons\\typescript.svg"
2025-12-26T15:51:46.044877Z  INFO tailwindcss_oxide::scanner: Reading "C:\\Users\\stan\\Documents\\Code\\Web\\Astro\\static_portfolio\\src\\components\\story\\SafeDrawer.tsx"
2025-12-26T15:51:46.042753Z  INFO tailwindcss_oxide::scanner: Reading "C:\\Users\\stan\\Documents\\Code\\Web\\Astro\\static_portfolio\\src\\icons\\node.svg"
2025-12-26T15:51:46.045042Z  INFO tailwindcss_oxide::scanner: Reading "C:\\Users\\stan\\Documents\\Code\\Web\\Astro\\static_portfolio\\src\\components\\projects\\overlay\\contextMenu.tsx"
2025-12-26T15:51:46.045109Z  INFO tailwindcss_oxide::scanner: Reading "C:\\Users\\stan\\Documents\\Code\\Web\\Astro\\static_portfolio\\src\\icons\\Ubuntu.svg"
2025-12-26T15:51:46.045192Z  INFO tailwindcss_oxide::scanner: Reading "C:\\Users\\stan\\Documents\\Code\\Web\\Astro\\static_portfolio\\src\\components\\story\\SidebarItem.astro"
2025-12-26T15:51:46.045245Z  INFO tailwindcss_oxide::scanner: Reading "C:\\Users\\stan\\Documents\\Code\\Web\\Astro\\static_portfolio\\src\\components\\projects\\overlay\\DotButton.tsx"
2025-12-26T15:51:46.045283Z  INFO tailwindcss_oxide::scanner: Reading "C:\\Users\\stan\\Documents\\Code\\Web\\Astro\\static_portfolio\\src\\icons\\NumPy.svg"
2025-12-26T15:51:46.045339Z  INFO tailwindcss_oxide::scanner: Reading "C:\\Users\\stan\\Documents\\Code\\Web\\Astro\\static_portfolio\\src\\icons\\vercel.svg"
2025-12-26T15:51:46.045467Z  INFO tailwindcss_oxide::scanner: Reading "C:\\Users\\stan\\Documents\\Code\\Web\\Astro\\static_portfolio\\src\\components\\projects\\overlay\\MultiAccordion.tsx"
2025-12-26T15:51:46.044352Z  INFO tailwindcss_oxide::scanner: Reading "C:\\Users\\stan\\Documents\\Code\\Web\\Astro\\static_portfolio\\src\\icons\\icon-rocq-orange.svg"
2025-12-26T15:51:46.045550Z  INFO tailwindcss_oxide::scanner: Reading "C:\\Users\\stan\\Documents\\Code\\Web\\Astro\\static_portfolio\\src\\icons\\netlify.svg"
2025-12-26T15:51:46.045567Z  INFO tailwindcss_oxide::scanner: Reading "C:\\Users\\stan\\Documents\\Code\\Web\\Astro\\static_portfolio\\src\\icons\\whatsapp.svg"
2025-12-26T15:51:46.044018Z  INFO tailwindcss_oxide::scanner: Reading "C:\\Users\\stan\\Documents\\Code\\Web\\Astro\\static_portfolio\\src\\hooks\\use-in-view.ts"
2025-12-26T15:51:46.045712Z  INFO tailwindcss_oxide::scanner: Reading "C:\\Users\\stan\\Documents\\Code\\Web\\Astro\\static_portfolio\\src\\components\\projects\\overlay\\ProjectCarousel.tsx"
2025-12-26T15:51:46.045789Z  INFO tailwindcss_oxide::scanner: Reading "C:\\Users\\stan\\Documents\\Code\\Web\\Astro\\static_portfolio\\src\\icons\\info.svg"
2025-12-26T15:51:46.043464Z  INFO tailwindcss_oxide::scanner: Reading "C:\\Users\\stan\\Documents\\Code\\Web\\Astro\\static_portfolio\\src\\components\\projects\\filtering\\sections\\TagFilterSection.tsx"
2025-12-26T15:51:46.045871Z  INFO tailwindcss_oxide::scanner: Reading "C:\\Users\\stan\\Documents\\Code\\Web\\Astro\\static_portfolio\\src\\hooks\\use-intersection-observer.ts"
2025-12-26T15:51:46.045952Z  INFO tailwindcss_oxide::scanner: Reading "C:\\Users\\stan\\Documents\\Code\\Web\\Astro\\static_portfolio\\src\\components\\projects\\overlay\\ProjectCarouselDialog.tsx"
2025-12-26T15:51:46.045432Z  INFO tailwindcss_oxide::scanner: Reading "C:\\Users\\stan\\Documents\\Code\\Web\\Astro\\static_portfolio\\src\\components\\story\\SidebarSection.astro"
2025-12-26T15:51:46.046063Z  INFO tailwindcss_oxide::scanner: Reading "C:\\Users\\stan\\Documents\\Code\\Web\\Astro\\static_portfolio\\src\\icons\\instagram.svg"
2025-12-26T15:51:46.046102Z  INFO tailwindcss_oxide::scanner: Reading "C:\\Users\\stan\\Documents\\Code\\Web\\Astro\\static_portfolio\\src\\icons\\javascript.svg"
2025-12-26T15:51:46.046152Z  INFO tailwindcss_oxide::scanner: Reading "C:\\Users\\stan\\Documents\\Code\\Web\\Astro\\static_portfolio\\src\\hooks\\use-is-client.ts"
2025-12-26T15:51:46.046203Z  INFO tailwindcss_oxide::scanner: Reading "C:\\Users\\stan\\Documents\\Code\\Web\\Astro\\static_portfolio\\src\\components\\projects\\overlay\\selection.ts"
2025-12-26T15:51:46.046277Z  INFO tailwindcss_oxide::scanner: Reading "C:\\Users\\stan\\Documents\\Code\\Web\\Astro\\static_portfolio\\src\\components\\story\\Story.astro"
2025-12-26T15:51:46.046422Z  INFO tailwindcss_oxide::scanner: Reading "C:\\Users\\stan\\Documents\\Code\\Web\\Astro\\static_portfolio\\src\\components\\projects\\overlay\\SelectionToolbar.tsx"
2025-12-26T15:51:46.046293Z  INFO tailwindcss_oxide::scanner: Reading "C:\\Users\\stan\\Documents\\Code\\Web\\Astro\\static_portfolio\\src\\components\\story\\StoryAnimator.tsx"
2025-12-26T15:51:46.046526Z  INFO tailwindcss_oxide::scanner: Reading "C:\\Users\\stan\\Documents\\Code\\Web\\Astro\\static_portfolio\\src\\components\\projects\\filtering\\sections\\TagFilterSection2.tsx"
2025-12-26T15:51:46.046634Z  INFO tailwindcss_oxide::scanner: Reading "C:\\Users\\stan\\Documents\\Code\\Web\\Astro\\static_portfolio\\src\\components\\projects\\overlay\\TransparentDialog.tsx"
2025-12-26T15:51:46.045523Z  INFO tailwindcss_oxide::scanner: Reading "C:\\Users\\stan\\Documents\\Code\\Web\\Astro\\static_portfolio\\src\\icons\\Pandas.svg"
2025-12-26T15:51:46.046779Z  INFO tailwindcss_oxide::scanner: Reading "C:\\Users\\stan\\Documents\\Code\\Web\\Astro\\static_portfolio\\src\\components\\projects\\filtering\\sections\\YearSlider.tsx"
2025-12-26T15:51:46.046921Z  INFO tailwindcss_oxide::scanner: Reading "C:\\Users\\stan\\Documents\\Code\\Web\\Astro\\static_portfolio\\src\\components\\projects\\overlay\\useDotButton.ts"
2025-12-26T15:51:46.046974Z  INFO tailwindcss_oxide::scanner: Reading "C:\\Users\\stan\\Documents\\Code\\Web\\Astro\\static_portfolio\\src\\icons\\paperplane.svg"
2025-12-26T15:51:46.045808Z  INFO tailwindcss_oxide::scanner: Reading "C:\\Users\\stan\\Documents\\Code\\Web\\Astro\\static_portfolio\\src\\icons\\windsurf-logo.svg"
2025-12-26T15:51:46.047026Z  INFO tailwindcss_oxide::scanner: Reading "C:\\Users\\stan\\Documents\\Code\\Web\\Astro\\static_portfolio\\src\\icons\\php.svg"
2025-12-26T15:51:46.047130Z  INFO tailwindcss_oxide::scanner: Reading "C:\\Users\\stan\\Documents\\Code\\Web\\Astro\\static_portfolio\\src\\components\\projects\\overlay\\useSelection.ts"
2025-12-26T15:51:46.047271Z  INFO tailwindcss_oxide::scanner: Reading "C:\\Users\\stan\\Documents\\Code\\Web\\Astro\\static_portfolio\\src\\icons\\Powershell.svg"
2025-12-26T15:51:46.046349Z  INFO tailwindcss_oxide::scanner: Reading "C:\\Users\\stan\\Documents\\Code\\Web\\Astro\\static_portfolio\\src\\hooks\\use-is-first-render.ts"
2025-12-26T15:51:46.047455Z  INFO tailwindcss_oxide::scanner: Reading "C:\\Users\\stan\\Documents\\Code\\Web\\Astro\\static_portfolio\\src\\components\\projects\\parseMdx.ts"
2025-12-26T15:51:46.047504Z  INFO tailwindcss_oxide::scanner: Reading "C:\\Users\\stan\\Documents\\Code\\Web\\Astro\\static_portfolio\\src\\hooks\\use-long-press.ts"
2025-12-26T15:51:46.047518Z  INFO tailwindcss_oxide::scanner: Reading "C:\\Users\\stan\\Documents\\Code\\Web\\Astro\\static_portfolio\\src\\icons\\xmark.svg"
2025-12-26T15:51:46.047542Z  INFO tailwindcss_oxide::scanner: Reading "C:\\Users\\stan\\Documents\\Code\\Web\\Astro\\static_portfolio\\src\\icons\\wordpress.svg"
2025-12-26T15:51:46.046679Z  INFO tailwindcss_oxide::scanner: Reading "C:\\Users\\stan\\Documents\\Code\\Web\\Astro\\static_portfolio\\src\\components\\story\\StoryDrawer.tsx"
2025-12-26T15:51:46.046699Z  INFO tailwindcss_oxide::scanner: Reading "C:\\Users\\stan\\Documents\\Code\\Web\\Astro\\static_portfolio\\src\\pages\\blog\\posts\\readme-neonmint.md"
2025-12-26T15:51:46.046347Z  INFO tailwindcss_oxide::scanner: Reading "C:\\Users\\stan\\Documents\\Code\\Web\\Astro\\static_portfolio\\src\\icons\\LaTeX.svg"
2025-12-26T15:51:46.047224Z  INFO tailwindcss_oxide::scanner: Reading "C:\\Users\\stan\\Documents\\Code\\Web\\Astro\\static_portfolio\\src\\icons\\person.svg"
2025-12-26T15:51:46.047712Z  INFO tailwindcss_oxide::scanner: Reading "C:\\Users\\stan\\Documents\\Code\\Web\\Astro\\static_portfolio\\src\\pages\\story\\sidebar\\section_two.mdx"
2025-12-26T15:51:46.048163Z  INFO tailwindcss_oxide::scanner: Reading "C:\\Users\\stan\\Documents\\Code\\Web\\Astro\\static_portfolio\\src\\pages\\blog\\tags\\index.astro"
2025-12-26T15:51:46.048190Z  INFO tailwindcss_oxide::scanner: Reading "C:\\Users\\stan\\Documents\\Code\\Web\\Astro\\static_portfolio\\src\\icons\\linkedin.svg"
2025-12-26T15:51:46.048239Z  INFO tailwindcss_oxide::scanner: Reading "C:\\Users\\stan\\Documents\\Code\\Web\\Astro\\static_portfolio\\src\\utils\\languages.ts"
2025-12-26T15:51:46.048473Z  INFO tailwindcss_oxide::scanner: Reading "C:\\Users\\stan\\Documents\\Code\\Web\\Astro\\static_portfolio\\src\\icons\\logo-rocq-vertical-orange.svg"
2025-12-26T15:51:46.048558Z  INFO tailwindcss_oxide::scanner: Reading "C:\\Users\\stan\\Documents\\Code\\Web\\Astro\\static_portfolio\\src\\pages\\blog\\tags\\[tag].astro"
2025-12-26T15:51:46.048707Z  INFO tailwindcss_oxide::scanner: Reading "C:\\Users\\stan\\Documents\\Code\\Web\\Astro\\static_portfolio\\src\\icons\\logo.svg"
2025-12-26T15:51:46.048719Z  INFO tailwindcss_oxide::scanner: Reading "C:\\Users\\stan\\Documents\\Code\\Web\\Astro\\static_portfolio\\src\\utils\\textloader.ts"
2025-12-26T15:51:46.048918Z  INFO tailwindcss_oxide::scanner: Reading "C:\\Users\\stan\\Documents\\Code\\Web\\Astro\\static_portfolio\\src\\pages\\blog\\techs\\index.astro"
2025-12-26T15:51:46.048956Z  INFO tailwindcss_oxide::scanner: Reading "C:\\Users\\stan\\Documents\\Code\\Web\\Astro\\static_portfolio\\src\\icons\\Lua.svg"
2025-12-26T15:51:46.049016Z  INFO tailwindcss_oxide::scanner: Reading "C:\\Users\\stan\\Documents\\Code\\Web\\Astro\\static_portfolio\\stateFlow.txt"
2025-12-26T15:51:46.047760Z  INFO tailwindcss_oxide::scanner: Reading "C:\\Users\\stan\\Documents\\Code\\Web\\Astro\\static_portfolio\\src\\icons\\youtube.svg"
2025-12-26T15:51:46.049196Z  INFO tailwindcss_oxide::scanner: Reading "C:\\Users\\stan\\Documents\\Code\\Web\\Astro\\static_portfolio\\src\\icons\\markdown.svg"
2025-12-26T15:51:46.047721Z  INFO tailwindcss_oxide::scanner: Reading "C:\\Users\\stan\\Documents\\Code\\Web\\Astro\\static_portfolio\\src\\hooks\\use-media-query.tsx"
2025-12-26T15:51:46.049496Z  INFO tailwindcss_oxide::scanner: Reading "C:\\Users\\stan\\Documents\\Code\\Web\\Astro\\static_portfolio\\src\\layouts\\Layout.astro"
2025-12-26T15:51:46.049634Z  INFO tailwindcss_oxide::scanner: Reading "C:\\Users\\stan\\Documents\\Code\\Web\\Astro\\static_portfolio\\src\\hooks\\use-merge-refs.ts"
2025-12-26T15:51:46.047755Z  INFO tailwindcss_oxide::scanner: Reading "C:\\Users\\stan\\Documents\\Code\\Web\\Astro\\static_portfolio\\src\\lib\\type-utils.ts"
2025-12-26T15:51:46.049752Z  INFO tailwindcss_oxide::scanner: Reading "C:\\Users\\stan\\Documents\\Code\\Web\\Astro\\static_portfolio\\src\\layouts\\MarkdownAbout.astro"
2025-12-26T15:51:46.049828Z  INFO tailwindcss_oxide::scanner: Reading "C:\\Users\\stan\\Documents\\Code\\Web\\Astro\\static_portfolio\\src\\hooks\\use-mobile.ts"
2025-12-26T15:51:46.048444Z  INFO tailwindcss_oxide::scanner: Reading "C:\\Users\\stan\\Documents\\Code\\Web\\Astro\\static_portfolio\\src\\pages\\story\\sidebar\\testFile.mdx"
2025-12-26T15:51:46.050000Z  INFO tailwindcss_oxide::scanner: Reading "C:\\Users\\stan\\Documents\\Code\\Web\\Astro\\static_portfolio\\src\\layouts\\MarkdownPostLayout.astro"
2025-12-26T15:51:46.050171Z  INFO tailwindcss_oxide::scanner: Reading "C:\\Users\\stan\\Documents\\Code\\Web\\Astro\\static_portfolio\\src\\pages\\story\\sidebar\\test_section.mdx"
2025-12-26T15:51:46.049638Z  INFO tailwindcss_oxide::scanner: Reading "C:\\Users\\stan\\Documents\\Code\\Web\\Astro\\static_portfolio\\tsconfig.json"
2025-12-26T15:51:46.050367Z  INFO tailwindcss_oxide::scanner: Reading "C:\\Users\\stan\\Documents\\Code\\Web\\Astro\\static_portfolio\\src\\layouts\\ProjectLayout.astro"
2025-12-26T15:51:46.050411Z  INFO tailwindcss_oxide::scanner: Reading "C:\\Users\\stan\\Documents\\Code\\Web\\Astro\\static_portfolio\\src\\scripts\\menu.js"
2025-12-26T15:51:46.049228Z  INFO tailwindcss_oxide::scanner: Reading "C:\\Users\\stan\\Documents\\Code\\Web\\Astro\\static_portfolio\\static_portfolio.code-workspace"
2025-12-26T15:51:46.050504Z  INFO tailwindcss_oxide::scanner: Reading "C:\\Users\\stan\\Documents\\Code\\Web\\Astro\\static_portfolio\\_tailwind.config.cjs"
2025-12-26T15:51:46.050031Z  INFO tailwindcss_oxide::scanner: Reading "C:\\Users\\stan\\Documents\\Code\\Web\\Astro\\static_portfolio\\src\\hooks\\use-mounted.ts"
2025-12-26T15:51:46.050611Z  INFO tailwindcss_oxide::scanner: Reading "C:\\Users\\stan\\Documents\\Code\\Web\\Astro\\static_portfolio\\src\\types\\gsap-react.d.ts"
2025-12-26T15:51:46.050613Z  INFO tailwindcss_oxide::scanner: Reading "C:\\Users\\stan\\Documents\\Code\\Web\\Astro\\static_portfolio\\src\\lib\\objutil.ts"
2025-12-26T15:51:46.050710Z  INFO tailwindcss_oxide::scanner: Reading "C:\\Users\\stan\\Documents\\Code\\Web\\Astro\\static_portfolio\\src\\hooks\\useChangeSubcription.ts"
2025-12-26T15:51:46.050766Z  INFO tailwindcss_oxide::scanner: Reading "C:\\Users\\stan\\Documents\\Code\\Web\\Astro\\static_portfolio\\src\\hooks\\use-mutation-observer.ts"
2025-12-26T15:51:46.050850Z  INFO tailwindcss_oxide::scanner: Reading "C:\\Users\\stan\\Documents\\Code\\Web\\Astro\\static_portfolio\\src\\hooks\\use-speakup.ts"
2025-12-26T15:51:46.050868Z  INFO tailwindcss_oxide::scanner: Reading "C:\\Users\\stan\\Documents\\Code\\Web\\Astro\\static_portfolio\\src\\types\\mdx.d.ts"
2025-12-26T15:51:46.050937Z  INFO tailwindcss_oxide::scanner: Reading "C:\\Users\\stan\\Documents\\Code\\Web\\Astro\\static_portfolio\\src\\hooks\\useDeferredValueSwitch.ts"
2025-12-26T15:51:46.051063Z  INFO tailwindcss_oxide::scanner: Reading "C:\\Users\\stan\\Documents\\Code\\Web\\Astro\\static_portfolio\\src\\hooks\\use-throttle.ts"
2025-12-26T15:51:46.051093Z  INFO tailwindcss_oxide::scanner: Reading "C:\\Users\\stan\\Documents\\Code\\Web\\Astro\\static_portfolio\\src\\types.d.ts"
2025-12-26T15:51:46.051121Z  INFO tailwindcss_oxide::scanner: Reading "C:\\Users\\stan\\Documents\\Code\\Web\\Astro\\static_portfolio\\src\\hooks\\use-render-debugger.ts"
2025-12-26T15:51:46.051136Z  INFO tailwindcss_oxide::scanner: Reading "C:\\Users\\stan\\Documents\\Code\\Web\\Astro\\static_portfolio\\src\\hooks\\useDeferredValueWithStatus.ts"
2025-12-26T15:51:46.050710Z  INFO tailwindcss_oxide::scanner: Reading "C:\\Users\\stan\\Documents\\Code\\Web\\Astro\\static_portfolio\\todo.md"
2025-12-26T15:51:46.051341Z  INFO tailwindcss_oxide::scanner: Reading "C:\\Users\\stan\\Documents\\Code\\Web\\Astro\\static_portfolio\\src\\pages\\blog\\index.astro"
2025-12-26T15:51:46.051364Z  INFO tailwindcss_oxide::scanner: Reading "C:\\Users\\stan\\Documents\\Code\\Web\\Astro\\static_portfolio\\src\\hooks\\use-scramble.ts"
2025-12-26T15:51:46.049244Z  INFO tailwindcss_oxide::scanner: Reading "C:\\Users\\stan\\Documents\\Code\\Web\\Astro\\static_portfolio\\src\\pages\\blog\\techs\\[category].astro"
2025-12-26T15:51:46.047866Z  INFO tailwindcss_oxide::scanner: Reading "C:\\Users\\stan\\Documents\\Code\\Web\\Astro\\static_portfolio\\src\\components\\story\\StorySection.astro"
2025-12-26T15:51:46.049904Z  INFO tailwindcss_oxide::scanner: Reading "C:\\Users\\stan\\Documents\\Code\\Web\\Astro\\static_portfolio\\src\\lib\\utils.ts"
2025-12-26T15:51:46.051582Z  INFO tailwindcss_oxide::scanner: Reading "C:\\Users\\stan\\Documents\\Code\\Web\\Astro\\static_portfolio\\src\\hooks\\use-scroll-to-top.ts"
2025-12-26T15:51:46.051611Z  INFO tailwindcss_oxide::scanner: Reading "C:\\Users\\stan\\Documents\\Code\\Web\\Astro\\static_portfolio\\src\\pages\\blog\\posts\\how-to-create-an-animated-border-with-tailwind.md"
2025-12-26T15:51:46.051839Z  INFO tailwindcss_oxide::scanner: Reading "C:\\Users\\stan\\Documents\\Code\\Web\\Astro\\static_portfolio\\src\\pages\\about-me.md"
2025-12-26T15:51:46.051632Z  INFO tailwindcss_oxide::scanner: Reading "C:\\Users\\stan\\Documents\\Code\\Web\\Astro\\static_portfolio\\src\\pages\\blog\\posts\\index.astro"
2025-12-26T15:51:46.051265Z  INFO tailwindcss_oxide::scanner: Reading "C:\\Users\\stan\\Documents\\Code\\Web\\Astro\\static_portfolio\\src\\hooks\\use-unmount.ts"
2025-12-26T15:51:46.052188Z  INFO tailwindcss_oxide::scanner: Reading "C:\\Users\\stan\\Documents\\Code\\Web\\Astro\\static_portfolio\\src\\pages\\robots.txt.ts"
2025-12-26T15:51:46.052220Z  INFO tailwindcss_oxide::scanner: Reading "C:\\Users\\stan\\Documents\\Code\\Web\\Astro\\static_portfolio\\src\\hooks\\use-update-effect.ts"
2025-12-26T15:51:46.051733Z  INFO tailwindcss_oxide::scanner: Reading "C:\\Users\\stan\\Documents\\Code\\Web\\Astro\\static_portfolio\\src\\pages\\index.astro"
2025-12-26T15:51:46.052403Z  INFO tailwindcss_oxide::scanner: Reading "C:\\Users\\stan\\Documents\\Code\\Web\\Astro\\static_portfolio\\src\\pages\\rss.xml.js"
2025-12-26T15:51:46.052505Z  INFO tailwindcss_oxide::scanner: Reading "C:\\Users\\stan\\Documents\\Code\\Web\\Astro\\static_portfolio\\src\\hooks\\use-window-scroll.ts"
2025-12-26T15:51:46.052772Z  INFO tailwindcss_oxide::scanner: Reading "C:\\Users\\stan\\Documents\\Code\\Web\\Astro\\static_portfolio\\src\\pages\\scratch2.astro"
2025-12-26T15:51:46.051776Z  INFO tailwindcss_oxide::scanner: Reading "C:\\Users\\stan\\Documents\\Code\\Web\\Astro\\static_portfolio\\src\\hooks\\use-session-storage.ts"
2025-12-26T15:51:46.053032Z  INFO tailwindcss_oxide::scanner: Reading "C:\\Users\\stan\\Documents\\Code\\Web\\Astro\\static_portfolio\\src\\pages\\story\\sections\\section_three.mdx"
2025-12-26T15:51:46.053047Z  INFO tailwindcss_oxide::scanner: Reading "C:\\Users\\stan\\Documents\\Code\\Web\\Astro\\static_portfolio\\src\\hooks\\useCallbackRequest.ts"
2025-12-26T15:51:46.053274Z  INFO tailwindcss_oxide::scanner: Reading "C:\\Users\\stan\\Documents\\Code\\Web\\Astro\\static_portfolio\\src\\hooks\\useImagesLoaded.ts"
2025-12-26T15:51:46.053951Z  INFO tailwindcss_oxide::scanner: Reading "C:\\Users\\stan\\Documents\\Code\\Web\\Astro\\static_portfolio\\src\\pages\\scratch.astro"
2025-12-26T15:51:46.052250Z  INFO tailwindcss_oxide::scanner: Reading "C:\\Users\\stan\\Documents\\Code\\Web\\Astro\\static_portfolio\\src\\pages\\portfolio\\projects\\neonmint.md"
2025-12-26T15:51:46.054502Z  INFO tailwindcss_oxide::scanner: Reading "C:\\Users\\stan\\Documents\\Code\\Web\\Astro\\static_portfolio\\src\\hooks\\useReportingMemo.ts"
2025-12-26T15:51:46.054607Z  INFO tailwindcss_oxide::scanner: Reading "C:\\Users\\stan\\Documents\\Code\\Web\\Astro\\static_portfolio\\src\\hooks\\useScrollToRow.tsx"
2025-12-26T15:51:46.054747Z  INFO tailwindcss_oxide::scanner: Reading "C:\\Users\\stan\\Documents\\Code\\Web\\Astro\\static_portfolio\\src\\hooks\\useResizeObserver.ts"
2025-12-26T15:51:46.054852Z  INFO tailwindcss_oxide::scanner: Reading "C:\\Users\\stan\\Documents\\Code\\Web\\Astro\\static_portfolio\\src\\hooks\\useSyncedRef.ts"
2025-12-26T15:51:46.054981Z  INFO tailwindcss_oxide::scanner: Reading "C:\\Users\\stan\\Documents\\Code\\Web\\Astro\\static_portfolio\\src\\hooks\\usePromiseTransition.ts"
2025-12-26T15:51:46.055144Z  INFO tailwindcss_oxide::scanner: Reading "C:\\Users\\stan\\Documents\\Code\\Web\\Astro\\static_portfolio\\src\\pages\\story\\sections\\test_section.mdx"
2025-12-26T15:51:46.055208Z  INFO tailwindcss_oxide::scanner: Reading "C:\\Users\\stan\\Documents\\Code\\Web\\Astro\\static_portfolio\\src\\hooks\\useFlip.ts"
2025-12-26T15:51:46.055353Z  INFO tailwindcss_oxide::scanner: Reading "C:\\Users\\stan\\Documents\\Code\\Web\\Astro\\static_portfolio\\src\\hooks\\useGSAPContext.ts"
2025-12-26T15:51:46.051801Z  INFO tailwindcss_oxide::scanner: Reading "C:\\Users\\stan\\Documents\\Code\\Web\\Astro\\static_portfolio\\src\\components\\story\\StorySidebar.astro"
2025-12-26T15:51:46.051479Z  INFO tailwindcss_oxide::scanner: Reading "C:\\Users\\stan\\Documents\\Code\\Web\\Astro\\static_portfolio\\src\\hooks\\useDelayedFunc.ts"
2025-12-26T15:51:46.055506Z  INFO tailwindcss_oxide::scanner: Reading "C:\\Users\\stan\\Documents\\Code\\Web\\Astro\\static_portfolio\\src\\hooks\\useEnsureRef.ts"
2025-12-26T15:51:46.053400Z  INFO tailwindcss_oxide::scanner: Reading "C:\\Users\\stan\\Documents\\Code\\Web\\Astro\\static_portfolio\\src\\pages\\story\\sections\\section_two.mdx"
2025-12-26T15:51:46.053522Z  INFO tailwindcss_oxide::scanner: Reading "C:\\Users\\stan\\Documents\\Code\\Web\\Astro\\static_portfolio\\src\\hooks\\useAnimateHeight.ts"
2025-12-26T15:51:46.053986Z  INFO tailwindcss_oxide::scanner: Reading "C:\\Users\\stan\\Documents\\Code\\Web\\Astro\\static_portfolio\\src\\hooks\\usePromise.ts"
2025-12-26T15:51:46.052197Z  INFO tailwindcss_oxide::scanner: Reading "C:\\Users\\stan\\Documents\\Code\\Web\\Astro\\static_portfolio\\src\\pages\\blog\\posts\\markdown-tutorial.md"
2025-12-26T15:51:46.059294Z  INFO extract_candidates:read_all_files: tailwindcss_oxide::scanner: exit
2025-12-26T15:51:46.059340Z  INFO extract_candidates:parse_all_blobs: tailwindcss_oxide::scanner: enter
2025-12-26T15:51:46.059361Z  INFO extract_candidates:parse_all_blobs:extract: tailwindcss_oxide::scanner: enter
2025-12-26T15:51:46.096025Z  INFO extract_candidates:parse_all_blobs:extract: tailwindcss_oxide::scanner: exit
2025-12-26T15:51:46.096370Z  INFO extract_candidates:parse_all_blobs: tailwindcss_oxide::scanner: exit
2025-12-26T15:51:46.096417Z  INFO extract_candidates:read_all_files: tailwindcss_oxide::scanner: enter
2025-12-26T15:51:46.096434Z  INFO extract_candidates:read_all_files: tailwindcss_oxide::scanner: Reading 41 file(s)
2025-12-26T15:51:46.096819Z  INFO tailwindcss_oxide::scanner: Reading "C:\\Users\\stan\\Documents\\Code\\Web\\Astro\\static_portfolio\\src\\styles\\starry-night\\dimmed-dark.css"
2025-12-26T15:51:46.096940Z  INFO tailwindcss_oxide::scanner: Reading "C:\\Users\\stan\\Documents\\Code\\Web\\Astro\\static_portfolio\\src\\styles\\starry-night\\colorblind.css"
2025-12-26T15:51:46.096975Z  INFO tailwindcss_oxide::scanner: Reading "C:\\Users\\stan\\Documents\\Code\\Web\\Astro\\static_portfolio\\src\\styles\\starry-night\\light.css"
2025-12-26T15:51:46.097047Z  INFO tailwindcss_oxide::scanner: Reading "C:\\Users\\stan\\Documents\\Code\\Web\\Astro\\static_portfolio\\public\\styles\\starry-night\\high-contrast-dark.css"
2025-12-26T15:51:46.097086Z  INFO tailwindcss_oxide::scanner: Reading "C:\\Users\\stan\\Documents\\Code\\Web\\Astro\\static_portfolio\\src\\styles\\starry-night\\dimmed.css"
2025-12-26T15:51:46.097221Z  INFO tailwindcss_oxide::scanner: Reading "C:\\Users\\stan\\Documents\\Code\\Web\\Astro\\static_portfolio\\src\\styles\\starry-night\\core.css"
2025-12-26T15:51:46.097244Z  INFO tailwindcss_oxide::scanner: Reading "C:\\Users\\stan\\Documents\\Code\\Web\\Astro\\static_portfolio\\src\\styles\\starry-night\\tritanopia-dark.css"
2025-12-26T15:51:46.097301Z  INFO tailwindcss_oxide::scanner: Reading "C:\\Users\\stan\\Documents\\Code\\Web\\Astro\\static_portfolio\\public\\styles\\starry-night\\high-contrast-light.css"
2025-12-26T15:51:46.096819Z  INFO tailwindcss_oxide::scanner: Reading "C:\\Users\\stan\\Documents\\Code\\Web\\Astro\\static_portfolio\\src\\styles\\projects.css"
2025-12-26T15:51:46.097335Z  INFO tailwindcss_oxide::scanner: Reading "C:\\Users\\stan\\Documents\\Code\\Web\\Astro\\static_portfolio\\src\\styles\\starry-night\\high-contrast-dark.css"
2025-12-26T15:51:46.097455Z  INFO tailwindcss_oxide::scanner: Reading "C:\\Users\\stan\\Documents\\Code\\Web\\Astro\\static_portfolio\\src\\styles\\starry-night\\dark.css"
2025-12-26T15:51:46.097511Z  INFO tailwindcss_oxide::scanner: Reading "C:\\Users\\stan\\Documents\\Code\\Web\\Astro\\static_portfolio\\src\\styles\\starry-night\\tritanopia-light.css"
2025-12-26T15:51:46.097876Z  INFO tailwindcss_oxide::scanner: Reading "C:\\Users\\stan\\Documents\\Code\\Web\\Astro\\static_portfolio\\src\\styles\\scratch2.css"
2025-12-26T15:51:46.097946Z  INFO tailwindcss_oxide::scanner: Reading "C:\\Users\\stan\\Documents\\Code\\Web\\Astro\\static_portfolio\\src\\styles\\starry-night\\high-contrast-light.css"
2025-12-26T15:51:46.098049Z  INFO tailwindcss_oxide::scanner: Reading "C:\\Users\\stan\\Documents\\Code\\Web\\Astro\\static_portfolio\\src\\styles\\starry-night\\default-dark.css"
2025-12-26T15:51:46.096828Z  INFO tailwindcss_oxide::scanner: Reading "C:\\Users\\stan\\Documents\\Code\\Web\\Astro\\static_portfolio\\public\\styles\\starry-night\\colorblind-light.css"
2025-12-26T15:51:46.097631Z  INFO tailwindcss_oxide::scanner: Reading "C:\\Users\\stan\\Documents\\Code\\Web\\Astro\\static_portfolio\\public\\styles\\starry-night\\high-contrast.css"
2025-12-26T15:51:46.098295Z  INFO tailwindcss_oxide::scanner: Reading "C:\\Users\\stan\\Documents\\Code\\Web\\Astro\\static_portfolio\\src\\styles\\starry-night\\default-light.css"
2025-12-26T15:51:46.098317Z  INFO tailwindcss_oxide::scanner: Reading "C:\\Users\\stan\\Documents\\Code\\Web\\Astro\\static_portfolio\\src\\styles\\starry-night\\high-contrast.css"
2025-12-26T15:51:46.098430Z  INFO tailwindcss_oxide::scanner: Reading "C:\\Users\\stan\\Documents\\Code\\Web\\Astro\\static_portfolio\\public\\styles\\starry-night\\colorblind.css"
2025-12-26T15:51:46.098541Z  INFO tailwindcss_oxide::scanner: Reading "C:\\Users\\stan\\Documents\\Code\\Web\\Astro\\static_portfolio\\public\\styles\\starry-night\\light.css"
2025-12-26T15:51:46.097637Z  INFO tailwindcss_oxide::scanner: Reading "C:\\Users\\stan\\Documents\\Code\\Web\\Astro\\static_portfolio\\public\\styles\\starry-night\\both.css"
2025-12-26T15:51:46.097571Z  INFO tailwindcss_oxide::scanner: Reading "C:\\Users\\stan\\Documents\\Code\\Web\\Astro\\static_portfolio\\public\\styles\\starry-night\\dark.css"
2025-12-26T15:51:46.098772Z  INFO tailwindcss_oxide::scanner: Reading "C:\\Users\\stan\\Documents\\Code\\Web\\Astro\\static_portfolio\\src\\styles\\starry-night-tailwind.css"
2025-12-26T15:51:46.098112Z  INFO tailwindcss_oxide::scanner: Reading "C:\\Users\\stan\\Documents\\Code\\Web\\Astro\\static_portfolio\\src\\styles\\starry-night\\both.css"
2025-12-26T15:51:46.098718Z  INFO tailwindcss_oxide::scanner: Reading "C:\\Users\\stan\\Documents\\Code\\Web\\Astro\\static_portfolio\\public\\styles\\starry-night\\colorblind-dark.css"
2025-12-26T15:51:46.098781Z  INFO tailwindcss_oxide::scanner: Reading "C:\\Users\\stan\\Documents\\Code\\Web\\Astro\\static_portfolio\\public\\styles\\starry-night\\core.css"
2025-12-26T15:51:46.098998Z  INFO tailwindcss_oxide::scanner: Reading "C:\\Users\\stan\\Documents\\Code\\Web\\Astro\\static_portfolio\\public\\styles\\starry-night\\default-dark.css"
2025-12-26T15:51:46.099080Z  INFO tailwindcss_oxide::scanner: Reading "C:\\Users\\stan\\Documents\\Code\\Web\\Astro\\static_portfolio\\src\\styles\\story.css"
2025-12-26T15:51:46.098797Z  INFO tailwindcss_oxide::scanner: Reading "C:\\Users\\stan\\Documents\\Code\\Web\\Astro\\static_portfolio\\public\\styles\\starry-night\\tritanopia-dark.css"
2025-12-26T15:51:46.099183Z  INFO tailwindcss_oxide::scanner: Reading "C:\\Users\\stan\\Documents\\Code\\Web\\Astro\\static_portfolio\\public\\styles\\starry-night\\tritanopia-light.css"
2025-12-26T15:51:46.098869Z  INFO tailwindcss_oxide::scanner: Reading "C:\\Users\\stan\\Documents\\Code\\Web\\Astro\\static_portfolio\\src\\styles\\starry-night\\colorblind-dark.css"
2025-12-26T15:51:46.099395Z  INFO tailwindcss_oxide::scanner: Reading "C:\\Users\\stan\\Documents\\Code\\Web\\Astro\\static_portfolio\\src\\styles\\details.css"
2025-12-26T15:51:46.099193Z  INFO tailwindcss_oxide::scanner: Reading "C:\\Users\\stan\\Documents\\Code\\Web\\Astro\\static_portfolio\\src\\styles\\carousel.css"
2025-12-26T15:51:46.098012Z  INFO tailwindcss_oxide::scanner: Reading "C:\\Users\\stan\\Documents\\Code\\Web\\Astro\\static_portfolio\\src\\styles\\starry-night\\tritanopia.css"
2025-12-26T15:51:46.099243Z  INFO tailwindcss_oxide::scanner: Reading "C:\\Users\\stan\\Documents\\Code\\Web\\Astro\\static_portfolio\\public\\styles\\starry-night\\default-light.css"
2025-12-26T15:51:46.099345Z  INFO tailwindcss_oxide::scanner: Reading "C:\\Users\\stan\\Documents\\Code\\Web\\Astro\\static_portfolio\\public\\styles\\starry-night\\dimmed-dark.css"
2025-12-26T15:51:46.099190Z  INFO tailwindcss_oxide::scanner: Reading "C:\\Users\\stan\\Documents\\Code\\Web\\Astro\\static_portfolio\\src\\styles\\starry-night\\colorblind-light.css"
2025-12-26T15:51:46.099471Z  INFO tailwindcss_oxide::scanner: Reading "C:\\Users\\stan\\Documents\\Code\\Web\\Astro\\static_portfolio\\public\\styles\\starry-night\\tritanopia.css"
2025-12-26T15:51:46.099698Z  INFO tailwindcss_oxide::scanner: Reading "C:\\Users\\stan\\Documents\\Code\\Web\\Astro\\static_portfolio\\public\\styles\\starry-night\\dimmed.css"
2025-12-26T15:51:46.099640Z  INFO tailwindcss_oxide::scanner: Reading "C:\\Users\\stan\\Documents\\Code\\Web\\Astro\\static_portfolio\\src\\styles\\global.css"
2025-12-26T15:51:46.100304Z  INFO extract_candidates:read_all_files: tailwindcss_oxide::scanner: exit
2025-12-26T15:51:46.100356Z  INFO extract_candidates:extract_css_variables: tailwindcss_oxide::scanner: enter
2025-12-26T15:51:46.100375Z  INFO extract_candidates:extract_css_variables:extract: tailwindcss_oxide::scanner: enter
2025-12-26T15:51:46.101980Z  INFO extract_candidates:extract_css_variables:extract: tailwindcss_oxide::scanner: exit
2025-12-26T15:51:46.102031Z  INFO extract_candidates:extract_css_variables: tailwindcss_oxide::scanner: exit
2025-12-26T15:51:46.107720Z  INFO extract_candidates: tailwindcss_oxide::scanner: exit
2025-12-26T15:51:46.121524Z  INFO get_files: tailwindcss_oxide::scanner: enter
2025-12-26T15:51:46.121564Z  INFO get_files:scan_sources: tailwindcss_oxide::scanner: enter
2025-12-26T15:51:46.127628Z  INFO get_files:scan_sources: tailwindcss_oxide::scanner: Discovering "C:\\Users\\stan\\Documents\\Code\\Web\\Astro\\static_portfolio\\.github"
2025-12-26T15:51:46.128713Z  INFO get_files:scan_sources: tailwindcss_oxide::scanner: Discovering "C:\\Users\\stan\\Documents\\Code\\Web\\Astro\\static_portfolio\\.github\\workflows"
2025-12-26T15:51:46.131299Z  INFO get_files:scan_sources: tailwindcss_oxide::scanner: Discovering "C:\\Users\\stan\\Documents\\Code\\Web\\Astro\\static_portfolio\\dev"
2025-12-26T15:51:46.132513Z  INFO get_files:scan_sources: tailwindcss_oxide::scanner: Discovering "C:\\Users\\stan\\Documents\\Code\\Web\\Astro\\static_portfolio\\dev\\components"
2025-12-26T15:51:46.133964Z  INFO get_files:scan_sources: tailwindcss_oxide::scanner: Discovering "C:\\Users\\stan\\Documents\\Code\\Web\\Astro\\static_portfolio\\dev\\lorem_ipsum"
2025-12-26T15:51:46.138961Z  INFO get_files:scan_sources: tailwindcss_oxide::scanner: Discovering "C:\\Users\\stan\\Documents\\Code\\Web\\Astro\\static_portfolio\\plugins"
2025-12-26T15:51:46.140560Z  INFO get_files:scan_sources: tailwindcss_oxide::scanner: Discovering "C:\\Users\\stan\\Documents\\Code\\Web\\Astro\\static_portfolio\\public"
2025-12-26T15:51:46.141547Z  INFO get_files:scan_sources: tailwindcss_oxide::scanner: Discovering "C:\\Users\\stan\\Documents\\Code\\Web\\Astro\\static_portfolio\\public\\images"
2025-12-26T15:51:46.142437Z  INFO get_files:scan_sources: tailwindcss_oxide::scanner: Discovering "C:\\Users\\stan\\Documents\\Code\\Web\\Astro\\static_portfolio\\public\\images\\posts"
2025-12-26T15:51:46.143396Z  INFO get_files:scan_sources: tailwindcss_oxide::scanner: Discovering "C:\\Users\\stan\\Documents\\Code\\Web\\Astro\\static_portfolio\\public\\images\\projects"
2025-12-26T15:51:46.144344Z  INFO get_files:scan_sources: tailwindcss_oxide::scanner: Discovering "C:\\Users\\stan\\Documents\\Code\\Web\\Astro\\static_portfolio\\public\\images\\story"
2025-12-26T15:51:46.145146Z  INFO get_files:scan_sources: tailwindcss_oxide::scanner: Discovering "C:\\Users\\stan\\Documents\\Code\\Web\\Astro\\static_portfolio\\public\\images\\story\\backdrop"
2025-12-26T15:51:46.148909Z  INFO get_files:scan_sources: tailwindcss_oxide::scanner: Discovering "C:\\Users\\stan\\Documents\\Code\\Web\\Astro\\static_portfolio\\public\\images\\story\\inline"
2025-12-26T15:51:46.149810Z  INFO get_files:scan_sources: tailwindcss_oxide::scanner: Discovering "C:\\Users\\stan\\Documents\\Code\\Web\\Astro\\static_portfolio\\public\\images\\story\\sidebar"
2025-12-26T15:51:46.151249Z  INFO get_files:scan_sources: tailwindcss_oxide::scanner: Discovering "C:\\Users\\stan\\Documents\\Code\\Web\\Astro\\static_portfolio\\public\\styles"
2025-12-26T15:51:46.152048Z  INFO get_files:scan_sources: tailwindcss_oxide::scanner: Discovering "C:\\Users\\stan\\Documents\\Code\\Web\\Astro\\static_portfolio\\public\\styles\\starry-night"
2025-12-26T15:51:46.155077Z  INFO get_files:scan_sources: tailwindcss_oxide::scanner: Discovering "C:\\Users\\stan\\Documents\\Code\\Web\\Astro\\static_portfolio\\src"
2025-12-26T15:51:46.155907Z  INFO get_files:scan_sources: tailwindcss_oxide::scanner: Discovering "C:\\Users\\stan\\Documents\\Code\\Web\\Astro\\static_portfolio\\src\\components"
2025-12-26T15:51:46.156696Z  INFO get_files:scan_sources: tailwindcss_oxide::scanner: Discovering "C:\\Users\\stan\\Documents\\Code\\Web\\Astro\\static_portfolio\\src\\components\\blog"
2025-12-26T15:51:46.158501Z  INFO get_files:scan_sources: tailwindcss_oxide::scanner: Discovering "C:\\Users\\stan\\Documents\\Code\\Web\\Astro\\static_portfolio\\src\\components\\layout"
2025-12-26T15:51:46.160676Z  INFO get_files:scan_sources: tailwindcss_oxide::scanner: Discovering "C:\\Users\\stan\\Documents\\Code\\Web\\Astro\\static_portfolio\\src\\components\\portfolio"
2025-12-26T15:51:46.162861Z  INFO get_files:scan_sources: tailwindcss_oxide::scanner: Discovering "C:\\Users\\stan\\Documents\\Code\\Web\\Astro\\static_portfolio\\src\\components\\projects"
2025-12-26T15:51:46.164422Z  INFO get_files:scan_sources: tailwindcss_oxide::scanner: Discovering "C:\\Users\\stan\\Documents\\Code\\Web\\Astro\\static_portfolio\\src\\components\\projects\\details"
2025-12-26T15:51:46.166285Z  INFO get_files:scan_sources: tailwindcss_oxide::scanner: Discovering "C:\\Users\\stan\\Documents\\Code\\Web\\Astro\\static_portfolio\\src\\components\\projects\\details\\interp"
2025-12-26T15:51:46.168807Z  INFO get_files:scan_sources: tailwindcss_oxide::scanner: Discovering "C:\\Users\\stan\\Documents\\Code\\Web\\Astro\\static_portfolio\\src\\components\\projects\\filtering"
2025-12-26T15:51:46.169505Z  INFO get_files:scan_sources: tailwindcss_oxide::scanner: Discovering "C:\\Users\\stan\\Documents\\Code\\Web\\Astro\\static_portfolio\\src\\components\\projects\\filtering\\common"
2025-12-26T15:51:46.170828Z  INFO get_files:scan_sources: tailwindcss_oxide::scanner: Discovering "C:\\Users\\stan\\Documents\\Code\\Web\\Astro\\static_portfolio\\src\\components\\projects\\filtering\\common\\stores"
2025-12-26T15:51:46.174384Z  INFO get_files:scan_sources: tailwindcss_oxide::scanner: Discovering "C:\\Users\\stan\\Documents\\Code\\Web\\Astro\\static_portfolio\\src\\components\\projects\\filtering\\sections"
2025-12-26T15:51:46.176010Z  INFO get_files:scan_sources: tailwindcss_oxide::scanner: Discovering "C:\\Users\\stan\\Documents\\Code\\Web\\Astro\\static_portfolio\\src\\components\\projects\\grid"
2025-12-26T15:51:46.176647Z  INFO get_files:scan_sources: tailwindcss_oxide::scanner: Discovering "C:\\Users\\stan\\Documents\\Code\\Web\\Astro\\static_portfolio\\src\\components\\projects\\grid\\items"
2025-12-26T15:51:46.177242Z  INFO get_files:scan_sources: tailwindcss_oxide::scanner: Discovering "C:\\Users\\stan\\Documents\\Code\\Web\\Astro\\static_portfolio\\src\\components\\projects\\grid\\items\\badges"
2025-12-26T15:51:46.178745Z  INFO get_files:scan_sources: tailwindcss_oxide::scanner: Discovering "C:\\Users\\stan\\Documents\\Code\\Web\\Astro\\static_portfolio\\src\\components\\projects\\grid\\items\\expansion"
2025-12-26T15:51:46.179896Z  INFO get_files:scan_sources: tailwindcss_oxide::scanner: Discovering "C:\\Users\\stan\\Documents\\Code\\Web\\Astro\\static_portfolio\\src\\components\\projects\\grid\\items\\sharing"
2025-12-26T15:51:46.181250Z  INFO get_files:scan_sources: tailwindcss_oxide::scanner: Discovering "C:\\Users\\stan\\Documents\\Code\\Web\\Astro\\static_portfolio\\src\\components\\projects\\overlay"
2025-12-26T15:51:46.183934Z  INFO get_files:scan_sources: tailwindcss_oxide::scanner: Discovering "C:\\Users\\stan\\Documents\\Code\\Web\\Astro\\static_portfolio\\src\\components\\projects\\util"
2025-12-26T15:51:46.185172Z  INFO get_files:scan_sources: tailwindcss_oxide::scanner: Discovering "C:\\Users\\stan\\Documents\\Code\\Web\\Astro\\static_portfolio\\src\\components\\story"
2025-12-26T15:51:46.185999Z  INFO get_files:scan_sources: tailwindcss_oxide::scanner: Discovering "C:\\Users\\stan\\Documents\\Code\\Web\\Astro\\static_portfolio\\src\\components\\story\\client"
2025-12-26T15:51:46.189234Z  INFO get_files:scan_sources: tailwindcss_oxide::scanner: Discovering "C:\\Users\\stan\\Documents\\Code\\Web\\Astro\\static_portfolio\\src\\components\\story\\util"
2025-12-26T15:51:46.190728Z  INFO get_files:scan_sources: tailwindcss_oxide::scanner: Discovering "C:\\Users\\stan\\Documents\\Code\\Web\\Astro\\static_portfolio\\src\\components\\story\\util\\types"
2025-12-26T15:51:46.191718Z  INFO get_files:scan_sources: tailwindcss_oxide::scanner: Discovering "C:\\Users\\stan\\Documents\\Code\\Web\\Astro\\static_portfolio\\src\\components\\ui"
2025-12-26T15:51:46.198747Z  INFO get_files:scan_sources: tailwindcss_oxide::scanner: Discovering "C:\\Users\\stan\\Documents\\Code\\Web\\Astro\\static_portfolio\\src\\content"
2025-12-26T15:51:46.199595Z  INFO get_files:scan_sources: tailwindcss_oxide::scanner: Discovering "C:\\Users\\stan\\Documents\\Code\\Web\\Astro\\static_portfolio\\src\\content\\captions"
2025-12-26T15:51:46.200940Z  INFO get_files:scan_sources: tailwindcss_oxide::scanner: Discovering "C:\\Users\\stan\\Documents\\Code\\Web\\Astro\\static_portfolio\\src\\content\\figures"
2025-12-26T15:51:46.202092Z  INFO get_files:scan_sources: tailwindcss_oxide::scanner: Discovering "C:\\Users\\stan\\Documents\\Code\\Web\\Astro\\static_portfolio\\src\\content\\projects"
2025-12-26T15:51:46.206491Z  INFO get_files:scan_sources: tailwindcss_oxide::scanner: Discovering "C:\\Users\\stan\\Documents\\Code\\Web\\Astro\\static_portfolio\\src\\content\\staticData"
2025-12-26T15:51:46.207840Z  INFO get_files:scan_sources: tailwindcss_oxide::scanner: Discovering "C:\\Users\\stan\\Documents\\Code\\Web\\Astro\\static_portfolio\\src\\hooks"
2025-12-26T15:51:46.213764Z  INFO get_files:scan_sources: tailwindcss_oxide::scanner: Discovering "C:\\Users\\stan\\Documents\\Code\\Web\\Astro\\static_portfolio\\src\\icons"
2025-12-26T15:51:46.220138Z  INFO get_files:scan_sources: tailwindcss_oxide::scanner: Discovering "C:\\Users\\stan\\Documents\\Code\\Web\\Astro\\static_portfolio\\src\\layouts"
2025-12-26T15:51:46.221432Z  INFO get_files:scan_sources: tailwindcss_oxide::scanner: Discovering "C:\\Users\\stan\\Documents\\Code\\Web\\Astro\\static_portfolio\\src\\lib"
2025-12-26T15:51:46.222531Z  INFO get_files:scan_sources: tailwindcss_oxide::scanner: Discovering "C:\\Users\\stan\\Documents\\Code\\Web\\Astro\\static_portfolio\\src\\pages"
2025-12-26T15:51:46.223310Z  INFO get_files:scan_sources: tailwindcss_oxide::scanner: Discovering "C:\\Users\\stan\\Documents\\Code\\Web\\Astro\\static_portfolio\\src\\pages\\blog"
2025-12-26T15:51:46.224459Z  INFO get_files:scan_sources: tailwindcss_oxide::scanner: Discovering "C:\\Users\\stan\\Documents\\Code\\Web\\Astro\\static_portfolio\\src\\pages\\blog\\posts"
2025-12-26T15:51:46.226020Z  INFO get_files:scan_sources: tailwindcss_oxide::scanner: Discovering "C:\\Users\\stan\\Documents\\Code\\Web\\Astro\\static_portfolio\\src\\pages\\blog\\tags"
2025-12-26T15:51:46.227316Z  INFO get_files:scan_sources: tailwindcss_oxide::scanner: Discovering "C:\\Users\\stan\\Documents\\Code\\Web\\Astro\\static_portfolio\\src\\pages\\blog\\techs"
2025-12-26T15:51:46.228363Z  INFO get_files:scan_sources: tailwindcss_oxide::scanner: Discovering "C:\\Users\\stan\\Documents\\Code\\Web\\Astro\\static_portfolio\\src\\pages\\portfolio"
2025-12-26T15:51:46.229014Z  INFO get_files:scan_sources: tailwindcss_oxide::scanner: Discovering "C:\\Users\\stan\\Documents\\Code\\Web\\Astro\\static_portfolio\\src\\pages\\portfolio\\projects"
2025-12-26T15:51:46.230056Z  INFO get_files:scan_sources: tailwindcss_oxide::scanner: Discovering "C:\\Users\\stan\\Documents\\Code\\Web\\Astro\\static_portfolio\\src\\pages\\story"
2025-12-26T15:51:46.230574Z  INFO get_files:scan_sources: tailwindcss_oxide::scanner: Discovering "C:\\Users\\stan\\Documents\\Code\\Web\\Astro\\static_portfolio\\src\\pages\\story\\sections"
2025-12-26T15:51:46.231689Z  INFO get_files:scan_sources: tailwindcss_oxide::scanner: Discovering "C:\\Users\\stan\\Documents\\Code\\Web\\Astro\\static_portfolio\\src\\pages\\story\\sidebar"
2025-12-26T15:51:46.232635Z  INFO get_files:scan_sources: tailwindcss_oxide::scanner: Discovering "C:\\Users\\stan\\Documents\\Code\\Web\\Astro\\static_portfolio\\src\\scripts"
2025-12-26T15:51:46.233431Z  INFO get_files:scan_sources: tailwindcss_oxide::scanner: Discovering "C:\\Users\\stan\\Documents\\Code\\Web\\Astro\\static_portfolio\\src\\styles"
2025-12-26T15:51:46.234597Z  INFO get_files:scan_sources: tailwindcss_oxide::scanner: Discovering "C:\\Users\\stan\\Documents\\Code\\Web\\Astro\\static_portfolio\\src\\styles\\starry-night"
2025-12-26T15:51:46.237440Z  INFO get_files:scan_sources: tailwindcss_oxide::scanner: Discovering "C:\\Users\\stan\\Documents\\Code\\Web\\Astro\\static_portfolio\\src\\types"
2025-12-26T15:51:46.238409Z  INFO get_files:scan_sources: tailwindcss_oxide::scanner: Discovering "C:\\Users\\stan\\Documents\\Code\\Web\\Astro\\static_portfolio\\src\\utils"
2025-12-26T15:51:46.239820Z  INFO get_files:scan_sources: tailwindcss_oxide::scanner: exit
2025-12-26T15:51:46.240101Z  INFO get_files: tailwindcss_oxide::scanner: exit
2025-12-26T15:51:46.433051Z  INFO get_globs: tailwindcss_oxide::scanner: enter
2025-12-26T15:51:46.433086Z  INFO get_globs:scan_sources: tailwindcss_oxide::scanner: enter
2025-12-26T15:51:46.436883Z  INFO get_globs:scan_sources: tailwindcss_oxide::scanner: Discovering "C:\\Users\\stan\\Documents\\Code\\Web\\Astro\\static_portfolio\\.github"
2025-12-26T15:51:46.437495Z  INFO get_globs:scan_sources: tailwindcss_oxide::scanner: Discovering "C:\\Users\\stan\\Documents\\Code\\Web\\Astro\\static_portfolio\\.github\\workflows"
2025-12-26T15:51:46.438872Z  INFO get_globs:scan_sources: tailwindcss_oxide::scanner: Discovering "C:\\Users\\stan\\Documents\\Code\\Web\\Astro\\static_portfolio\\dev"
2025-12-26T15:51:46.439353Z  INFO get_globs:scan_sources: tailwindcss_oxide::scanner: Discovering "C:\\Users\\stan\\Documents\\Code\\Web\\Astro\\static_portfolio\\dev\\components"
2025-12-26T15:51:46.440063Z  INFO get_globs:scan_sources: tailwindcss_oxide::scanner: Discovering "C:\\Users\\stan\\Documents\\Code\\Web\\Astro\\static_portfolio\\dev\\lorem_ipsum"
2025-12-26T15:51:46.443774Z  INFO get_globs:scan_sources: tailwindcss_oxide::scanner: Discovering "C:\\Users\\stan\\Documents\\Code\\Web\\Astro\\static_portfolio\\plugins"
2025-12-26T15:51:46.444679Z  INFO get_globs:scan_sources: tailwindcss_oxide::scanner: Discovering "C:\\Users\\stan\\Documents\\Code\\Web\\Astro\\static_portfolio\\public"
2025-12-26T15:51:46.445170Z  INFO get_globs:scan_sources: tailwindcss_oxide::scanner: Discovering "C:\\Users\\stan\\Documents\\Code\\Web\\Astro\\static_portfolio\\public\\images"
2025-12-26T15:51:46.445819Z  INFO get_globs:scan_sources: tailwindcss_oxide::scanner: Discovering "C:\\Users\\stan\\Documents\\Code\\Web\\Astro\\static_portfolio\\public\\images\\posts"
2025-12-26T15:51:46.446505Z  INFO get_globs:scan_sources: tailwindcss_oxide::scanner: Discovering "C:\\Users\\stan\\Documents\\Code\\Web\\Astro\\static_portfolio\\public\\images\\projects"
2025-12-26T15:51:46.447032Z  INFO get_globs:scan_sources: tailwindcss_oxide::scanner: Discovering "C:\\Users\\stan\\Documents\\Code\\Web\\Astro\\static_portfolio\\public\\images\\story"
2025-12-26T15:51:46.447477Z  INFO get_globs:scan_sources: tailwindcss_oxide::scanner: Discovering "C:\\Users\\stan\\Documents\\Code\\Web\\Astro\\static_portfolio\\public\\images\\story\\backdrop"
2025-12-26T15:51:46.449792Z  INFO get_globs:scan_sources: tailwindcss_oxide::scanner: Discovering "C:\\Users\\stan\\Documents\\Code\\Web\\Astro\\static_portfolio\\public\\images\\story\\inline"
2025-12-26T15:51:46.450286Z  INFO get_globs:scan_sources: tailwindcss_oxide::scanner: Discovering "C:\\Users\\stan\\Documents\\Code\\Web\\Astro\\static_portfolio\\public\\images\\story\\sidebar"
2025-12-26T15:51:46.451158Z  INFO get_globs:scan_sources: tailwindcss_oxide::scanner: Discovering "C:\\Users\\stan\\Documents\\Code\\Web\\Astro\\static_portfolio\\public\\styles"
2025-12-26T15:51:46.451602Z  INFO get_globs:scan_sources: tailwindcss_oxide::scanner: Discovering "C:\\Users\\stan\\Documents\\Code\\Web\\Astro\\static_portfolio\\public\\styles\\starry-night"
2025-12-26T15:51:46.453647Z  INFO get_globs:scan_sources: tailwindcss_oxide::scanner: Discovering "C:\\Users\\stan\\Documents\\Code\\Web\\Astro\\static_portfolio\\src"
2025-12-26T15:51:46.454110Z  INFO get_globs:scan_sources: tailwindcss_oxide::scanner: Discovering "C:\\Users\\stan\\Documents\\Code\\Web\\Astro\\static_portfolio\\src\\components"
2025-12-26T15:51:46.454535Z  INFO get_globs:scan_sources: tailwindcss_oxide::scanner: Discovering "C:\\Users\\stan\\Documents\\Code\\Web\\Astro\\static_portfolio\\src\\components\\blog"
2025-12-26T15:51:46.455514Z  INFO get_globs:scan_sources: tailwindcss_oxide::scanner: Discovering "C:\\Users\\stan\\Documents\\Code\\Web\\Astro\\static_portfolio\\src\\components\\layout"
2025-12-26T15:51:46.456578Z  INFO get_globs:scan_sources: tailwindcss_oxide::scanner: Discovering "C:\\Users\\stan\\Documents\\Code\\Web\\Astro\\static_portfolio\\src\\components\\portfolio"
2025-12-26T15:51:46.458217Z  INFO get_globs:scan_sources: tailwindcss_oxide::scanner: Discovering "C:\\Users\\stan\\Documents\\Code\\Web\\Astro\\static_portfolio\\src\\components\\projects"
2025-12-26T15:51:46.459355Z  INFO get_globs:scan_sources: tailwindcss_oxide::scanner: Discovering "C:\\Users\\stan\\Documents\\Code\\Web\\Astro\\static_portfolio\\src\\components\\projects\\details"
2025-12-26T15:51:46.460351Z  INFO get_globs:scan_sources: tailwindcss_oxide::scanner: Discovering "C:\\Users\\stan\\Documents\\Code\\Web\\Astro\\static_portfolio\\src\\components\\projects\\details\\interp"
2025-12-26T15:51:46.461962Z  INFO get_globs:scan_sources: tailwindcss_oxide::scanner: Discovering "C:\\Users\\stan\\Documents\\Code\\Web\\Astro\\static_portfolio\\src\\components\\projects\\filtering"
2025-12-26T15:51:46.462424Z  INFO get_globs:scan_sources: tailwindcss_oxide::scanner: Discovering "C:\\Users\\stan\\Documents\\Code\\Web\\Astro\\static_portfolio\\src\\components\\projects\\filtering\\common"
2025-12-26T15:51:46.463169Z  INFO get_globs:scan_sources: tailwindcss_oxide::scanner: Discovering "C:\\Users\\stan\\Documents\\Code\\Web\\Astro\\static_portfolio\\src\\components\\projects\\filtering\\common\\stores"
2025-12-26T15:51:46.465042Z  INFO get_globs:scan_sources: tailwindcss_oxide::scanner: Discovering "C:\\Users\\stan\\Documents\\Code\\Web\\Astro\\static_portfolio\\src\\components\\projects\\filtering\\sections"
2025-12-26T15:51:46.466182Z  INFO get_globs:scan_sources: tailwindcss_oxide::scanner: Discovering "C:\\Users\\stan\\Documents\\Code\\Web\\Astro\\static_portfolio\\src\\components\\projects\\grid"
2025-12-26T15:51:46.466691Z  INFO get_globs:scan_sources: tailwindcss_oxide::scanner: Discovering "C:\\Users\\stan\\Documents\\Code\\Web\\Astro\\static_portfolio\\src\\components\\projects\\grid\\items"
2025-12-26T15:51:46.467125Z  INFO get_globs:scan_sources: tailwindcss_oxide::scanner: Discovering "C:\\Users\\stan\\Documents\\Code\\Web\\Astro\\static_portfolio\\src\\components\\projects\\grid\\items\\badges"
2025-12-26T15:51:46.467845Z  INFO get_globs:scan_sources: tailwindcss_oxide::scanner: Discovering "C:\\Users\\stan\\Documents\\Code\\Web\\Astro\\static_portfolio\\src\\components\\projects\\grid\\items\\expansion"
2025-12-26T15:51:46.468729Z  INFO get_globs:scan_sources: tailwindcss_oxide::scanner: Discovering "C:\\Users\\stan\\Documents\\Code\\Web\\Astro\\static_portfolio\\src\\components\\projects\\grid\\items\\sharing"
2025-12-26T15:51:46.469773Z  INFO get_globs:scan_sources: tailwindcss_oxide::scanner: Discovering "C:\\Users\\stan\\Documents\\Code\\Web\\Astro\\static_portfolio\\src\\components\\projects\\overlay"
2025-12-26T15:51:46.472017Z  INFO get_globs:scan_sources: tailwindcss_oxide::scanner: Discovering "C:\\Users\\stan\\Documents\\Code\\Web\\Astro\\static_portfolio\\src\\components\\projects\\util"
2025-12-26T15:51:46.472768Z  INFO get_globs:scan_sources: tailwindcss_oxide::scanner: Discovering "C:\\Users\\stan\\Documents\\Code\\Web\\Astro\\static_portfolio\\src\\components\\story"
2025-12-26T15:51:46.473215Z  INFO get_globs:scan_sources: tailwindcss_oxide::scanner: Discovering "C:\\Users\\stan\\Documents\\Code\\Web\\Astro\\static_portfolio\\src\\components\\story\\client"
2025-12-26T15:51:46.475115Z  INFO get_globs:scan_sources: tailwindcss_oxide::scanner: Discovering "C:\\Users\\stan\\Documents\\Code\\Web\\Astro\\static_portfolio\\src\\components\\story\\util"
2025-12-26T15:51:46.476117Z  INFO get_globs:scan_sources: tailwindcss_oxide::scanner: Discovering "C:\\Users\\stan\\Documents\\Code\\Web\\Astro\\static_portfolio\\src\\components\\story\\util\\types"
2025-12-26T15:51:46.476832Z  INFO get_globs:scan_sources: tailwindcss_oxide::scanner: Discovering "C:\\Users\\stan\\Documents\\Code\\Web\\Astro\\static_portfolio\\src\\components\\ui"
2025-12-26T15:51:46.481086Z  INFO get_globs:scan_sources: tailwindcss_oxide::scanner: Discovering "C:\\Users\\stan\\Documents\\Code\\Web\\Astro\\static_portfolio\\src\\content"
2025-12-26T15:51:46.481547Z  INFO get_globs:scan_sources: tailwindcss_oxide::scanner: Discovering "C:\\Users\\stan\\Documents\\Code\\Web\\Astro\\static_portfolio\\src\\content\\captions"
2025-12-26T15:51:46.482221Z  INFO get_globs:scan_sources: tailwindcss_oxide::scanner: Discovering "C:\\Users\\stan\\Documents\\Code\\Web\\Astro\\static_portfolio\\src\\content\\figures"
2025-12-26T15:51:46.482794Z  INFO get_globs:scan_sources: tailwindcss_oxide::scanner: Discovering "C:\\Users\\stan\\Documents\\Code\\Web\\Astro\\static_portfolio\\src\\content\\projects"
2025-12-26T15:51:46.485243Z  INFO get_globs:scan_sources: tailwindcss_oxide::scanner: Discovering "C:\\Users\\stan\\Documents\\Code\\Web\\Astro\\static_portfolio\\src\\content\\staticData"
2025-12-26T15:51:46.485904Z  INFO get_globs:scan_sources: tailwindcss_oxide::scanner: Discovering "C:\\Users\\stan\\Documents\\Code\\Web\\Astro\\static_portfolio\\src\\hooks"
2025-12-26T15:51:46.489848Z  INFO get_globs:scan_sources: tailwindcss_oxide::scanner: Discovering "C:\\Users\\stan\\Documents\\Code\\Web\\Astro\\static_portfolio\\src\\icons"
2025-12-26T15:51:46.497169Z  INFO get_globs:scan_sources: tailwindcss_oxide::scanner: Discovering "C:\\Users\\stan\\Documents\\Code\\Web\\Astro\\static_portfolio\\src\\layouts"
2025-12-26T15:51:46.498340Z  INFO get_globs:scan_sources: tailwindcss_oxide::scanner: Discovering "C:\\Users\\stan\\Documents\\Code\\Web\\Astro\\static_portfolio\\src\\lib"
2025-12-26T15:51:46.499061Z  INFO get_globs:scan_sources: tailwindcss_oxide::scanner: Discovering "C:\\Users\\stan\\Documents\\Code\\Web\\Astro\\static_portfolio\\src\\pages"
2025-12-26T15:51:46.499588Z  INFO get_globs:scan_sources: tailwindcss_oxide::scanner: Discovering "C:\\Users\\stan\\Documents\\Code\\Web\\Astro\\static_portfolio\\src\\pages\\blog"
2025-12-26T15:51:46.500102Z  INFO get_globs:scan_sources: tailwindcss_oxide::scanner: Discovering "C:\\Users\\stan\\Documents\\Code\\Web\\Astro\\static_portfolio\\src\\pages\\blog\\posts"
2025-12-26T15:51:46.500870Z  INFO get_globs:scan_sources: tailwindcss_oxide::scanner: Discovering "C:\\Users\\stan\\Documents\\Code\\Web\\Astro\\static_portfolio\\src\\pages\\blog\\tags"
2025-12-26T15:51:46.501518Z  INFO get_globs:scan_sources: tailwindcss_oxide::scanner: Discovering "C:\\Users\\stan\\Documents\\Code\\Web\\Astro\\static_portfolio\\src\\pages\\blog\\techs"
2025-12-26T15:51:46.502303Z  INFO get_globs:scan_sources: tailwindcss_oxide::scanner: Discovering "C:\\Users\\stan\\Documents\\Code\\Web\\Astro\\static_portfolio\\src\\pages\\portfolio"
2025-12-26T15:51:46.502724Z  INFO get_globs:scan_sources: tailwindcss_oxide::scanner: Discovering "C:\\Users\\stan\\Documents\\Code\\Web\\Astro\\static_portfolio\\src\\pages\\portfolio\\projects"
2025-12-26T15:51:46.503918Z  INFO get_globs:scan_sources: tailwindcss_oxide::scanner: Discovering "C:\\Users\\stan\\Documents\\Code\\Web\\Astro\\static_portfolio\\src\\pages\\story"
2025-12-26T15:51:46.504389Z  INFO get_globs:scan_sources: tailwindcss_oxide::scanner: Discovering "C:\\Users\\stan\\Documents\\Code\\Web\\Astro\\static_portfolio\\src\\pages\\story\\sections"
2025-12-26T15:51:46.505121Z  INFO get_globs:scan_sources: tailwindcss_oxide::scanner: Discovering "C:\\Users\\stan\\Documents\\Code\\Web\\Astro\\static_portfolio\\src\\pages\\story\\sidebar"
2025-12-26T15:51:46.505903Z  INFO get_globs:scan_sources: tailwindcss_oxide::scanner: Discovering "C:\\Users\\stan\\Documents\\Code\\Web\\Astro\\static_portfolio\\src\\scripts"
2025-12-26T15:51:46.506448Z  INFO get_globs:scan_sources: tailwindcss_oxide::scanner: Discovering "C:\\Users\\stan\\Documents\\Code\\Web\\Astro\\static_portfolio\\src\\styles"
2025-12-26T15:51:46.507243Z  INFO get_globs:scan_sources: tailwindcss_oxide::scanner: Discovering "C:\\Users\\stan\\Documents\\Code\\Web\\Astro\\static_portfolio\\src\\styles\\starry-night"
2025-12-26T15:51:46.509413Z  INFO get_globs:scan_sources: tailwindcss_oxide::scanner: Discovering "C:\\Users\\stan\\Documents\\Code\\Web\\Astro\\static_portfolio\\src\\types"
2025-12-26T15:51:46.510116Z  INFO get_globs:scan_sources: tailwindcss_oxide::scanner: Discovering "C:\\Users\\stan\\Documents\\Code\\Web\\Astro\\static_portfolio\\src\\utils"
2025-12-26T15:51:46.511136Z  INFO get_globs:scan_sources: tailwindcss_oxide::scanner: exit
2025-12-26T15:51:46.598736Z  INFO get_globs: tailwindcss_oxide::scanner: exit
2025-12-26T15:51:47.807463Z  INFO tailwindcss_oxide::scanner: Provided sources:
2025-12-26T15:51:47.807495Z  INFO tailwindcss_oxide::scanner: Source: PublicSourceEntry { base: "C:/Users/stan/Documents/Code/Web/Astro/static_portfolio", pattern: "**/*", negated: false }
2025-12-26T15:51:47.807809Z  INFO tailwindcss_oxide::scanner: Optimized sources:
2025-12-26T15:51:47.807832Z  INFO tailwindcss_oxide::scanner: Source: Auto { base: "C:\\Users\\stan\\Documents\\Code\\Web\\Astro\\static_portfolio" }
2025-12-26T15:51:47.971994Z  INFO tailwindcss_oxide::scanner: Provided sources:
2025-12-26T15:51:47.972035Z  INFO tailwindcss_oxide::scanner: Source: PublicSourceEntry { base: "C:/Users/stan/Documents/Code/Web/Astro/static_portfolio", pattern: "**/*", negated: false }
2025-12-26T15:51:47.972417Z  INFO tailwindcss_oxide::scanner: Optimized sources:
2025-12-26T15:51:47.972438Z  INFO tailwindcss_oxide::scanner: Source: Auto { base: "C:\\Users\\stan\\Documents\\Code\\Web\\Astro\\static_portfolio" }
2025-12-26T15:51:48.433361Z  INFO tailwindcss_oxide::scanner: Provided sources:
2025-12-26T15:51:48.433383Z  INFO tailwindcss_oxide::scanner: Source: PublicSourceEntry { base: "C:/Users/stan/Documents/Code/Web/Astro/static_portfolio", pattern: "**/*", negated: false }
2025-12-26T15:51:48.433549Z  INFO tailwindcss_oxide::scanner: Optimized sources:
2025-12-26T15:51:48.433562Z  INFO tailwindcss_oxide::scanner: Source: Auto { base: "C:\\Users\\stan\\Documents\\Code\\Web\\Astro\\static_portfolio" }
2025-12-26T15:51:48.506082Z  INFO tailwindcss_oxide::scanner: Provided sources:
2025-12-26T15:51:48.506114Z  INFO tailwindcss_oxide::scanner: Source: PublicSourceEntry { base: "C:/Users/stan/Documents/Code/Web/Astro/static_portfolio", pattern: "**/*", negated: false }
2025-12-26T15:51:48.506352Z  INFO tailwindcss_oxide::scanner: Optimized sources:
2025-12-26T15:51:48.506365Z  INFO tailwindcss_oxide::scanner: Source: Auto { base: "C:\\Users\\stan\\Documents\\Code\\Web\\Astro\\static_portfolio" }
2025-12-26T15:51:48.563193Z  INFO tailwindcss_oxide::scanner: Provided sources:
2025-12-26T15:51:48.563245Z  INFO tailwindcss_oxide::scanner: Source: PublicSourceEntry { base: "C:/Users/stan/Documents/Code/Web/Astro/static_portfolio", pattern: "**/*", negated: false }
2025-12-26T15:51:48.563436Z  INFO tailwindcss_oxide::scanner: Optimized sources:
2025-12-26T15:51:48.563447Z  INFO tailwindcss_oxide::scanner: Source: Auto { base: "C:\\Users\\stan\\Documents\\Code\\Web\\Astro\\static_portfolio" }
2025-12-26T15:51:48.563607Z  INFO scan_sources: tailwindcss_oxide::scanner: enter
2025-12-26T15:51:48.566420Z  INFO scan_sources: tailwindcss_oxide::scanner: Discovering "C:\\Users\\stan\\Documents\\Code\\Web\\Astro\\static_portfolio\\.codetogether.ignore"
2025-12-26T15:51:48.566879Z  INFO scan_sources: tailwindcss_oxide::scanner: Discovering "C:\\Users\\stan\\Documents\\Code\\Web\\Astro\\static_portfolio\\.gitattributes"
2025-12-26T15:51:48.567002Z  INFO scan_sources: tailwindcss_oxide::scanner: Discovering "C:\\Users\\stan\\Documents\\Code\\Web\\Astro\\static_portfolio\\.gitconfig"
2025-12-26T15:51:48.567212Z  INFO scan_sources: tailwindcss_oxide::scanner: Discovering "C:\\Users\\stan\\Documents\\Code\\Web\\Astro\\static_portfolio\\.github"
2025-12-26T15:51:48.567508Z  INFO scan_sources: tailwindcss_oxide::scanner: Discovering "C:\\Users\\stan\\Documents\\Code\\Web\\Astro\\static_portfolio\\.github\\FUNDING.yml"
2025-12-26T15:51:48.567640Z  INFO scan_sources: tailwindcss_oxide::scanner: Discovering "C:\\Users\\stan\\Documents\\Code\\Web\\Astro\\static_portfolio\\.github\\pull_request_template.md"
2025-12-26T15:51:48.567860Z  INFO scan_sources: tailwindcss_oxide::scanner: Discovering "C:\\Users\\stan\\Documents\\Code\\Web\\Astro\\static_portfolio\\.github\\workflows"
2025-12-26T15:51:48.568132Z  INFO scan_sources: tailwindcss_oxide::scanner: Discovering "C:\\Users\\stan\\Documents\\Code\\Web\\Astro\\static_portfolio\\.github\\workflows\\astro.yml"
2025-12-26T15:51:48.568350Z  INFO scan_sources: tailwindcss_oxide::scanner: Discovering "C:\\Users\\stan\\Documents\\Code\\Web\\Astro\\static_portfolio\\.hintrc"
2025-12-26T15:51:48.568487Z  INFO scan_sources: tailwindcss_oxide::scanner: Discovering "C:\\Users\\stan\\Documents\\Code\\Web\\Astro\\static_portfolio\\.postcssrc.json"
2025-12-26T15:51:48.568616Z  INFO scan_sources: tailwindcss_oxide::scanner: Discovering "C:\\Users\\stan\\Documents\\Code\\Web\\Astro\\static_portfolio\\.prettierrc"
2025-12-26T15:51:48.568738Z  INFO scan_sources: tailwindcss_oxide::scanner: Discovering "C:\\Users\\stan\\Documents\\Code\\Web\\Astro\\static_portfolio\\.remarkrc.js"
2025-12-26T15:51:48.569120Z  INFO scan_sources: tailwindcss_oxide::scanner: Discovering "C:\\Users\\stan\\Documents\\Code\\Web\\Astro\\static_portfolio\\astro.config.mjs"
2025-12-26T15:51:48.569252Z  INFO scan_sources: tailwindcss_oxide::scanner: Discovering "C:\\Users\\stan\\Documents\\Code\\Web\\Astro\\static_portfolio\\components.json"
2025-12-26T15:51:48.569496Z  INFO scan_sources: tailwindcss_oxide::scanner: Discovering "C:\\Users\\stan\\Documents\\Code\\Web\\Astro\\static_portfolio\\dev"
2025-12-26T15:51:48.570402Z  INFO scan_sources: tailwindcss_oxide::scanner: Discovering "C:\\Users\\stan\\Documents\\Code\\Web\\Astro\\static_portfolio\\dev\\components"
2025-12-26T15:51:48.570877Z  INFO scan_sources: tailwindcss_oxide::scanner: Discovering "C:\\Users\\stan\\Documents\\Code\\Web\\Astro\\static_portfolio\\dev\\components\\Lorem.astro"
2025-12-26T15:51:48.571163Z  INFO scan_sources: tailwindcss_oxide::scanner: Discovering "C:\\Users\\stan\\Documents\\Code\\Web\\Astro\\static_portfolio\\dev\\components\\ScriptElem.tsx"
2025-12-26T15:51:48.571423Z  INFO scan_sources: tailwindcss_oxide::scanner: Discovering "C:\\Users\\stan\\Documents\\Code\\Web\\Astro\\static_portfolio\\dev\\event-progress.md"
2025-12-26T15:51:48.571747Z  INFO scan_sources: tailwindcss_oxide::scanner: Discovering "C:\\Users\\stan\\Documents\\Code\\Web\\Astro\\static_portfolio\\dev\\lorem_ipsum"
2025-12-26T15:51:48.573009Z  INFO scan_sources: tailwindcss_oxide::scanner: Discovering "C:\\Users\\stan\\Documents\\Code\\Web\\Astro\\static_portfolio\\dev\\lorem_ipsum\\bacon.txt"
2025-12-26T15:51:48.573256Z  INFO scan_sources: tailwindcss_oxide::scanner: Discovering "C:\\Users\\stan\\Documents\\Code\\Web\\Astro\\static_portfolio\\dev\\lorem_ipsum\\bro.txt"
2025-12-26T15:51:48.573441Z  INFO scan_sources: tailwindcss_oxide::scanner: Discovering "C:\\Users\\stan\\Documents\\Code\\Web\\Astro\\static_portfolio\\dev\\lorem_ipsum\\cat_breeds.txt"
2025-12-26T15:51:48.573569Z  INFO scan_sources: tailwindcss_oxide::scanner: Discovering "C:\\Users\\stan\\Documents\\Code\\Web\\Astro\\static_portfolio\\dev\\lorem_ipsum\\cat_latin.txt"
2025-12-26T15:51:48.573691Z  INFO scan_sources: tailwindcss_oxide::scanner: Discovering "C:\\Users\\stan\\Documents\\Code\\Web\\Astro\\static_portfolio\\dev\\lorem_ipsum\\cat_standard.txt"
2025-12-26T15:51:48.573829Z  INFO scan_sources: tailwindcss_oxide::scanner: Discovering "C:\\Users\\stan\\Documents\\Code\\Web\\Astro\\static_portfolio\\dev\\lorem_ipsum\\cheese_long.txt"
2025-12-26T15:51:48.573977Z  INFO scan_sources: tailwindcss_oxide::scanner: Discovering "C:\\Users\\stan\\Documents\\Code\\Web\\Astro\\static_portfolio\\dev\\lorem_ipsum\\cheese_med.txt"
2025-12-26T15:51:48.574101Z  INFO scan_sources: tailwindcss_oxide::scanner: Discovering "C:\\Users\\stan\\Documents\\Code\\Web\\Astro\\static_portfolio\\dev\\lorem_ipsum\\cheese_short.txt"
2025-12-26T15:51:48.574327Z  INFO scan_sources: tailwindcss_oxide::scanner: Discovering "C:\\Users\\stan\\Documents\\Code\\Web\\Astro\\static_portfolio\\dev\\lorem_ipsum\\cupcake.txt"
2025-12-26T15:51:48.574451Z  INFO scan_sources: tailwindcss_oxide::scanner: Discovering "C:\\Users\\stan\\Documents\\Code\\Web\\Astro\\static_portfolio\\dev\\lorem_ipsum\\farm.txt"
2025-12-26T15:51:48.574571Z  INFO scan_sources: tailwindcss_oxide::scanner: Discovering "C:\\Users\\stan\\Documents\\Code\\Web\\Astro\\static_portfolio\\dev\\lorem_ipsum\\hipster.txt"
2025-12-26T15:51:48.574692Z  INFO scan_sources: tailwindcss_oxide::scanner: Discovering "C:\\Users\\stan\\Documents\\Code\\Web\\Astro\\static_portfolio\\dev\\lorem_ipsum\\journo.txt"
2025-12-26T15:51:48.574823Z  INFO scan_sources: tailwindcss_oxide::scanner: Discovering "C:\\Users\\stan\\Documents\\Code\\Web\\Astro\\static_portfolio\\dev\\lorem_ipsum\\obama.txt"
2025-12-26T15:51:48.575015Z  INFO scan_sources: tailwindcss_oxide::scanner: Discovering "C:\\Users\\stan\\Documents\\Code\\Web\\Astro\\static_portfolio\\dev\\lorem_ipsum\\office_client.txt"
2025-12-26T15:51:48.575141Z  INFO scan_sources: tailwindcss_oxide::scanner: Discovering "C:\\Users\\stan\\Documents\\Code\\Web\\Astro\\static_portfolio\\dev\\lorem_ipsum\\office_office.txt"
2025-12-26T15:51:48.575264Z  INFO scan_sources: tailwindcss_oxide::scanner: Discovering "C:\\Users\\stan\\Documents\\Code\\Web\\Astro\\static_portfolio\\dev\\lorem_ipsum\\pirate.txt"
2025-12-26T15:51:48.575397Z  INFO scan_sources: tailwindcss_oxide::scanner: Discovering "C:\\Users\\stan\\Documents\\Code\\Web\\Astro\\static_portfolio\\dev\\lorem_ipsum\\space.txt"
2025-12-26T15:51:48.575515Z  INFO scan_sources: tailwindcss_oxide::scanner: Discovering "C:\\Users\\stan\\Documents\\Code\\Web\\Astro\\static_portfolio\\dev\\lorem_ipsum\\tuna.txt"
2025-12-26T15:51:48.575637Z  INFO scan_sources: tailwindcss_oxide::scanner: Discovering "C:\\Users\\stan\\Documents\\Code\\Web\\Astro\\static_portfolio\\dev\\lorem_ipsum\\webtwo.txt"
2025-12-26T15:51:48.576180Z  INFO scan_sources: tailwindcss_oxide::scanner: Discovering "C:\\Users\\stan\\Documents\\Code\\Web\\Astro\\static_portfolio\\eslint.config.js"
2025-12-26T15:51:48.576306Z  INFO scan_sources: tailwindcss_oxide::scanner: Discovering "C:\\Users\\stan\\Documents\\Code\\Web\\Astro\\static_portfolio\\flow.d2"
2025-12-26T15:51:48.576432Z  INFO scan_sources: tailwindcss_oxide::scanner: Discovering "C:\\Users\\stan\\Documents\\Code\\Web\\Astro\\static_portfolio\\LICENSE"
2025-12-26T15:51:48.576876Z  INFO scan_sources: tailwindcss_oxide::scanner: Discovering "C:\\Users\\stan\\Documents\\Code\\Web\\Astro\\static_portfolio\\package.json"
2025-12-26T15:51:48.577103Z  INFO scan_sources: tailwindcss_oxide::scanner: Discovering "C:\\Users\\stan\\Documents\\Code\\Web\\Astro\\static_portfolio\\plugins"
2025-12-26T15:51:48.577404Z  INFO scan_sources: tailwindcss_oxide::scanner: Discovering "C:\\Users\\stan\\Documents\\Code\\Web\\Astro\\static_portfolio\\plugins\\rehypeHighlight.js"
2025-12-26T15:51:48.577534Z  INFO scan_sources: tailwindcss_oxide::scanner: Discovering "C:\\Users\\stan\\Documents\\Code\\Web\\Astro\\static_portfolio\\plugins\\rehypeStarryNightLines.js"
2025-12-26T15:51:48.577657Z  INFO scan_sources: tailwindcss_oxide::scanner: Discovering "C:\\Users\\stan\\Documents\\Code\\Web\\Astro\\static_portfolio\\plugins\\remarkHighlight.js"
2025-12-26T15:51:48.577775Z  INFO scan_sources: tailwindcss_oxide::scanner: Discovering "C:\\Users\\stan\\Documents\\Code\\Web\\Astro\\static_portfolio\\plugins\\tailwindStaticCopy.js"
2025-12-26T15:51:48.578033Z  INFO scan_sources: tailwindcss_oxide::scanner: Discovering "C:\\Users\\stan\\Documents\\Code\\Web\\Astro\\static_portfolio\\public"
2025-12-26T15:51:48.578455Z  INFO scan_sources: tailwindcss_oxide::scanner: Discovering "C:\\Users\\stan\\Documents\\Code\\Web\\Astro\\static_portfolio\\public\\images"
2025-12-26T15:51:48.578876Z  INFO scan_sources: tailwindcss_oxide::scanner: Discovering "C:\\Users\\stan\\Documents\\Code\\Web\\Astro\\static_portfolio\\public\\images\\posts"
2025-12-26T15:51:48.579333Z  INFO scan_sources: tailwindcss_oxide::scanner: Discovering "C:\\Users\\stan\\Documents\\Code\\Web\\Astro\\static_portfolio\\public\\images\\projects"
2025-12-26T15:51:48.579751Z  INFO scan_sources: tailwindcss_oxide::scanner: Discovering "C:\\Users\\stan\\Documents\\Code\\Web\\Astro\\static_portfolio\\public\\images\\story"
2025-12-26T15:51:48.580126Z  INFO scan_sources: tailwindcss_oxide::scanner: Discovering "C:\\Users\\stan\\Documents\\Code\\Web\\Astro\\static_portfolio\\public\\images\\story\\backdrop"
2025-12-26T15:51:48.580452Z  INFO scan_sources: tailwindcss_oxide::scanner: Discovering "C:\\Users\\stan\\Documents\\Code\\Web\\Astro\\static_portfolio\\public\\images\\story\\backdrop\\audio-lines.svg"
2025-12-26T15:51:48.580575Z  INFO scan_sources: tailwindcss_oxide::scanner: Discovering "C:\\Users\\stan\\Documents\\Code\\Web\\Astro\\static_portfolio\\public\\images\\story\\backdrop\\backpack.svg"
2025-12-26T15:51:48.580708Z  INFO scan_sources: tailwindcss_oxide::scanner: Discovering "C:\\Users\\stan\\Documents\\Code\\Web\\Astro\\static_portfolio\\public\\images\\story\\backdrop\\ballpen.svg"
2025-12-26T15:51:48.580831Z  INFO scan_sources: tailwindcss_oxide::scanner: Discovering "C:\\Users\\stan\\Documents\\Code\\Web\\Astro\\static_portfolio\\public\\images\\story\\backdrop\\binary-tree.svg"
2025-12-26T15:51:48.580948Z  INFO scan_sources: tailwindcss_oxide::scanner: Discovering "C:\\Users\\stan\\Documents\\Code\\Web\\Astro\\static_portfolio\\public\\images\\story\\backdrop\\blender-fill.svg"
2025-12-26T15:51:48.581079Z  INFO scan_sources: tailwindcss_oxide::scanner: Discovering "C:\\Users\\stan\\Documents\\Code\\Web\\Astro\\static_portfolio\\public\\images\\story\\backdrop\\bone.svg"
2025-12-26T15:51:48.581195Z  INFO scan_sources: tailwindcss_oxide::scanner: Discovering "C:\\Users\\stan\\Documents\\Code\\Web\\Astro\\static_portfolio\\public\\images\\story\\backdrop\\books.svg"
2025-12-26T15:51:48.581310Z  INFO scan_sources: tailwindcss_oxide::scanner: Discovering "C:\\Users\\stan\\Documents\\Code\\Web\\Astro\\static_portfolio\\public\\images\\story\\backdrop\\brand-python.svg"
2025-12-26T15:51:48.581437Z  INFO scan_sources: tailwindcss_oxide::scanner: Discovering "C:\\Users\\stan\\Documents\\Code\\Web\\Astro\\static_portfolio\\public\\images\\story\\backdrop\\circuit-bulb.svg"
2025-12-26T15:51:48.581571Z  INFO scan_sources: tailwindcss_oxide::scanner: Discovering "C:\\Users\\stan\\Documents\\Code\\Web\\Astro\\static_portfolio\\public\\images\\story\\backdrop\\circuit-capacitor.svg"
2025-12-26T15:51:48.581689Z  INFO scan_sources: tailwindcss_oxide::scanner: Discovering "C:\\Users\\stan\\Documents\\Code\\Web\\Astro\\static_portfolio\\public\\images\\story\\backdrop\\circuit-cell-plus.svg"
2025-12-26T15:51:48.581808Z  INFO scan_sources: tailwindcss_oxide::scanner: Discovering "C:\\Users\\stan\\Documents\\Code\\Web\\Astro\\static_portfolio\\public\\images\\story\\backdrop\\circuit-changeover.svg"
2025-12-26T15:51:48.581928Z  INFO scan_sources: tailwindcss_oxide::scanner: Discovering "C:\\Users\\stan\\Documents\\Code\\Web\\Astro\\static_portfolio\\public\\images\\story\\backdrop\\circuit-diode-zener.svg"
2025-12-26T15:51:48.582045Z  INFO scan_sources: tailwindcss_oxide::scanner: Discovering "C:\\Users\\stan\\Documents\\Code\\Web\\Astro\\static_portfolio\\public\\images\\story\\backdrop\\circuit-ground.svg"
2025-12-26T15:51:48.582177Z  INFO scan_sources: tailwindcss_oxide::scanner: Discovering "C:\\Users\\stan\\Documents\\Code\\Web\\Astro\\static_portfolio\\public\\images\\story\\backdrop\\circuit-inductor.svg"
2025-12-26T15:51:48.582295Z  INFO scan_sources: tailwindcss_oxide::scanner: Discovering "C:\\Users\\stan\\Documents\\Code\\Web\\Astro\\static_portfolio\\public\\images\\story\\backdrop\\circuit-resistor.svg"
2025-12-26T15:51:48.582427Z  INFO scan_sources: tailwindcss_oxide::scanner: Discovering "C:\\Users\\stan\\Documents\\Code\\Web\\Astro\\static_portfolio\\public\\images\\story\\backdrop\\git-branch.svg"
2025-12-26T15:51:48.582544Z  INFO scan_sources: tailwindcss_oxide::scanner: Discovering "C:\\Users\\stan\\Documents\\Code\\Web\\Astro\\static_portfolio\\public\\images\\story\\backdrop\\matrix.svg"
2025-12-26T15:51:48.582661Z  INFO scan_sources: tailwindcss_oxide::scanner: Discovering "C:\\Users\\stan\\Documents\\Code\\Web\\Astro\\static_portfolio\\public\\images\\story\\backdrop\\microchip.svg"
2025-12-26T15:51:48.582776Z  INFO scan_sources: tailwindcss_oxide::scanner: Discovering "C:\\Users\\stan\\Documents\\Code\\Web\\Astro\\static_portfolio\\public\\images\\story\\backdrop\\music-1.svg"
2025-12-26T15:51:48.582891Z  INFO scan_sources: tailwindcss_oxide::scanner: Discovering "C:\\Users\\stan\\Documents\\Code\\Web\\Astro\\static_portfolio\\public\\images\\story\\backdrop\\music.svg"
2025-12-26T15:51:48.583074Z  INFO scan_sources: tailwindcss_oxide::scanner: Discovering "C:\\Users\\stan\\Documents\\Code\\Web\\Astro\\static_portfolio\\public\\images\\story\\backdrop\\school.svg"
2025-12-26T15:51:48.583205Z  INFO scan_sources: tailwindcss_oxide::scanner: Discovering "C:\\Users\\stan\\Documents\\Code\\Web\\Astro\\static_portfolio\\public\\images\\story\\backdrop\\topology-star-ring-3.svg"
2025-12-26T15:51:48.583487Z  INFO scan_sources: tailwindcss_oxide::scanner: Discovering "C:\\Users\\stan\\Documents\\Code\\Web\\Astro\\static_portfolio\\public\\images\\story\\inline"
2025-12-26T15:51:48.583887Z  INFO scan_sources: tailwindcss_oxide::scanner: Discovering "C:\\Users\\stan\\Documents\\Code\\Web\\Astro\\static_portfolio\\public\\images\\story\\sidebar"
2025-12-26T15:51:48.584340Z  INFO scan_sources: tailwindcss_oxide::scanner: Discovering "C:\\Users\\stan\\Documents\\Code\\Web\\Astro\\static_portfolio\\public\\site.webmanifest"
2025-12-26T15:51:48.584555Z  INFO scan_sources: tailwindcss_oxide::scanner: Discovering "C:\\Users\\stan\\Documents\\Code\\Web\\Astro\\static_portfolio\\public\\styles"
2025-12-26T15:51:48.584908Z  INFO scan_sources: tailwindcss_oxide::scanner: Discovering "C:\\Users\\stan\\Documents\\Code\\Web\\Astro\\static_portfolio\\public\\styles\\starry-night"
2025-12-26T15:51:48.585204Z  INFO scan_sources: tailwindcss_oxide::scanner: Discovering "C:\\Users\\stan\\Documents\\Code\\Web\\Astro\\static_portfolio\\public\\styles\\starry-night\\both.css"
2025-12-26T15:51:48.585331Z  INFO scan_sources: tailwindcss_oxide::scanner: Discovering "C:\\Users\\stan\\Documents\\Code\\Web\\Astro\\static_portfolio\\public\\styles\\starry-night\\colorblind-dark.css"
2025-12-26T15:51:48.585456Z  INFO scan_sources: tailwindcss_oxide::scanner: Discovering "C:\\Users\\stan\\Documents\\Code\\Web\\Astro\\static_portfolio\\public\\styles\\starry-night\\colorblind-light.css"
2025-12-26T15:51:48.585572Z  INFO scan_sources: tailwindcss_oxide::scanner: Discovering "C:\\Users\\stan\\Documents\\Code\\Web\\Astro\\static_portfolio\\public\\styles\\starry-night\\colorblind.css"
2025-12-26T15:51:48.585689Z  INFO scan_sources: tailwindcss_oxide::scanner: Discovering "C:\\Users\\stan\\Documents\\Code\\Web\\Astro\\static_portfolio\\public\\styles\\starry-night\\core.css"
2025-12-26T15:51:48.585835Z  INFO scan_sources: tailwindcss_oxide::scanner: Discovering "C:\\Users\\stan\\Documents\\Code\\Web\\Astro\\static_portfolio\\public\\styles\\starry-night\\dark.css"
2025-12-26T15:51:48.585951Z  INFO scan_sources: tailwindcss_oxide::scanner: Discovering "C:\\Users\\stan\\Documents\\Code\\Web\\Astro\\static_portfolio\\public\\styles\\starry-night\\default-dark.css"
2025-12-26T15:51:48.586073Z  INFO scan_sources: tailwindcss_oxide::scanner: Discovering "C:\\Users\\stan\\Documents\\Code\\Web\\Astro\\static_portfolio\\public\\styles\\starry-night\\default-light.css"
2025-12-26T15:51:48.586196Z  INFO scan_sources: tailwindcss_oxide::scanner: Discovering "C:\\Users\\stan\\Documents\\Code\\Web\\Astro\\static_portfolio\\public\\styles\\starry-night\\dimmed-dark.css"
2025-12-26T15:51:48.586365Z  INFO scan_sources: tailwindcss_oxide::scanner: Discovering "C:\\Users\\stan\\Documents\\Code\\Web\\Astro\\static_portfolio\\public\\styles\\starry-night\\dimmed.css"
2025-12-26T15:51:48.586538Z  INFO scan_sources: tailwindcss_oxide::scanner: Discovering "C:\\Users\\stan\\Documents\\Code\\Web\\Astro\\static_portfolio\\public\\styles\\starry-night\\high-contrast-dark.css"
2025-12-26T15:51:48.586707Z  INFO scan_sources: tailwindcss_oxide::scanner: Discovering "C:\\Users\\stan\\Documents\\Code\\Web\\Astro\\static_portfolio\\public\\styles\\starry-night\\high-contrast-light.css"
2025-12-26T15:51:48.586839Z  INFO scan_sources: tailwindcss_oxide::scanner: Discovering "C:\\Users\\stan\\Documents\\Code\\Web\\Astro\\static_portfolio\\public\\styles\\starry-night\\high-contrast.css"
2025-12-26T15:51:48.587085Z  INFO scan_sources: tailwindcss_oxide::scanner: Discovering "C:\\Users\\stan\\Documents\\Code\\Web\\Astro\\static_portfolio\\public\\styles\\starry-night\\light.css"
2025-12-26T15:51:48.587377Z  INFO scan_sources: tailwindcss_oxide::scanner: Discovering "C:\\Users\\stan\\Documents\\Code\\Web\\Astro\\static_portfolio\\public\\styles\\starry-night\\tritanopia-dark.css"
2025-12-26T15:51:48.587612Z  INFO scan_sources: tailwindcss_oxide::scanner: Discovering "C:\\Users\\stan\\Documents\\Code\\Web\\Astro\\static_portfolio\\public\\styles\\starry-night\\tritanopia-light.css"
2025-12-26T15:51:48.588009Z  INFO scan_sources: tailwindcss_oxide::scanner: Discovering "C:\\Users\\stan\\Documents\\Code\\Web\\Astro\\static_portfolio\\public\\styles\\starry-night\\tritanopia.css"
2025-12-26T15:51:48.589141Z  INFO scan_sources: tailwindcss_oxide::scanner: Discovering "C:\\Users\\stan\\Documents\\Code\\Web\\Astro\\static_portfolio\\README.md"
2025-12-26T15:51:48.589678Z  INFO scan_sources: tailwindcss_oxide::scanner: Discovering "C:\\Users\\stan\\Documents\\Code\\Web\\Astro\\static_portfolio\\src"
2025-12-26T15:51:48.590143Z  INFO scan_sources: tailwindcss_oxide::scanner: Discovering "C:\\Users\\stan\\Documents\\Code\\Web\\Astro\\static_portfolio\\src\\components"
2025-12-26T15:51:48.590596Z  INFO scan_sources: tailwindcss_oxide::scanner: Discovering "C:\\Users\\stan\\Documents\\Code\\Web\\Astro\\static_portfolio\\src\\components\\blog"
2025-12-26T15:51:48.590995Z  INFO scan_sources: tailwindcss_oxide::scanner: Discovering "C:\\Users\\stan\\Documents\\Code\\Web\\Astro\\static_portfolio\\src\\components\\blog\\BlogPost.astro"
2025-12-26T15:51:48.591122Z  INFO scan_sources: tailwindcss_oxide::scanner: Discovering "C:\\Users\\stan\\Documents\\Code\\Web\\Astro\\static_portfolio\\src\\components\\blog\\DatePub.astro"
2025-12-26T15:51:48.591241Z  INFO scan_sources: tailwindcss_oxide::scanner: Discovering "C:\\Users\\stan\\Documents\\Code\\Web\\Astro\\static_portfolio\\src\\components\\blog\\Hero.astro"
2025-12-26T15:51:48.591357Z  INFO scan_sources: tailwindcss_oxide::scanner: Discovering "C:\\Users\\stan\\Documents\\Code\\Web\\Astro\\static_portfolio\\src\\components\\blog\\Languages.astro"
2025-12-26T15:51:48.591476Z  INFO scan_sources: tailwindcss_oxide::scanner: Discovering "C:\\Users\\stan\\Documents\\Code\\Web\\Astro\\static_portfolio\\src\\components\\blog\\LastPost.astro"
2025-12-26T15:51:48.591592Z  INFO scan_sources: tailwindcss_oxide::scanner: Discovering "C:\\Users\\stan\\Documents\\Code\\Web\\Astro\\static_portfolio\\src\\components\\blog\\ListPosts.astro"
2025-12-26T15:51:48.591718Z  INFO scan_sources: tailwindcss_oxide::scanner: Discovering "C:\\Users\\stan\\Documents\\Code\\Web\\Astro\\static_portfolio\\src\\components\\blog\\Tags.astro"
2025-12-26T15:51:48.591996Z  INFO scan_sources: tailwindcss_oxide::scanner: Discovering "C:\\Users\\stan\\Documents\\Code\\Web\\Astro\\static_portfolio\\src\\components\\layout"
2025-12-26T15:51:48.592329Z  INFO scan_sources: tailwindcss_oxide::scanner: Discovering "C:\\Users\\stan\\Documents\\Code\\Web\\Astro\\static_portfolio\\src\\components\\layout\\Footer.astro"
2025-12-26T15:51:48.592449Z  INFO scan_sources: tailwindcss_oxide::scanner: Discovering "C:\\Users\\stan\\Documents\\Code\\Web\\Astro\\static_portfolio\\src\\components\\layout\\Header.astro"
2025-12-26T15:51:48.592565Z  INFO scan_sources: tailwindcss_oxide::scanner: Discovering "C:\\Users\\stan\\Documents\\Code\\Web\\Astro\\static_portfolio\\src\\components\\layout\\NavArticle.astro"
2025-12-26T15:51:48.592690Z  INFO scan_sources: tailwindcss_oxide::scanner: Discovering "C:\\Users\\stan\\Documents\\Code\\Web\\Astro\\static_portfolio\\src\\components\\layout\\Navigation.astro"
2025-12-26T15:51:48.592811Z  INFO scan_sources: tailwindcss_oxide::scanner: Discovering "C:\\Users\\stan\\Documents\\Code\\Web\\Astro\\static_portfolio\\src\\components\\layout\\NavigationArticles.astro"
2025-12-26T15:51:48.592974Z  INFO scan_sources: tailwindcss_oxide::scanner: Discovering "C:\\Users\\stan\\Documents\\Code\\Web\\Astro\\static_portfolio\\src\\components\\mdx.ts"
2025-12-26T15:51:48.593191Z  INFO scan_sources: tailwindcss_oxide::scanner: Discovering "C:\\Users\\stan\\Documents\\Code\\Web\\Astro\\static_portfolio\\src\\components\\portfolio"
2025-12-26T15:51:48.593467Z  INFO scan_sources: tailwindcss_oxide::scanner: Discovering "C:\\Users\\stan\\Documents\\Code\\Web\\Astro\\static_portfolio\\src\\components\\portfolio\\Contact.astro"
2025-12-26T15:51:48.593594Z  INFO scan_sources: tailwindcss_oxide::scanner: Discovering "C:\\Users\\stan\\Documents\\Code\\Web\\Astro\\static_portfolio\\src\\components\\portfolio\\Experience.astro"
2025-12-26T15:51:48.593726Z  INFO scan_sources: tailwindcss_oxide::scanner: Discovering "C:\\Users\\stan\\Documents\\Code\\Web\\Astro\\static_portfolio\\src\\components\\portfolio\\ExperienceItem.astro"
2025-12-26T15:51:48.593842Z  INFO scan_sources: tailwindcss_oxide::scanner: Discovering "C:\\Users\\stan\\Documents\\Code\\Web\\Astro\\static_portfolio\\src\\components\\portfolio\\HeroIndex.astro"
2025-12-26T15:51:48.593960Z  INFO scan_sources: tailwindcss_oxide::scanner: Discovering "C:\\Users\\stan\\Documents\\Code\\Web\\Astro\\static_portfolio\\src\\components\\portfolio\\Hobbies.astro"
2025-12-26T15:51:48.594075Z  INFO scan_sources: tailwindcss_oxide::scanner: Discovering "C:\\Users\\stan\\Documents\\Code\\Web\\Astro\\static_portfolio\\src\\components\\portfolio\\Hobby.astro"
2025-12-26T15:51:48.594192Z  INFO scan_sources: tailwindcss_oxide::scanner: Discovering "C:\\Users\\stan\\Documents\\Code\\Web\\Astro\\static_portfolio\\src\\components\\portfolio\\ListProjects.astro"
2025-12-26T15:51:48.594307Z  INFO scan_sources: tailwindcss_oxide::scanner: Discovering "C:\\Users\\stan\\Documents\\Code\\Web\\Astro\\static_portfolio\\src\\components\\portfolio\\Project.astro"
2025-12-26T15:51:48.594428Z  INFO scan_sources: tailwindcss_oxide::scanner: Discovering "C:\\Users\\stan\\Documents\\Code\\Web\\Astro\\static_portfolio\\src\\components\\portfolio\\Tools.astro"
2025-12-26T15:51:48.594696Z  INFO scan_sources: tailwindcss_oxide::scanner: Discovering "C:\\Users\\stan\\Documents\\Code\\Web\\Astro\\static_portfolio\\src\\components\\projects"
2025-12-26T15:51:48.594980Z  INFO scan_sources: tailwindcss_oxide::scanner: Discovering "C:\\Users\\stan\\Documents\\Code\\Web\\Astro\\static_portfolio\\src\\components\\projects\\CaptionedLightbox.tsx"
2025-12-26T15:51:48.595103Z  INFO scan_sources: tailwindcss_oxide::scanner: Discovering "C:\\Users\\stan\\Documents\\Code\\Web\\Astro\\static_portfolio\\src\\components\\projects\\CaptionedLightboxProvider.tsx"
2025-12-26T15:51:48.595220Z  INFO scan_sources: tailwindcss_oxide::scanner: Discovering "C:\\Users\\stan\\Documents\\Code\\Web\\Astro\\static_portfolio\\src\\components\\projects\\ClientOnly.astro"
2025-12-26T15:51:48.595336Z  INFO scan_sources: tailwindcss_oxide::scanner: Discovering "C:\\Users\\stan\\Documents\\Code\\Web\\Astro\\static_portfolio\\src\\components\\projects\\Deferral.tsx"
2025-12-26T15:51:48.595547Z  INFO scan_sources: tailwindcss_oxide::scanner: Discovering "C:\\Users\\stan\\Documents\\Code\\Web\\Astro\\static_portfolio\\src\\components\\projects\\details"
2025-12-26T15:51:48.595848Z  INFO scan_sources: tailwindcss_oxide::scanner: Discovering "C:\\Users\\stan\\Documents\\Code\\Web\\Astro\\static_portfolio\\src\\components\\projects\\details\\CollapsibleCode.tsx"
2025-12-26T15:51:48.595971Z  INFO scan_sources: tailwindcss_oxide::scanner: Discovering "C:\\Users\\stan\\Documents\\Code\\Web\\Astro\\static_portfolio\\src\\components\\projects\\details\\CollapsibleCodeHydrator.tsx"
2025-12-26T15:51:48.596124Z  INFO scan_sources: tailwindcss_oxide::scanner: Discovering "C:\\Users\\stan\\Documents\\Code\\Web\\Astro\\static_portfolio\\src\\components\\projects\\details\\CollapsibleCodeHydratorWrapper.astro"
2025-12-26T15:51:48.596247Z  INFO scan_sources: tailwindcss_oxide::scanner: Discovering "C:\\Users\\stan\\Documents\\Code\\Web\\Astro\\static_portfolio\\src\\components\\projects\\details\\CollapsibleCodeWrapper.astro"
2025-12-26T15:51:48.596366Z  INFO scan_sources: tailwindcss_oxide::scanner: Discovering "C:\\Users\\stan\\Documents\\Code\\Web\\Astro\\static_portfolio\\src\\components\\projects\\details\\FactoryRenderer.astro"
2025-12-26T15:51:48.596490Z  INFO scan_sources: tailwindcss_oxide::scanner: Discovering "C:\\Users\\stan\\Documents\\Code\\Web\\Astro\\static_portfolio\\src\\components\\projects\\details\\getYoutubeThumbnail.ts"
2025-12-26T15:51:48.596720Z  INFO scan_sources: tailwindcss_oxide::scanner: Discovering "C:\\Users\\stan\\Documents\\Code\\Web\\Astro\\static_portfolio\\src\\components\\projects\\details\\interp"
2025-12-26T15:51:48.596995Z  INFO scan_sources: tailwindcss_oxide::scanner: Discovering "C:\\Users\\stan\\Documents\\Code\\Web\\Astro\\static_portfolio\\src\\components\\projects\\details\\interp\\HoverDetails.tsx"
2025-12-26T15:51:48.597116Z  INFO scan_sources: tailwindcss_oxide::scanner: Discovering "C:\\Users\\stan\\Documents\\Code\\Web\\Astro\\static_portfolio\\src\\components\\projects\\details\\interp\\Interp.tsx"
2025-12-26T15:51:48.597233Z  INFO scan_sources: tailwindcss_oxide::scanner: Discovering "C:\\Users\\stan\\Documents\\Code\\Web\\Astro\\static_portfolio\\src\\components\\projects\\details\\interp\\interpContext.ts"
2025-12-26T15:51:48.597358Z  INFO scan_sources: tailwindcss_oxide::scanner: Discovering "C:\\Users\\stan\\Documents\\Code\\Web\\Astro\\static_portfolio\\src\\components\\projects\\details\\interp\\InterpContextProvider.tsx"
2025-12-26T15:51:48.597517Z  INFO scan_sources: tailwindcss_oxide::scanner: Discovering "C:\\Users\\stan\\Documents\\Code\\Web\\Astro\\static_portfolio\\src\\components\\projects\\details\\ProjectMedia.tsx"
2025-12-26T15:51:48.597644Z  INFO scan_sources: tailwindcss_oxide::scanner: Discovering "C:\\Users\\stan\\Documents\\Code\\Web\\Astro\\static_portfolio\\src\\components\\projects\\details\\ProjectProvider.tsx"
2025-12-26T15:51:48.597763Z  INFO scan_sources: tailwindcss_oxide::scanner: Discovering "C:\\Users\\stan\\Documents\\Code\\Web\\Astro\\static_portfolio\\src\\components\\projects\\details\\ProjectProviderBase.tsx"
2025-12-26T15:51:48.597879Z  INFO scan_sources: tailwindcss_oxide::scanner: Discovering "C:\\Users\\stan\\Documents\\Code\\Web\\Astro\\static_portfolio\\src\\components\\projects\\details\\scopeSelectors.ts"
2025-12-26T15:51:48.597998Z  INFO scan_sources: tailwindcss_oxide::scanner: Discovering "C:\\Users\\stan\\Documents\\Code\\Web\\Astro\\static_portfolio\\src\\components\\projects\\details\\StarryNightStyleInjector.tsx"
2025-12-26T15:51:48.598115Z  INFO scan_sources: tailwindcss_oxide::scanner: Discovering "C:\\Users\\stan\\Documents\\Code\\Web\\Astro\\static_portfolio\\src\\components\\projects\\details\\SyntaxHighlightContext.tsx"
2025-12-26T15:51:48.598233Z  INFO scan_sources: tailwindcss_oxide::scanner: Discovering "C:\\Users\\stan\\Documents\\Code\\Web\\Astro\\static_portfolio\\src\\components\\projects\\details\\transformTree.ts"
2025-12-26T15:51:48.598355Z  INFO scan_sources: tailwindcss_oxide::scanner: Discovering "C:\\Users\\stan\\Documents\\Code\\Web\\Astro\\static_portfolio\\src\\components\\projects\\details\\useInterp.ts"
2025-12-26T15:51:48.598471Z  INFO scan_sources: tailwindcss_oxide::scanner: Discovering "C:\\Users\\stan\\Documents\\Code\\Web\\Astro\\static_portfolio\\src\\components\\projects\\details\\useProject.ts"
2025-12-26T15:51:48.598737Z  INFO scan_sources: tailwindcss_oxide::scanner: Discovering "C:\\Users\\stan\\Documents\\Code\\Web\\Astro\\static_portfolio\\src\\components\\projects\\filtering"
2025-12-26T15:51:48.599109Z  INFO scan_sources: tailwindcss_oxide::scanner: Discovering "C:\\Users\\stan\\Documents\\Code\\Web\\Astro\\static_portfolio\\src\\components\\projects\\filtering\\common"
2025-12-26T15:51:48.599381Z  INFO scan_sources: tailwindcss_oxide::scanner: Discovering "C:\\Users\\stan\\Documents\\Code\\Web\\Astro\\static_portfolio\\src\\components\\projects\\filtering\\common\\browserContext.tsx"
2025-12-26T15:51:48.599506Z  INFO scan_sources: tailwindcss_oxide::scanner: Discovering "C:\\Users\\stan\\Documents\\Code\\Web\\Astro\\static_portfolio\\src\\components\\projects\\filtering\\common\\filterContext.tsx"
2025-12-26T15:51:48.599632Z  INFO scan_sources: tailwindcss_oxide::scanner: Discovering "C:\\Users\\stan\\Documents\\Code\\Web\\Astro\\static_portfolio\\src\\components\\projects\\filtering\\common\\filterTypes.ts"
2025-12-26T15:51:48.599757Z  INFO scan_sources: tailwindcss_oxide::scanner: Discovering "C:\\Users\\stan\\Documents\\Code\\Web\\Astro\\static_portfolio\\src\\components\\projects\\filtering\\common\\ResetButton.tsx"
2025-12-26T15:51:48.599970Z  INFO scan_sources: tailwindcss_oxide::scanner: Discovering "C:\\Users\\stan\\Documents\\Code\\Web\\Astro\\static_portfolio\\src\\components\\projects\\filtering\\common\\stores"
2025-12-26T15:51:48.600249Z  INFO scan_sources: tailwindcss_oxide::scanner: Discovering "C:\\Users\\stan\\Documents\\Code\\Web\\Astro\\static_portfolio\\src\\components\\projects\\filtering\\common\\stores\\browserStore.ts"
2025-12-26T15:51:48.600369Z  INFO scan_sources: tailwindcss_oxide::scanner: Discovering "C:\\Users\\stan\\Documents\\Code\\Web\\Astro\\static_portfolio\\src\\components\\projects\\filtering\\common\\stores\\countStore.ts"
2025-12-26T15:51:48.600490Z  INFO scan_sources: tailwindcss_oxide::scanner: Discovering "C:\\Users\\stan\\Documents\\Code\\Web\\Astro\\static_portfolio\\src\\components\\projects\\filtering\\common\\stores\\countStoreContext.tsx"
2025-12-26T15:51:48.600608Z  INFO scan_sources: tailwindcss_oxide::scanner: Discovering "C:\\Users\\stan\\Documents\\Code\\Web\\Astro\\static_portfolio\\src\\components\\projects\\filtering\\common\\stores\\derived.ts"
2025-12-26T15:51:48.600737Z  INFO scan_sources: tailwindcss_oxide::scanner: Discovering "C:\\Users\\stan\\Documents\\Code\\Web\\Astro\\static_portfolio\\src\\components\\projects\\filtering\\common\\stores\\filterFormStore.ts"
2025-12-26T15:51:48.600892Z  INFO scan_sources: tailwindcss_oxide::scanner: Discovering "C:\\Users\\stan\\Documents\\Code\\Web\\Astro\\static_portfolio\\src\\components\\projects\\filtering\\common\\stores\\filterFormStoreContext.ts"
2025-12-26T15:51:48.601012Z  INFO scan_sources: tailwindcss_oxide::scanner: Discovering "C:\\Users\\stan\\Documents\\Code\\Web\\Astro\\static_portfolio\\src\\components\\projects\\filtering\\common\\stores\\FilterFormStoreProvider.tsx"
2025-12-26T15:51:48.601131Z  INFO scan_sources: tailwindcss_oxide::scanner: Discovering "C:\\Users\\stan\\Documents\\Code\\Web\\Astro\\static_portfolio\\src\\components\\projects\\filtering\\common\\stores\\filterStore.ts"
2025-12-26T15:51:48.601250Z  INFO scan_sources: tailwindcss_oxide::scanner: Discovering "C:\\Users\\stan\\Documents\\Code\\Web\\Astro\\static_portfolio\\src\\components\\projects\\filtering\\common\\stores\\tagSectionStore.ts"
2025-12-26T15:51:48.601414Z  INFO scan_sources: tailwindcss_oxide::scanner: Discovering "C:\\Users\\stan\\Documents\\Code\\Web\\Astro\\static_portfolio\\src\\components\\projects\\filtering\\common\\TagButton.tsx"
2025-12-26T15:51:48.601533Z  INFO scan_sources: tailwindcss_oxide::scanner: Discovering "C:\\Users\\stan\\Documents\\Code\\Web\\Astro\\static_portfolio\\src\\components\\projects\\filtering\\common\\TagButtons.tsx"
2025-12-26T15:51:48.601705Z  INFO scan_sources: tailwindcss_oxide::scanner: Discovering "C:\\Users\\stan\\Documents\\Code\\Web\\Astro\\static_portfolio\\src\\components\\projects\\filtering\\common\\TagButtons2.tsx"
2025-12-26T15:51:48.601827Z  INFO scan_sources: tailwindcss_oxide::scanner: Discovering "C:\\Users\\stan\\Documents\\Code\\Web\\Astro\\static_portfolio\\src\\components\\projects\\filtering\\common\\WrappingToggleGroup.tsx"
2025-12-26T15:51:48.601996Z  INFO scan_sources: tailwindcss_oxide::scanner: Discovering "C:\\Users\\stan\\Documents\\Code\\Web\\Astro\\static_portfolio\\src\\components\\projects\\filtering\\FilterForm.tsx"
2025-12-26T15:51:48.602112Z  INFO scan_sources: tailwindcss_oxide::scanner: Discovering "C:\\Users\\stan\\Documents\\Code\\Web\\Astro\\static_portfolio\\src\\components\\projects\\filtering\\FilterForm2.tsx"
2025-12-26T15:51:48.602228Z  INFO scan_sources: tailwindcss_oxide::scanner: Discovering "C:\\Users\\stan\\Documents\\Code\\Web\\Astro\\static_portfolio\\src\\components\\projects\\filtering\\FilterShareButton.tsx"
2025-12-26T15:51:48.602344Z  INFO scan_sources: tailwindcss_oxide::scanner: Discovering "C:\\Users\\stan\\Documents\\Code\\Web\\Astro\\static_portfolio\\src\\components\\projects\\filtering\\FilterSheet.tsx"
2025-12-26T15:51:48.602466Z  INFO scan_sources: tailwindcss_oxide::scanner: Discovering "C:\\Users\\stan\\Documents\\Code\\Web\\Astro\\static_portfolio\\src\\components\\projects\\filtering\\FilterSheet2.tsx"
2025-12-26T15:51:48.603131Z  INFO scan_sources: tailwindcss_oxide::scanner: Discovering "C:\\Users\\stan\\Documents\\Code\\Web\\Astro\\static_portfolio\\src\\components\\projects\\filtering\\sections"
2025-12-26T15:51:48.603872Z  INFO scan_sources: tailwindcss_oxide::scanner: Discovering "C:\\Users\\stan\\Documents\\Code\\Web\\Astro\\static_portfolio\\src\\components\\projects\\filtering\\sections\\BoolSwitch.tsx"
2025-12-26T15:51:48.604139Z  INFO scan_sources: tailwindcss_oxide::scanner: Discovering "C:\\Users\\stan\\Documents\\Code\\Web\\Astro\\static_portfolio\\src\\components\\projects\\filtering\\sections\\SliderTooltip.tsx"
2025-12-26T15:51:48.604345Z  INFO scan_sources: tailwindcss_oxide::scanner: Discovering "C:\\Users\\stan\\Documents\\Code\\Web\\Astro\\static_portfolio\\src\\components\\projects\\filtering\\sections\\TagFilterSection.tsx"
2025-12-26T15:51:48.604568Z  INFO scan_sources: tailwindcss_oxide::scanner: Discovering "C:\\Users\\stan\\Documents\\Code\\Web\\Astro\\static_portfolio\\src\\components\\projects\\filtering\\sections\\TagFilterSection2.tsx"
2025-12-26T15:51:48.604800Z  INFO scan_sources: tailwindcss_oxide::scanner: Discovering "C:\\Users\\stan\\Documents\\Code\\Web\\Astro\\static_portfolio\\src\\components\\projects\\filtering\\sections\\YearSlider.tsx"
2025-12-26T15:51:48.604929Z  INFO scan_sources: tailwindcss_oxide::scanner: Discovering "C:\\Users\\stan\\Documents\\Code\\Web\\Astro\\static_portfolio\\src\\components\\projects\\filtering\\sections\\YearValue.tsx"
2025-12-26T15:51:48.605261Z  INFO scan_sources: tailwindcss_oxide::scanner: Discovering "C:\\Users\\stan\\Documents\\Code\\Web\\Astro\\static_portfolio\\src\\components\\projects\\filtering\\sync.tsx"
2025-12-26T15:51:48.605714Z  INFO scan_sources: tailwindcss_oxide::scanner: Discovering "C:\\Users\\stan\\Documents\\Code\\Web\\Astro\\static_portfolio\\src\\components\\projects\\grid"
2025-12-26T15:51:48.606152Z  INFO scan_sources: tailwindcss_oxide::scanner: Discovering "C:\\Users\\stan\\Documents\\Code\\Web\\Astro\\static_portfolio\\src\\components\\projects\\grid\\items"
2025-12-26T15:51:48.606612Z  INFO scan_sources: tailwindcss_oxide::scanner: Discovering "C:\\Users\\stan\\Documents\\Code\\Web\\Astro\\static_portfolio\\src\\components\\projects\\grid\\items\\badges"
2025-12-26T15:51:48.606924Z  INFO scan_sources: tailwindcss_oxide::scanner: Discovering "C:\\Users\\stan\\Documents\\Code\\Web\\Astro\\static_portfolio\\src\\components\\projects\\grid\\items\\badges\\BadgeRow.tsx"
2025-12-26T15:51:48.607050Z  INFO scan_sources: tailwindcss_oxide::scanner: Discovering "C:\\Users\\stan\\Documents\\Code\\Web\\Astro\\static_portfolio\\src\\components\\projects\\grid\\items\\badges\\BadgeRows.tsx"
2025-12-26T15:51:48.607172Z  INFO scan_sources: tailwindcss_oxide::scanner: Discovering "C:\\Users\\stan\\Documents\\Code\\Web\\Astro\\static_portfolio\\src\\components\\projects\\grid\\items\\badges\\badgeTypes.tsx"
2025-12-26T15:51:48.607429Z  INFO scan_sources: tailwindcss_oxide::scanner: Discovering "C:\\Users\\stan\\Documents\\Code\\Web\\Astro\\static_portfolio\\src\\components\\projects\\grid\\items\\expansion"
2025-12-26T15:51:48.607716Z  INFO scan_sources: tailwindcss_oxide::scanner: Discovering "C:\\Users\\stan\\Documents\\Code\\Web\\Astro\\static_portfolio\\src\\components\\projects\\grid\\items\\expansion\\ExpandedPart.tsx"
2025-12-26T15:51:48.607839Z  INFO scan_sources: tailwindcss_oxide::scanner: Discovering "C:\\Users\\stan\\Documents\\Code\\Web\\Astro\\static_portfolio\\src\\components\\projects\\grid\\items\\expansion\\ImageRow.tsx"
2025-12-26T15:51:48.607965Z  INFO scan_sources: tailwindcss_oxide::scanner: Discovering "C:\\Users\\stan\\Documents\\Code\\Web\\Astro\\static_portfolio\\src\\components\\projects\\grid\\items\\expansion\\PaddedScrollArea.tsx"
2025-12-26T15:51:48.608096Z  INFO scan_sources: tailwindcss_oxide::scanner: Discovering "C:\\Users\\stan\\Documents\\Code\\Web\\Astro\\static_portfolio\\src\\components\\projects\\grid\\items\\expansion\\ThumbnailRow.tsx"
2025-12-26T15:51:48.608266Z  INFO scan_sources: tailwindcss_oxide::scanner: Discovering "C:\\Users\\stan\\Documents\\Code\\Web\\Astro\\static_portfolio\\src\\components\\projects\\grid\\items\\ProjectItem.tsx"
2025-12-26T15:51:48.608497Z  INFO scan_sources: tailwindcss_oxide::scanner: Discovering "C:\\Users\\stan\\Documents\\Code\\Web\\Astro\\static_portfolio\\src\\components\\projects\\grid\\items\\sharing"
2025-12-26T15:51:48.608784Z  INFO scan_sources: tailwindcss_oxide::scanner: Discovering "C:\\Users\\stan\\Documents\\Code\\Web\\Astro\\static_portfolio\\src\\components\\projects\\grid\\items\\sharing\\ShareCard.tsx"
2025-12-26T15:51:48.608986Z  INFO scan_sources: tailwindcss_oxide::scanner: Discovering "C:\\Users\\stan\\Documents\\Code\\Web\\Astro\\static_portfolio\\src\\components\\projects\\grid\\ProjectGrid.tsx"
2025-12-26T15:51:48.609109Z  INFO scan_sources: tailwindcss_oxide::scanner: Discovering "C:\\Users\\stan\\Documents\\Code\\Web\\Astro\\static_portfolio\\src\\components\\projects\\grid\\ProjectGridSkeleton.tsx"
2025-12-26T15:51:48.609237Z  INFO scan_sources: tailwindcss_oxide::scanner: Discovering "C:\\Users\\stan\\Documents\\Code\\Web\\Astro\\static_portfolio\\src\\components\\projects\\grid\\useStagger.ts"
2025-12-26T15:51:48.609403Z  INFO scan_sources: tailwindcss_oxide::scanner: Discovering "C:\\Users\\stan\\Documents\\Code\\Web\\Astro\\static_portfolio\\src\\components\\projects\\GSAPContextProvider.tsx"
2025-12-26T15:51:48.609526Z  INFO scan_sources: tailwindcss_oxide::scanner: Discovering "C:\\Users\\stan\\Documents\\Code\\Web\\Astro\\static_portfolio\\src\\components\\projects\\lightbox.ts"
2025-12-26T15:51:48.609739Z  INFO scan_sources: tailwindcss_oxide::scanner: Discovering "C:\\Users\\stan\\Documents\\Code\\Web\\Astro\\static_portfolio\\src\\components\\projects\\overlay"
2025-12-26T15:51:48.610026Z  INFO scan_sources: tailwindcss_oxide::scanner: Discovering "C:\\Users\\stan\\Documents\\Code\\Web\\Astro\\static_portfolio\\src\\components\\projects\\overlay\\CarouselSlider.tsx"
2025-12-26T15:51:48.610147Z  INFO scan_sources: tailwindcss_oxide::scanner: Discovering "C:\\Users\\stan\\Documents\\Code\\Web\\Astro\\static_portfolio\\src\\components\\projects\\overlay\\contextMenu.tsx"
2025-12-26T15:51:48.610274Z  INFO scan_sources: tailwindcss_oxide::scanner: Discovering "C:\\Users\\stan\\Documents\\Code\\Web\\Astro\\static_portfolio\\src\\components\\projects\\overlay\\DotButton.tsx"
2025-12-26T15:51:48.610394Z  INFO scan_sources: tailwindcss_oxide::scanner: Discovering "C:\\Users\\stan\\Documents\\Code\\Web\\Astro\\static_portfolio\\src\\components\\projects\\overlay\\MultiAccordion.tsx"
2025-12-26T15:51:48.610527Z  INFO scan_sources: tailwindcss_oxide::scanner: Discovering "C:\\Users\\stan\\Documents\\Code\\Web\\Astro\\static_portfolio\\src\\components\\projects\\overlay\\ProjectCarousel.tsx"
2025-12-26T15:51:48.610648Z  INFO scan_sources: tailwindcss_oxide::scanner: Discovering "C:\\Users\\stan\\Documents\\Code\\Web\\Astro\\static_portfolio\\src\\components\\projects\\overlay\\ProjectCarouselDialog.tsx"
2025-12-26T15:51:48.610768Z  INFO scan_sources: tailwindcss_oxide::scanner: Discovering "C:\\Users\\stan\\Documents\\Code\\Web\\Astro\\static_portfolio\\src\\components\\projects\\overlay\\selection.ts"
2025-12-26T15:51:48.610886Z  INFO scan_sources: tailwindcss_oxide::scanner: Discovering "C:\\Users\\stan\\Documents\\Code\\Web\\Astro\\static_portfolio\\src\\components\\projects\\overlay\\SelectionToolbar.tsx"
2025-12-26T15:51:48.611005Z  INFO scan_sources: tailwindcss_oxide::scanner: Discovering "C:\\Users\\stan\\Documents\\Code\\Web\\Astro\\static_portfolio\\src\\components\\projects\\overlay\\TransparentDialog.tsx"
2025-12-26T15:51:48.611126Z  INFO scan_sources: tailwindcss_oxide::scanner: Discovering "C:\\Users\\stan\\Documents\\Code\\Web\\Astro\\static_portfolio\\src\\components\\projects\\overlay\\useDotButton.ts"
2025-12-26T15:51:48.611424Z  INFO scan_sources: tailwindcss_oxide::scanner: Discovering "C:\\Users\\stan\\Documents\\Code\\Web\\Astro\\static_portfolio\\src\\components\\projects\\overlay\\useSelection.ts"
2025-12-26T15:51:48.611607Z  INFO scan_sources: tailwindcss_oxide::scanner: Discovering "C:\\Users\\stan\\Documents\\Code\\Web\\Astro\\static_portfolio\\src\\components\\projects\\parseMdx.ts"
2025-12-26T15:51:48.611731Z  INFO scan_sources: tailwindcss_oxide::scanner: Discovering "C:\\Users\\stan\\Documents\\Code\\Web\\Astro\\static_portfolio\\src\\components\\projects\\ProjectBrowser.astro"
2025-12-26T15:51:48.611851Z  INFO scan_sources: tailwindcss_oxide::scanner: Discovering "C:\\Users\\stan\\Documents\\Code\\Web\\Astro\\static_portfolio\\src\\components\\projects\\ProjectBrowserEmpty.tsx"
2025-12-26T15:51:48.611973Z  INFO scan_sources: tailwindcss_oxide::scanner: Discovering "C:\\Users\\stan\\Documents\\Code\\Web\\Astro\\static_portfolio\\src\\components\\projects\\ProjectBrowserInner.astro"
2025-12-26T15:51:48.612094Z  INFO scan_sources: tailwindcss_oxide::scanner: Discovering "C:\\Users\\stan\\Documents\\Code\\Web\\Astro\\static_portfolio\\src\\components\\projects\\ProjectBrowserReact.tsx"
2025-12-26T15:51:48.612217Z  INFO scan_sources: tailwindcss_oxide::scanner: Discovering "C:\\Users\\stan\\Documents\\Code\\Web\\Astro\\static_portfolio\\src\\components\\projects\\scrolling.tsx"
2025-12-26T15:51:48.612336Z  INFO scan_sources: tailwindcss_oxide::scanner: Discovering "C:\\Users\\stan\\Documents\\Code\\Web\\Astro\\static_portfolio\\src\\components\\projects\\StickyDiv.tsx"
2025-12-26T15:51:48.612455Z  INFO scan_sources: tailwindcss_oxide::scanner: Discovering "C:\\Users\\stan\\Documents\\Code\\Web\\Astro\\static_portfolio\\src\\components\\projects\\SuspenseTest.tsx"
2025-12-26T15:51:48.612590Z  INFO scan_sources: tailwindcss_oxide::scanner: Discovering "C:\\Users\\stan\\Documents\\Code\\Web\\Astro\\static_portfolio\\src\\components\\projects\\toasts.tsx"
2025-12-26T15:51:48.612708Z  INFO scan_sources: tailwindcss_oxide::scanner: Discovering "C:\\Users\\stan\\Documents\\Code\\Web\\Astro\\static_portfolio\\src\\components\\projects\\types.ts"
2025-12-26T15:51:48.612828Z  INFO scan_sources: tailwindcss_oxide::scanner: Discovering "C:\\Users\\stan\\Documents\\Code\\Web\\Astro\\static_portfolio\\src\\components\\projects\\useGSAPContext.ts"
2025-12-26T15:51:48.613047Z  INFO scan_sources: tailwindcss_oxide::scanner: Discovering "C:\\Users\\stan\\Documents\\Code\\Web\\Astro\\static_portfolio\\src\\components\\projects\\util"
2025-12-26T15:51:48.613323Z  INFO scan_sources: tailwindcss_oxide::scanner: Discovering "C:\\Users\\stan\\Documents\\Code\\Web\\Astro\\static_portfolio\\src\\components\\projects\\util\\comparison.ts"
2025-12-26T15:51:48.613487Z  INFO scan_sources: tailwindcss_oxide::scanner: Discovering "C:\\Users\\stan\\Documents\\Code\\Web\\Astro\\static_portfolio\\src\\components\\projects\\ZustandTest.tsx"
2025-12-26T15:51:48.613801Z  INFO scan_sources: tailwindcss_oxide::scanner: Discovering "C:\\Users\\stan\\Documents\\Code\\Web\\Astro\\static_portfolio\\src\\components\\story"
2025-12-26T15:51:48.614174Z  INFO scan_sources: tailwindcss_oxide::scanner: Discovering "C:\\Users\\stan\\Documents\\Code\\Web\\Astro\\static_portfolio\\src\\components\\story\\client"
2025-12-26T15:51:48.614451Z  INFO scan_sources: tailwindcss_oxide::scanner: Discovering "C:\\Users\\stan\\Documents\\Code\\Web\\Astro\\static_portfolio\\src\\components\\story\\client\\StoryTimeline.tsx"
2025-12-26T15:51:48.614634Z  INFO scan_sources: tailwindcss_oxide::scanner: Discovering "C:\\Users\\stan\\Documents\\Code\\Web\\Astro\\static_portfolio\\src\\components\\story\\Columns.astro"
2025-12-26T15:51:48.614768Z  INFO scan_sources: tailwindcss_oxide::scanner: Discovering "C:\\Users\\stan\\Documents\\Code\\Web\\Astro\\static_portfolio\\src\\components\\story\\Columns.tsx"
2025-12-26T15:51:48.614888Z  INFO scan_sources: tailwindcss_oxide::scanner: Discovering "C:\\Users\\stan\\Documents\\Code\\Web\\Astro\\static_portfolio\\src\\components\\story\\ContentMarker.astro"
2025-12-26T15:51:48.615094Z  INFO scan_sources: tailwindcss_oxide::scanner: Discovering "C:\\Users\\stan\\Documents\\Code\\Web\\Astro\\static_portfolio\\src\\components\\story\\ContentMarkerPreact.tsx"
2025-12-26T15:51:48.615216Z  INFO scan_sources: tailwindcss_oxide::scanner: Discovering "C:\\Users\\stan\\Documents\\Code\\Web\\Astro\\static_portfolio\\src\\components\\story\\FloatingNav.astro"
2025-12-26T15:51:48.615335Z  INFO scan_sources: tailwindcss_oxide::scanner: Discovering "C:\\Users\\stan\\Documents\\Code\\Web\\Astro\\static_portfolio\\src\\components\\story\\ParallaxBackdrop.astro"
2025-12-26T15:51:48.615454Z  INFO scan_sources: tailwindcss_oxide::scanner: Discovering "C:\\Users\\stan\\Documents\\Code\\Web\\Astro\\static_portfolio\\src\\components\\story\\ParallaxWindow.astro"
2025-12-26T15:51:48.615573Z  INFO scan_sources: tailwindcss_oxide::scanner: Discovering "C:\\Users\\stan\\Documents\\Code\\Web\\Astro\\static_portfolio\\src\\components\\story\\SafeDrawer.tsx"
2025-12-26T15:51:48.615691Z  INFO scan_sources: tailwindcss_oxide::scanner: Discovering "C:\\Users\\stan\\Documents\\Code\\Web\\Astro\\static_portfolio\\src\\components\\story\\SidebarItem.astro"
2025-12-26T15:51:48.615808Z  INFO scan_sources: tailwindcss_oxide::scanner: Discovering "C:\\Users\\stan\\Documents\\Code\\Web\\Astro\\static_portfolio\\src\\components\\story\\SidebarSection.astro"
2025-12-26T15:51:48.615929Z  INFO scan_sources: tailwindcss_oxide::scanner: Discovering "C:\\Users\\stan\\Documents\\Code\\Web\\Astro\\static_portfolio\\src\\components\\story\\Story.astro"
2025-12-26T15:51:48.616047Z  INFO scan_sources: tailwindcss_oxide::scanner: Discovering "C:\\Users\\stan\\Documents\\Code\\Web\\Astro\\static_portfolio\\src\\components\\story\\StoryAnimator.tsx"
2025-12-26T15:51:48.616163Z  INFO scan_sources: tailwindcss_oxide::scanner: Discovering "C:\\Users\\stan\\Documents\\Code\\Web\\Astro\\static_portfolio\\src\\components\\story\\StoryDrawer.tsx"
2025-12-26T15:51:48.616281Z  INFO scan_sources: tailwindcss_oxide::scanner: Discovering "C:\\Users\\stan\\Documents\\Code\\Web\\Astro\\static_portfolio\\src\\components\\story\\StorySection.astro"
2025-12-26T15:51:48.616399Z  INFO scan_sources: tailwindcss_oxide::scanner: Discovering "C:\\Users\\stan\\Documents\\Code\\Web\\Astro\\static_portfolio\\src\\components\\story\\StorySidebar.astro"
2025-12-26T15:51:48.616530Z  INFO scan_sources: tailwindcss_oxide::scanner: Discovering "C:\\Users\\stan\\Documents\\Code\\Web\\Astro\\static_portfolio\\src\\components\\story\\StorySidebarOld.astro"
2025-12-26T15:51:48.616649Z  INFO scan_sources: tailwindcss_oxide::scanner: Discovering "C:\\Users\\stan\\Documents\\Code\\Web\\Astro\\static_portfolio\\src\\components\\story\\StorySubsection.astro"
2025-12-26T15:51:48.616768Z  INFO scan_sources: tailwindcss_oxide::scanner: Discovering "C:\\Users\\stan\\Documents\\Code\\Web\\Astro\\static_portfolio\\src\\components\\story\\StoryTimeline.astro"
2025-12-26T15:51:48.616947Z  INFO scan_sources: tailwindcss_oxide::scanner: Discovering "C:\\Users\\stan\\Documents\\Code\\Web\\Astro\\static_portfolio\\src\\components\\story\\types.ts"
2025-12-26T15:51:48.617162Z  INFO scan_sources: tailwindcss_oxide::scanner: Discovering "C:\\Users\\stan\\Documents\\Code\\Web\\Astro\\static_portfolio\\src\\components\\story\\util"
2025-12-26T15:51:48.617446Z  INFO scan_sources: tailwindcss_oxide::scanner: Discovering "C:\\Users\\stan\\Documents\\Code\\Web\\Astro\\static_portfolio\\src\\components\\story\\util\\fixPreactRef.ts"
2025-12-26T15:51:48.617568Z  INFO scan_sources: tailwindcss_oxide::scanner: Discovering "C:\\Users\\stan\\Documents\\Code\\Web\\Astro\\static_portfolio\\src\\components\\story\\util\\loadImageMetadata.ts"
2025-12-26T15:51:48.617693Z  INFO scan_sources: tailwindcss_oxide::scanner: Discovering "C:\\Users\\stan\\Documents\\Code\\Web\\Astro\\static_portfolio\\src\\components\\story\\util\\loadImages.ts"
2025-12-26T15:51:48.617865Z  INFO scan_sources: tailwindcss_oxide::scanner: Discovering "C:\\Users\\stan\\Documents\\Code\\Web\\Astro\\static_portfolio\\src\\components\\story\\util\\loadSections.ts"
2025-12-26T15:51:48.618132Z  INFO scan_sources: tailwindcss_oxide::scanner: Discovering "C:\\Users\\stan\\Documents\\Code\\Web\\Astro\\static_portfolio\\src\\components\\story\\util\\parseDate.ts"
2025-12-26T15:51:48.618290Z  INFO scan_sources: tailwindcss_oxide::scanner: Discovering "C:\\Users\\stan\\Documents\\Code\\Web\\Astro\\static_portfolio\\src\\components\\story\\util\\typeCheck.ts"
2025-12-26T15:51:48.618533Z  INFO scan_sources: tailwindcss_oxide::scanner: Discovering "C:\\Users\\stan\\Documents\\Code\\Web\\Astro\\static_portfolio\\src\\components\\story\\util\\types"
2025-12-26T15:51:48.618815Z  INFO scan_sources: tailwindcss_oxide::scanner: Discovering "C:\\Users\\stan\\Documents\\Code\\Web\\Astro\\static_portfolio\\src\\components\\story\\util\\types\\types.ts"
2025-12-26T15:51:48.619169Z  INFO scan_sources: tailwindcss_oxide::scanner: Discovering "C:\\Users\\stan\\Documents\\Code\\Web\\Astro\\static_portfolio\\src\\components\\ui"
2025-12-26T15:51:48.619535Z  INFO scan_sources: tailwindcss_oxide::scanner: Discovering "C:\\Users\\stan\\Documents\\Code\\Web\\Astro\\static_portfolio\\src\\components\\ui\\accordion.tsx"
2025-12-26T15:51:48.619888Z  INFO scan_sources: tailwindcss_oxide::scanner: Discovering "C:\\Users\\stan\\Documents\\Code\\Web\\Astro\\static_portfolio\\src\\components\\ui\\alert-dialog.tsx"
2025-12-26T15:51:48.620167Z  INFO scan_sources: tailwindcss_oxide::scanner: Discovering "C:\\Users\\stan\\Documents\\Code\\Web\\Astro\\static_portfolio\\src\\components\\ui\\alert.tsx"
2025-12-26T15:51:48.620354Z  INFO scan_sources: tailwindcss_oxide::scanner: Discovering "C:\\Users\\stan\\Documents\\Code\\Web\\Astro\\static_portfolio\\src\\components\\ui\\aspect-ratio.tsx"
2025-12-26T15:51:48.620519Z  INFO scan_sources: tailwindcss_oxide::scanner: Discovering "C:\\Users\\stan\\Documents\\Code\\Web\\Astro\\static_portfolio\\src\\components\\ui\\badge.tsx"
2025-12-26T15:51:48.620678Z  INFO scan_sources: tailwindcss_oxide::scanner: Discovering "C:\\Users\\stan\\Documents\\Code\\Web\\Astro\\static_portfolio\\src\\components\\ui\\breadcrumb.tsx"
2025-12-26T15:51:48.620865Z  INFO scan_sources: tailwindcss_oxide::scanner: Discovering "C:\\Users\\stan\\Documents\\Code\\Web\\Astro\\static_portfolio\\src\\components\\ui\\button-group.tsx"
2025-12-26T15:51:48.620998Z  INFO scan_sources: tailwindcss_oxide::scanner: Discovering "C:\\Users\\stan\\Documents\\Code\\Web\\Astro\\static_portfolio\\src\\components\\ui\\Button.astro"
2025-12-26T15:51:48.621151Z  INFO scan_sources: tailwindcss_oxide::scanner: Discovering "C:\\Users\\stan\\Documents\\Code\\Web\\Astro\\static_portfolio\\src\\components\\ui\\button.tsx"
2025-12-26T15:51:48.621355Z  INFO scan_sources: tailwindcss_oxide::scanner: Discovering "C:\\Users\\stan\\Documents\\Code\\Web\\Astro\\static_portfolio\\src\\components\\ui\\Capsule.astro"
2025-12-26T15:51:48.621476Z  INFO scan_sources: tailwindcss_oxide::scanner: Discovering "C:\\Users\\stan\\Documents\\Code\\Web\\Astro\\static_portfolio\\src\\components\\ui\\card.tsx"
2025-12-26T15:51:48.621606Z  INFO scan_sources: tailwindcss_oxide::scanner: Discovering "C:\\Users\\stan\\Documents\\Code\\Web\\Astro\\static_portfolio\\src\\components\\ui\\carousel.tsx"
2025-12-26T15:51:48.621808Z  INFO scan_sources: tailwindcss_oxide::scanner: Discovering "C:\\Users\\stan\\Documents\\Code\\Web\\Astro\\static_portfolio\\src\\components\\ui\\collapsible.tsx"
2025-12-26T15:51:48.621941Z  INFO scan_sources: tailwindcss_oxide::scanner: Discovering "C:\\Users\\stan\\Documents\\Code\\Web\\Astro\\static_portfolio\\src\\components\\ui\\context-menu.tsx"
2025-12-26T15:51:48.622070Z  INFO scan_sources: tailwindcss_oxide::scanner: Discovering "C:\\Users\\stan\\Documents\\Code\\Web\\Astro\\static_portfolio\\src\\components\\ui\\CustomSpinner.tsx"
2025-12-26T15:51:48.622197Z  INFO scan_sources: tailwindcss_oxide::scanner: Discovering "C:\\Users\\stan\\Documents\\Code\\Web\\Astro\\static_portfolio\\src\\components\\ui\\dialog.tsx"
2025-12-26T15:51:48.622372Z  INFO scan_sources: tailwindcss_oxide::scanner: Discovering "C:\\Users\\stan\\Documents\\Code\\Web\\Astro\\static_portfolio\\src\\components\\ui\\drawer.tsx"
2025-12-26T15:51:48.622491Z  INFO scan_sources: tailwindcss_oxide::scanner: Discovering "C:\\Users\\stan\\Documents\\Code\\Web\\Astro\\static_portfolio\\src\\components\\ui\\dropdown-menu.tsx"
2025-12-26T15:51:48.622625Z  INFO scan_sources: tailwindcss_oxide::scanner: Discovering "C:\\Users\\stan\\Documents\\Code\\Web\\Astro\\static_portfolio\\src\\components\\ui\\empty.tsx"
2025-12-26T15:51:48.622748Z  INFO scan_sources: tailwindcss_oxide::scanner: Discovering "C:\\Users\\stan\\Documents\\Code\\Web\\Astro\\static_portfolio\\src\\components\\ui\\Heading.astro"
2025-12-26T15:51:48.622869Z  INFO scan_sources: tailwindcss_oxide::scanner: Discovering "C:\\Users\\stan\\Documents\\Code\\Web\\Astro\\static_portfolio\\src\\components\\ui\\hover-card.tsx"
2025-12-26T15:51:48.622992Z  INFO scan_sources: tailwindcss_oxide::scanner: Discovering "C:\\Users\\stan\\Documents\\Code\\Web\\Astro\\static_portfolio\\src\\components\\ui\\Icon.astro"
2025-12-26T15:51:48.623113Z  INFO scan_sources: tailwindcss_oxide::scanner: Discovering "C:\\Users\\stan\\Documents\\Code\\Web\\Astro\\static_portfolio\\src\\components\\ui\\input-group.tsx"
2025-12-26T15:51:48.623232Z  INFO scan_sources: tailwindcss_oxide::scanner: Discovering "C:\\Users\\stan\\Documents\\Code\\Web\\Astro\\static_portfolio\\src\\components\\ui\\input.tsx"
2025-12-26T15:51:48.623357Z  INFO scan_sources: tailwindcss_oxide::scanner: Discovering "C:\\Users\\stan\\Documents\\Code\\Web\\Astro\\static_portfolio\\src\\components\\ui\\item.tsx"
2025-12-26T15:51:48.623479Z  INFO scan_sources: tailwindcss_oxide::scanner: Discovering "C:\\Users\\stan\\Documents\\Code\\Web\\Astro\\static_portfolio\\src\\components\\ui\\kbd.tsx"
2025-12-26T15:51:48.623597Z  INFO scan_sources: tailwindcss_oxide::scanner: Discovering "C:\\Users\\stan\\Documents\\Code\\Web\\Astro\\static_portfolio\\src\\components\\ui\\label.tsx"
2025-12-26T15:51:48.623724Z  INFO scan_sources: tailwindcss_oxide::scanner: Discovering "C:\\Users\\stan\\Documents\\Code\\Web\\Astro\\static_portfolio\\src\\components\\ui\\menubar.tsx"
2025-12-26T15:51:48.623848Z  INFO scan_sources: tailwindcss_oxide::scanner: Discovering "C:\\Users\\stan\\Documents\\Code\\Web\\Astro\\static_portfolio\\src\\components\\ui\\navigation-menu.tsx"
2025-12-26T15:51:48.623970Z  INFO scan_sources: tailwindcss_oxide::scanner: Discovering "C:\\Users\\stan\\Documents\\Code\\Web\\Astro\\static_portfolio\\src\\components\\ui\\popover.tsx"
2025-12-26T15:51:48.624088Z  INFO scan_sources: tailwindcss_oxide::scanner: Discovering "C:\\Users\\stan\\Documents\\Code\\Web\\Astro\\static_portfolio\\src\\components\\ui\\ReadMore.astro"
2025-12-26T15:51:48.624205Z  INFO scan_sources: tailwindcss_oxide::scanner: Discovering "C:\\Users\\stan\\Documents\\Code\\Web\\Astro\\static_portfolio\\src\\components\\ui\\resizable.tsx"
2025-12-26T15:51:48.624323Z  INFO scan_sources: tailwindcss_oxide::scanner: Discovering "C:\\Users\\stan\\Documents\\Code\\Web\\Astro\\static_portfolio\\src\\components\\ui\\scroll-area.tsx"
2025-12-26T15:51:48.624440Z  INFO scan_sources: tailwindcss_oxide::scanner: Discovering "C:\\Users\\stan\\Documents\\Code\\Web\\Astro\\static_portfolio\\src\\components\\ui\\select.tsx"
2025-12-26T15:51:48.624572Z  INFO scan_sources: tailwindcss_oxide::scanner: Discovering "C:\\Users\\stan\\Documents\\Code\\Web\\Astro\\static_portfolio\\src\\components\\ui\\separator.tsx"
2025-12-26T15:51:48.624689Z  INFO scan_sources: tailwindcss_oxide::scanner: Discovering "C:\\Users\\stan\\Documents\\Code\\Web\\Astro\\static_portfolio\\src\\components\\ui\\Share.astro"
2025-12-26T15:51:48.624808Z  INFO scan_sources: tailwindcss_oxide::scanner: Discovering "C:\\Users\\stan\\Documents\\Code\\Web\\Astro\\static_portfolio\\src\\components\\ui\\sheet.tsx"
2025-12-26T15:51:48.624978Z  INFO scan_sources: tailwindcss_oxide::scanner: Discovering "C:\\Users\\stan\\Documents\\Code\\Web\\Astro\\static_portfolio\\src\\components\\ui\\sidebar.tsx"
2025-12-26T15:51:48.625140Z  INFO scan_sources: tailwindcss_oxide::scanner: Discovering "C:\\Users\\stan\\Documents\\Code\\Web\\Astro\\static_portfolio\\src\\components\\ui\\skeleton.tsx"
2025-12-26T15:51:48.625258Z  INFO scan_sources: tailwindcss_oxide::scanner: Discovering "C:\\Users\\stan\\Documents\\Code\\Web\\Astro\\static_portfolio\\src\\components\\ui\\slider.tsx"
2025-12-26T15:51:48.625374Z  INFO scan_sources: tailwindcss_oxide::scanner: Discovering "C:\\Users\\stan\\Documents\\Code\\Web\\Astro\\static_portfolio\\src\\components\\ui\\Social.astro"
2025-12-26T15:51:48.625492Z  INFO scan_sources: tailwindcss_oxide::scanner: Discovering "C:\\Users\\stan\\Documents\\Code\\Web\\Astro\\static_portfolio\\src\\components\\ui\\sonner.tsx"
2025-12-26T15:51:48.625610Z  INFO scan_sources: tailwindcss_oxide::scanner: Discovering "C:\\Users\\stan\\Documents\\Code\\Web\\Astro\\static_portfolio\\src\\components\\ui\\spinner.tsx"
2025-12-26T15:51:48.625726Z  INFO scan_sources: tailwindcss_oxide::scanner: Discovering "C:\\Users\\stan\\Documents\\Code\\Web\\Astro\\static_portfolio\\src\\components\\ui\\switch.tsx"
2025-12-26T15:51:48.625843Z  INFO scan_sources: tailwindcss_oxide::scanner: Discovering "C:\\Users\\stan\\Documents\\Code\\Web\\Astro\\static_portfolio\\src\\components\\ui\\tabs.tsx"
2025-12-26T15:51:48.625960Z  INFO scan_sources: tailwindcss_oxide::scanner: Discovering "C:\\Users\\stan\\Documents\\Code\\Web\\Astro\\static_portfolio\\src\\components\\ui\\Tag.astro"
2025-12-26T15:51:48.626076Z  INFO scan_sources: tailwindcss_oxide::scanner: Discovering "C:\\Users\\stan\\Documents\\Code\\Web\\Astro\\static_portfolio\\src\\components\\ui\\textarea.tsx"
2025-12-26T15:51:48.626194Z  INFO scan_sources: tailwindcss_oxide::scanner: Discovering "C:\\Users\\stan\\Documents\\Code\\Web\\Astro\\static_portfolio\\src\\components\\ui\\ThemeIcon.astro"
2025-12-26T15:51:48.626315Z  INFO scan_sources: tailwindcss_oxide::scanner: Discovering "C:\\Users\\stan\\Documents\\Code\\Web\\Astro\\static_portfolio\\src\\components\\ui\\toggle-group.tsx"
2025-12-26T15:51:48.626431Z  INFO scan_sources: tailwindcss_oxide::scanner: Discovering "C:\\Users\\stan\\Documents\\Code\\Web\\Astro\\static_portfolio\\src\\components\\ui\\toggle.tsx"
2025-12-26T15:51:48.626569Z  INFO scan_sources: tailwindcss_oxide::scanner: Discovering "C:\\Users\\stan\\Documents\\Code\\Web\\Astro\\static_portfolio\\src\\components\\ui\\tooltip.tsx"
2025-12-26T15:51:48.626907Z  INFO scan_sources: tailwindcss_oxide::scanner: Discovering "C:\\Users\\stan\\Documents\\Code\\Web\\Astro\\static_portfolio\\src\\content"
2025-12-26T15:51:48.627311Z  INFO scan_sources: tailwindcss_oxide::scanner: Discovering "C:\\Users\\stan\\Documents\\Code\\Web\\Astro\\static_portfolio\\src\\content\\captions"
2025-12-26T15:51:48.627586Z  INFO scan_sources: tailwindcss_oxide::scanner: Discovering "C:\\Users\\stan\\Documents\\Code\\Web\\Astro\\static_portfolio\\src\\content\\captions\\testCaption.mdx"
2025-12-26T15:51:48.627755Z  INFO scan_sources: tailwindcss_oxide::scanner: Discovering "C:\\Users\\stan\\Documents\\Code\\Web\\Astro\\static_portfolio\\src\\content\\config.ts"
2025-12-26T15:51:48.627874Z  INFO scan_sources: tailwindcss_oxide::scanner: Discovering "C:\\Users\\stan\\Documents\\Code\\Web\\Astro\\static_portfolio\\src\\content\\figure"
2025-12-26T15:51:48.628088Z  INFO scan_sources: tailwindcss_oxide::scanner: Discovering "C:\\Users\\stan\\Documents\\Code\\Web\\Astro\\static_portfolio\\src\\content\\figures"
2025-12-26T15:51:48.628354Z  INFO scan_sources: tailwindcss_oxide::scanner: Discovering "C:\\Users\\stan\\Documents\\Code\\Web\\Astro\\static_portfolio\\src\\content\\figures\\testFigure.mdx"
2025-12-26T15:51:48.628620Z  INFO scan_sources: tailwindcss_oxide::scanner: Discovering "C:\\Users\\stan\\Documents\\Code\\Web\\Astro\\static_portfolio\\src\\content\\projects"
2025-12-26T15:51:48.628912Z  INFO scan_sources: tailwindcss_oxide::scanner: Discovering "C:\\Users\\stan\\Documents\\Code\\Web\\Astro\\static_portfolio\\src\\content\\projects\\clip2gif.mdx"
2025-12-26T15:51:48.629072Z  INFO scan_sources: tailwindcss_oxide::scanner: Discovering "C:\\Users\\stan\\Documents\\Code\\Web\\Astro\\static_portfolio\\src\\content\\projects\\dodgy-car.mdx"
2025-12-26T15:51:48.629191Z  INFO scan_sources: tailwindcss_oxide::scanner: Discovering "C:\\Users\\stan\\Documents\\Code\\Web\\Astro\\static_portfolio\\src\\content\\projects\\iklimit-viz.mdx"
2025-12-26T15:51:48.629309Z  INFO scan_sources: tailwindcss_oxide::scanner: Discovering "C:\\Users\\stan\\Documents\\Code\\Web\\Astro\\static_portfolio\\src\\content\\projects\\ikrig.mdx"
2025-12-26T15:51:48.629426Z  INFO scan_sources: tailwindcss_oxide::scanner: Discovering "C:\\Users\\stan\\Documents\\Code\\Web\\Astro\\static_portfolio\\src\\content\\projects\\irish-morph.mdx"
2025-12-26T15:51:48.629544Z  INFO scan_sources: tailwindcss_oxide::scanner: Discovering "C:\\Users\\stan\\Documents\\Code\\Web\\Astro\\static_portfolio\\src\\content\\projects\\mandarin-freq.mdx"
2025-12-26T15:51:48.629663Z  INFO scan_sources: tailwindcss_oxide::scanner: Discovering "C:\\Users\\stan\\Documents\\Code\\Web\\Astro\\static_portfolio\\src\\content\\projects\\obsidian-plugin.mdx"
2025-12-26T15:51:48.629780Z  INFO scan_sources: tailwindcss_oxide::scanner: Discovering "C:\\Users\\stan\\Documents\\Code\\Web\\Astro\\static_portfolio\\src\\content\\projects\\param-matrix.mdx"
2025-12-26T15:51:48.629897Z  INFO scan_sources: tailwindcss_oxide::scanner: Discovering "C:\\Users\\stan\\Documents\\Code\\Web\\Astro\\static_portfolio\\src\\content\\projects\\portfolio-site.mdx"
2025-12-26T15:51:48.630014Z  INFO scan_sources: tailwindcss_oxide::scanner: Discovering "C:\\Users\\stan\\Documents\\Code\\Web\\Astro\\static_portfolio\\src\\content\\projects\\proj-biomed.mdx"
2025-12-26T15:51:48.630135Z  INFO scan_sources: tailwindcss_oxide::scanner: Discovering "C:\\Users\\stan\\Documents\\Code\\Web\\Astro\\static_portfolio\\src\\content\\projects\\proj-colpa.mdx"
2025-12-26T15:51:48.630252Z  INFO scan_sources: tailwindcss_oxide::scanner: Discovering "C:\\Users\\stan\\Documents\\Code\\Web\\Astro\\static_portfolio\\src\\content\\projects\\proj-nlp.mdx"
2025-12-26T15:51:48.630369Z  INFO scan_sources: tailwindcss_oxide::scanner: Discovering "C:\\Users\\stan\\Documents\\Code\\Web\\Astro\\static_portfolio\\src\\content\\projects\\proj-phonphon.mdx"
2025-12-26T15:51:48.630486Z  INFO scan_sources: tailwindcss_oxide::scanner: Discovering "C:\\Users\\stan\\Documents\\Code\\Web\\Astro\\static_portfolio\\src\\content\\projects\\proj-pointerjump.mdx"
2025-12-26T15:51:48.630616Z  INFO scan_sources: tailwindcss_oxide::scanner: Discovering "C:\\Users\\stan\\Documents\\Code\\Web\\Astro\\static_portfolio\\src\\content\\projects\\pub-llms.mdx"
2025-12-26T15:51:48.630733Z  INFO scan_sources: tailwindcss_oxide::scanner: Discovering "C:\\Users\\stan\\Documents\\Code\\Web\\Astro\\static_portfolio\\src\\content\\projects\\pub-prions.mdx"
2025-12-26T15:51:48.630849Z  INFO scan_sources: tailwindcss_oxide::scanner: Discovering "C:\\Users\\stan\\Documents\\Code\\Web\\Astro\\static_portfolio\\src\\content\\projects\\pubmed-scrape.mdx"
2025-12-26T15:51:48.630965Z  INFO scan_sources: tailwindcss_oxide::scanner: Discovering "C:\\Users\\stan\\Documents\\Code\\Web\\Astro\\static_portfolio\\src\\content\\projects\\pubmed-search.mdx"
2025-12-26T15:51:48.631084Z  INFO scan_sources: tailwindcss_oxide::scanner: Discovering "C:\\Users\\stan\\Documents\\Code\\Web\\Astro\\static_portfolio\\src\\content\\projects\\rocq-modal.mdx"
2025-12-26T15:51:48.631201Z  INFO scan_sources: tailwindcss_oxide::scanner: Discovering "C:\\Users\\stan\\Documents\\Code\\Web\\Astro\\static_portfolio\\src\\content\\projects\\senior-design.mdx"
2025-12-26T15:51:48.631318Z  INFO scan_sources: tailwindcss_oxide::scanner: Discovering "C:\\Users\\stan\\Documents\\Code\\Web\\Astro\\static_portfolio\\src\\content\\projects\\swipl-recursion.mdx"
2025-12-26T15:51:48.631435Z  INFO scan_sources: tailwindcss_oxide::scanner: Discovering "C:\\Users\\stan\\Documents\\Code\\Web\\Astro\\static_portfolio\\src\\content\\projects\\testproj.mdx"
2025-12-26T15:51:48.631589Z  INFO scan_sources: tailwindcss_oxide::scanner: Discovering "C:\\Users\\stan\\Documents\\Code\\Web\\Astro\\static_portfolio\\src\\content\\projects\\testproj2.mdx"
2025-12-26T15:51:48.631739Z  INFO scan_sources: tailwindcss_oxide::scanner: Discovering "C:\\Users\\stan\\Documents\\Code\\Web\\Astro\\static_portfolio\\src\\content\\projects\\testproj3.mdx"
2025-12-26T15:51:48.631856Z  INFO scan_sources: tailwindcss_oxide::scanner: Discovering "C:\\Users\\stan\\Documents\\Code\\Web\\Astro\\static_portfolio\\src\\content\\projects\\testproj4.mdx"
2025-12-26T15:51:48.631974Z  INFO scan_sources: tailwindcss_oxide::scanner: Discovering "C:\\Users\\stan\\Documents\\Code\\Web\\Astro\\static_portfolio\\src\\content\\projects\\typst-coverletter.mdx"
2025-12-26T15:51:48.632093Z  INFO scan_sources: tailwindcss_oxide::scanner: Discovering "C:\\Users\\stan\\Documents\\Code\\Web\\Astro\\static_portfolio\\src\\content\\projects\\typst-resume.mdx"
2025-12-26T15:51:48.632217Z  INFO scan_sources: tailwindcss_oxide::scanner: Discovering "C:\\Users\\stan\\Documents\\Code\\Web\\Astro\\static_portfolio\\src\\content\\projects\\visual-interactive-ml.mdx"
2025-12-26T15:51:48.632478Z  INFO scan_sources: tailwindcss_oxide::scanner: Discovering "C:\\Users\\stan\\Documents\\Code\\Web\\Astro\\static_portfolio\\src\\content\\staticData"
2025-12-26T15:51:48.632774Z  INFO scan_sources: tailwindcss_oxide::scanner: Discovering "C:\\Users\\stan\\Documents\\Code\\Web\\Astro\\static_portfolio\\src\\content\\staticData\\allStaticData.json"
2025-12-26T15:51:48.633091Z  INFO scan_sources: tailwindcss_oxide::scanner: Discovering "C:\\Users\\stan\\Documents\\Code\\Web\\Astro\\static_portfolio\\src\\env.d.ts"
2025-12-26T15:51:48.633424Z  INFO scan_sources: tailwindcss_oxide::scanner: Discovering "C:\\Users\\stan\\Documents\\Code\\Web\\Astro\\static_portfolio\\src\\hooks"
2025-12-26T15:51:48.633753Z  INFO scan_sources: tailwindcss_oxide::scanner: Discovering "C:\\Users\\stan\\Documents\\Code\\Web\\Astro\\static_portfolio\\src\\hooks\\ErrorBoundary.tsx"
2025-12-26T15:51:48.633874Z  INFO scan_sources: tailwindcss_oxide::scanner: Discovering "C:\\Users\\stan\\Documents\\Code\\Web\\Astro\\static_portfolio\\src\\hooks\\use-auto-scroll.ts"
2025-12-26T15:51:48.633993Z  INFO scan_sources: tailwindcss_oxide::scanner: Discovering "C:\\Users\\stan\\Documents\\Code\\Web\\Astro\\static_portfolio\\src\\hooks\\use-copy-to-clipboard.ts"
2025-12-26T15:51:48.634111Z  INFO scan_sources: tailwindcss_oxide::scanner: Discovering "C:\\Users\\stan\\Documents\\Code\\Web\\Astro\\static_portfolio\\src\\hooks\\use-debounce-callback.ts"
2025-12-26T15:51:48.634228Z  INFO scan_sources: tailwindcss_oxide::scanner: Discovering "C:\\Users\\stan\\Documents\\Code\\Web\\Astro\\static_portfolio\\src\\hooks\\use-device-detect.ts"
2025-12-26T15:51:48.634373Z  INFO scan_sources: tailwindcss_oxide::scanner: Discovering "C:\\Users\\stan\\Documents\\Code\\Web\\Astro\\static_portfolio\\src\\hooks\\use-dom-ready.ts"
2025-12-26T15:51:48.634516Z  INFO scan_sources: tailwindcss_oxide::scanner: Discovering "C:\\Users\\stan\\Documents\\Code\\Web\\Astro\\static_portfolio\\src\\hooks\\use-error-boundary.tsx"
2025-12-26T15:51:48.634648Z  INFO scan_sources: tailwindcss_oxide::scanner: Discovering "C:\\Users\\stan\\Documents\\Code\\Web\\Astro\\static_portfolio\\src\\hooks\\use-focus-trap.ts"
2025-12-26T15:51:48.634766Z  INFO scan_sources: tailwindcss_oxide::scanner: Discovering "C:\\Users\\stan\\Documents\\Code\\Web\\Astro\\static_portfolio\\src\\hooks\\use-in-view.ts"
2025-12-26T15:51:48.634884Z  INFO scan_sources: tailwindcss_oxide::scanner: Discovering "C:\\Users\\stan\\Documents\\Code\\Web\\Astro\\static_portfolio\\src\\hooks\\use-intersection-observer.ts"
2025-12-26T15:51:48.635002Z  INFO scan_sources: tailwindcss_oxide::scanner: Discovering "C:\\Users\\stan\\Documents\\Code\\Web\\Astro\\static_portfolio\\src\\hooks\\use-is-client.ts"
2025-12-26T15:51:48.635120Z  INFO scan_sources: tailwindcss_oxide::scanner: Discovering "C:\\Users\\stan\\Documents\\Code\\Web\\Astro\\static_portfolio\\src\\hooks\\use-is-first-render.ts"
2025-12-26T15:51:48.635276Z  INFO scan_sources: tailwindcss_oxide::scanner: Discovering "C:\\Users\\stan\\Documents\\Code\\Web\\Astro\\static_portfolio\\src\\hooks\\use-long-press.ts"
2025-12-26T15:51:48.635393Z  INFO scan_sources: tailwindcss_oxide::scanner: Discovering "C:\\Users\\stan\\Documents\\Code\\Web\\Astro\\static_portfolio\\src\\hooks\\use-media-query.tsx"
2025-12-26T15:51:48.635510Z  INFO scan_sources: tailwindcss_oxide::scanner: Discovering "C:\\Users\\stan\\Documents\\Code\\Web\\Astro\\static_portfolio\\src\\hooks\\use-merge-refs.ts"
2025-12-26T15:51:48.635626Z  INFO scan_sources: tailwindcss_oxide::scanner: Discovering "C:\\Users\\stan\\Documents\\Code\\Web\\Astro\\static_portfolio\\src\\hooks\\use-mobile.ts"
2025-12-26T15:51:48.635742Z  INFO scan_sources: tailwindcss_oxide::scanner: Discovering "C:\\Users\\stan\\Documents\\Code\\Web\\Astro\\static_portfolio\\src\\hooks\\use-mounted.ts"
2025-12-26T15:51:48.635872Z  INFO scan_sources: tailwindcss_oxide::scanner: Discovering "C:\\Users\\stan\\Documents\\Code\\Web\\Astro\\static_portfolio\\src\\hooks\\use-mutation-observer.ts"
2025-12-26T15:51:48.635996Z  INFO scan_sources: tailwindcss_oxide::scanner: Discovering "C:\\Users\\stan\\Documents\\Code\\Web\\Astro\\static_portfolio\\src\\hooks\\use-render-debugger.ts"
2025-12-26T15:51:48.636348Z  INFO scan_sources: tailwindcss_oxide::scanner: Discovering "C:\\Users\\stan\\Documents\\Code\\Web\\Astro\\static_portfolio\\src\\hooks\\use-scramble.ts"
2025-12-26T15:51:48.636621Z  INFO scan_sources: tailwindcss_oxide::scanner: Discovering "C:\\Users\\stan\\Documents\\Code\\Web\\Astro\\static_portfolio\\src\\hooks\\use-scroll-to-top.ts"
2025-12-26T15:51:48.636799Z  INFO scan_sources: tailwindcss_oxide::scanner: Discovering "C:\\Users\\stan\\Documents\\Code\\Web\\Astro\\static_portfolio\\src\\hooks\\use-session-storage.ts"
2025-12-26T15:51:48.636931Z  INFO scan_sources: tailwindcss_oxide::scanner: Discovering "C:\\Users\\stan\\Documents\\Code\\Web\\Astro\\static_portfolio\\src\\hooks\\use-speakup.ts"
2025-12-26T15:51:48.637056Z  INFO scan_sources: tailwindcss_oxide::scanner: Discovering "C:\\Users\\stan\\Documents\\Code\\Web\\Astro\\static_portfolio\\src\\hooks\\use-throttle.ts"
2025-12-26T15:51:48.637210Z  INFO scan_sources: tailwindcss_oxide::scanner: Discovering "C:\\Users\\stan\\Documents\\Code\\Web\\Astro\\static_portfolio\\src\\hooks\\use-unmount.ts"
2025-12-26T15:51:48.637330Z  INFO scan_sources: tailwindcss_oxide::scanner: Discovering "C:\\Users\\stan\\Documents\\Code\\Web\\Astro\\static_portfolio\\src\\hooks\\use-update-effect.ts"
2025-12-26T15:51:48.637455Z  INFO scan_sources: tailwindcss_oxide::scanner: Discovering "C:\\Users\\stan\\Documents\\Code\\Web\\Astro\\static_portfolio\\src\\hooks\\use-window-scroll.ts"
2025-12-26T15:51:48.637628Z  INFO scan_sources: tailwindcss_oxide::scanner: Discovering "C:\\Users\\stan\\Documents\\Code\\Web\\Astro\\static_portfolio\\src\\hooks\\useAnimateHeight.ts"
2025-12-26T15:51:48.637780Z  INFO scan_sources: tailwindcss_oxide::scanner: Discovering "C:\\Users\\stan\\Documents\\Code\\Web\\Astro\\static_portfolio\\src\\hooks\\useCallbackRequest.ts"
2025-12-26T15:51:48.637971Z  INFO scan_sources: tailwindcss_oxide::scanner: Discovering "C:\\Users\\stan\\Documents\\Code\\Web\\Astro\\static_portfolio\\src\\hooks\\useChangeSubcription.ts"
2025-12-26T15:51:48.638274Z  INFO scan_sources: tailwindcss_oxide::scanner: Discovering "C:\\Users\\stan\\Documents\\Code\\Web\\Astro\\static_portfolio\\src\\hooks\\useDeferredValueSwitch.ts"
2025-12-26T15:51:48.638432Z  INFO scan_sources: tailwindcss_oxide::scanner: Discovering "C:\\Users\\stan\\Documents\\Code\\Web\\Astro\\static_portfolio\\src\\hooks\\useDeferredValueWithStatus.ts"
2025-12-26T15:51:48.638599Z  INFO scan_sources: tailwindcss_oxide::scanner: Discovering "C:\\Users\\stan\\Documents\\Code\\Web\\Astro\\static_portfolio\\src\\hooks\\useDelayedFunc.ts"
2025-12-26T15:51:48.638778Z  INFO scan_sources: tailwindcss_oxide::scanner: Discovering "C:\\Users\\stan\\Documents\\Code\\Web\\Astro\\static_portfolio\\src\\hooks\\useEnsureRef.ts"
2025-12-26T15:51:48.638959Z  INFO scan_sources: tailwindcss_oxide::scanner: Discovering "C:\\Users\\stan\\Documents\\Code\\Web\\Astro\\static_portfolio\\src\\hooks\\useFlip.ts"
2025-12-26T15:51:48.639113Z  INFO scan_sources: tailwindcss_oxide::scanner: Discovering "C:\\Users\\stan\\Documents\\Code\\Web\\Astro\\static_portfolio\\src\\hooks\\useGSAPContext.ts"
2025-12-26T15:51:48.639235Z  INFO scan_sources: tailwindcss_oxide::scanner: Discovering "C:\\Users\\stan\\Documents\\Code\\Web\\Astro\\static_portfolio\\src\\hooks\\useImagesLoaded.ts"
2025-12-26T15:51:48.639354Z  INFO scan_sources: tailwindcss_oxide::scanner: Discovering "C:\\Users\\stan\\Documents\\Code\\Web\\Astro\\static_portfolio\\src\\hooks\\usePromise.ts"
2025-12-26T15:51:48.639471Z  INFO scan_sources: tailwindcss_oxide::scanner: Discovering "C:\\Users\\stan\\Documents\\Code\\Web\\Astro\\static_portfolio\\src\\hooks\\usePromiseTransition.ts"
2025-12-26T15:51:48.639588Z  INFO scan_sources: tailwindcss_oxide::scanner: Discovering "C:\\Users\\stan\\Documents\\Code\\Web\\Astro\\static_portfolio\\src\\hooks\\useReportingMemo.ts"
2025-12-26T15:51:48.639704Z  INFO scan_sources: tailwindcss_oxide::scanner: Discovering "C:\\Users\\stan\\Documents\\Code\\Web\\Astro\\static_portfolio\\src\\hooks\\useResizeObserver.ts"
2025-12-26T15:51:48.639843Z  INFO scan_sources: tailwindcss_oxide::scanner: Discovering "C:\\Users\\stan\\Documents\\Code\\Web\\Astro\\static_portfolio\\src\\hooks\\useScrollToRow.tsx"
2025-12-26T15:51:48.639972Z  INFO scan_sources: tailwindcss_oxide::scanner: Discovering "C:\\Users\\stan\\Documents\\Code\\Web\\Astro\\static_portfolio\\src\\hooks\\useSyncedRef.ts"
2025-12-26T15:51:48.640090Z  INFO scan_sources: tailwindcss_oxide::scanner: Discovering "C:\\Users\\stan\\Documents\\Code\\Web\\Astro\\static_portfolio\\src\\hooks\\useThrottledDebounce.ts"
2025-12-26T15:51:48.640206Z  INFO scan_sources: tailwindcss_oxide::scanner: Discovering "C:\\Users\\stan\\Documents\\Code\\Web\\Astro\\static_portfolio\\src\\hooks\\useValueChanged.tsx"
2025-12-26T15:51:48.640326Z  INFO scan_sources: tailwindcss_oxide::scanner: Discovering "C:\\Users\\stan\\Documents\\Code\\Web\\Astro\\static_portfolio\\src\\hooks\\useWindowSize.ts"
2025-12-26T15:51:48.640628Z  INFO scan_sources: tailwindcss_oxide::scanner: Discovering "C:\\Users\\stan\\Documents\\Code\\Web\\Astro\\static_portfolio\\src\\icons"
2025-12-26T15:51:48.640941Z  INFO scan_sources: tailwindcss_oxide::scanner: Discovering "C:\\Users\\stan\\Documents\\Code\\Web\\Astro\\static_portfolio\\src\\icons\\AArch64.svg"
2025-12-26T15:51:48.641062Z  INFO scan_sources: tailwindcss_oxide::scanner: Discovering "C:\\Users\\stan\\Documents\\Code\\Web\\Astro\\static_portfolio\\src\\icons\\angular.svg"
2025-12-26T15:51:48.641180Z  INFO scan_sources: tailwindcss_oxide::scanner: Discovering "C:\\Users\\stan\\Documents\\Code\\Web\\Astro\\static_portfolio\\src\\icons\\arrow-left.svg"
2025-12-26T15:51:48.641298Z  INFO scan_sources: tailwindcss_oxide::scanner: Discovering "C:\\Users\\stan\\Documents\\Code\\Web\\Astro\\static_portfolio\\src\\icons\\astro.svg"
2025-12-26T15:51:48.641415Z  INFO scan_sources: tailwindcss_oxide::scanner: Discovering "C:\\Users\\stan\\Documents\\Code\\Web\\Astro\\static_portfolio\\src\\icons\\bars.svg"
2025-12-26T15:51:48.641531Z  INFO scan_sources: tailwindcss_oxide::scanner: Discovering "C:\\Users\\stan\\Documents\\Code\\Web\\Astro\\static_portfolio\\src\\icons\\Bash.svg"
2025-12-26T15:51:48.641648Z  INFO scan_sources: tailwindcss_oxide::scanner: Discovering "C:\\Users\\stan\\Documents\\Code\\Web\\Astro\\static_portfolio\\src\\icons\\bitwarden.svg"
2025-12-26T15:51:48.641763Z  INFO scan_sources: tailwindcss_oxide::scanner: Discovering "C:\\Users\\stan\\Documents\\Code\\Web\\Astro\\static_portfolio\\src\\icons\\Blender.svg"
2025-12-26T15:51:48.641894Z  INFO scan_sources: tailwindcss_oxide::scanner: Discovering "C:\\Users\\stan\\Documents\\Code\\Web\\Astro\\static_portfolio\\src\\icons\\bootstrap.svg"
2025-12-26T15:51:48.642011Z  INFO scan_sources: tailwindcss_oxide::scanner: Discovering "C:\\Users\\stan\\Documents\\Code\\Web\\Astro\\static_portfolio\\src\\icons\\briefcase.svg"
2025-12-26T15:51:48.642190Z  INFO scan_sources: tailwindcss_oxide::scanner: Discovering "C:\\Users\\stan\\Documents\\Code\\Web\\Astro\\static_portfolio\\src\\icons\\C.svg"
2025-12-26T15:51:48.642318Z  INFO scan_sources: tailwindcss_oxide::scanner: Discovering "C:\\Users\\stan\\Documents\\Code\\Web\\Astro\\static_portfolio\\src\\icons\\cloudflare.svg"
2025-12-26T15:51:48.642436Z  INFO scan_sources: tailwindcss_oxide::scanner: Discovering "C:\\Users\\stan\\Documents\\Code\\Web\\Astro\\static_portfolio\\src\\icons\\code.svg"
2025-12-26T15:51:48.642554Z  INFO scan_sources: tailwindcss_oxide::scanner: Discovering "C:\\Users\\stan\\Documents\\Code\\Web\\Astro\\static_portfolio\\src\\icons\\copilot.svg"
2025-12-26T15:51:48.642671Z  INFO scan_sources: tailwindcss_oxide::scanner: Discovering "C:\\Users\\stan\\Documents\\Code\\Web\\Astro\\static_portfolio\\src\\icons\\csharp.svg"
2025-12-26T15:51:48.642788Z  INFO scan_sources: tailwindcss_oxide::scanner: Discovering "C:\\Users\\stan\\Documents\\Code\\Web\\Astro\\static_portfolio\\src\\icons\\css.svg"
2025-12-26T15:51:48.642907Z  INFO scan_sources: tailwindcss_oxide::scanner: Discovering "C:\\Users\\stan\\Documents\\Code\\Web\\Astro\\static_portfolio\\src\\icons\\cursor-ia.svg"
2025-12-26T15:51:48.643025Z  INFO scan_sources: tailwindcss_oxide::scanner: Discovering "C:\\Users\\stan\\Documents\\Code\\Web\\Astro\\static_portfolio\\src\\icons\\dashboard.svg"
2025-12-26T15:51:48.643150Z  INFO scan_sources: tailwindcss_oxide::scanner: Discovering "C:\\Users\\stan\\Documents\\Code\\Web\\Astro\\static_portfolio\\src\\icons\\deepseek.svg"
2025-12-26T15:51:48.643266Z  INFO scan_sources: tailwindcss_oxide::scanner: Discovering "C:\\Users\\stan\\Documents\\Code\\Web\\Astro\\static_portfolio\\src\\icons\\envelope.svg"
2025-12-26T15:51:48.643382Z  INFO scan_sources: tailwindcss_oxide::scanner: Discovering "C:\\Users\\stan\\Documents\\Code\\Web\\Astro\\static_portfolio\\src\\icons\\facebook.svg"
2025-12-26T15:51:48.643497Z  INFO scan_sources: tailwindcss_oxide::scanner: Discovering "C:\\Users\\stan\\Documents\\Code\\Web\\Astro\\static_portfolio\\src\\icons\\figma.svg"
2025-12-26T15:51:48.643615Z  INFO scan_sources: tailwindcss_oxide::scanner: Discovering "C:\\Users\\stan\\Documents\\Code\\Web\\Astro\\static_portfolio\\src\\icons\\firebase.svg"
2025-12-26T15:51:48.643731Z  INFO scan_sources: tailwindcss_oxide::scanner: Discovering "C:\\Users\\stan\\Documents\\Code\\Web\\Astro\\static_portfolio\\src\\icons\\gatsby.svg"
2025-12-26T15:51:48.643861Z  INFO scan_sources: tailwindcss_oxide::scanner: Discovering "C:\\Users\\stan\\Documents\\Code\\Web\\Astro\\static_portfolio\\src\\icons\\git.svg"
2025-12-26T15:51:48.643988Z  INFO scan_sources: tailwindcss_oxide::scanner: Discovering "C:\\Users\\stan\\Documents\\Code\\Web\\Astro\\static_portfolio\\src\\icons\\github-svg.svg"
2025-12-26T15:51:48.644113Z  INFO scan_sources: tailwindcss_oxide::scanner: Discovering "C:\\Users\\stan\\Documents\\Code\\Web\\Astro\\static_portfolio\\src\\icons\\github.svg"
2025-12-26T15:51:48.644234Z  INFO scan_sources: tailwindcss_oxide::scanner: Discovering "C:\\Users\\stan\\Documents\\Code\\Web\\Astro\\static_portfolio\\src\\icons\\GNU Emacs.svg"
2025-12-26T15:51:48.644351Z  INFO scan_sources: tailwindcss_oxide::scanner: Discovering "C:\\Users\\stan\\Documents\\Code\\Web\\Astro\\static_portfolio\\src\\icons\\html.svg"
2025-12-26T15:51:48.644469Z  INFO scan_sources: tailwindcss_oxide::scanner: Discovering "C:\\Users\\stan\\Documents\\Code\\Web\\Astro\\static_portfolio\\src\\icons\\icon-rocq-orange.svg"
2025-12-26T15:51:48.644585Z  INFO scan_sources: tailwindcss_oxide::scanner: Discovering "C:\\Users\\stan\\Documents\\Code\\Web\\Astro\\static_portfolio\\src\\icons\\info.svg"
2025-12-26T15:51:48.644701Z  INFO scan_sources: tailwindcss_oxide::scanner: Discovering "C:\\Users\\stan\\Documents\\Code\\Web\\Astro\\static_portfolio\\src\\icons\\instagram.svg"
2025-12-26T15:51:48.644825Z  INFO scan_sources: tailwindcss_oxide::scanner: Discovering "C:\\Users\\stan\\Documents\\Code\\Web\\Astro\\static_portfolio\\src\\icons\\javascript.svg"
2025-12-26T15:51:48.644945Z  INFO scan_sources: tailwindcss_oxide::scanner: Discovering "C:\\Users\\stan\\Documents\\Code\\Web\\Astro\\static_portfolio\\src\\icons\\LaTeX.svg"
2025-12-26T15:51:48.645060Z  INFO scan_sources: tailwindcss_oxide::scanner: Discovering "C:\\Users\\stan\\Documents\\Code\\Web\\Astro\\static_portfolio\\src\\icons\\linkedin.svg"
2025-12-26T15:51:48.645178Z  INFO scan_sources: tailwindcss_oxide::scanner: Discovering "C:\\Users\\stan\\Documents\\Code\\Web\\Astro\\static_portfolio\\src\\icons\\logo-rocq-vertical-orange.svg"
2025-12-26T15:51:48.645295Z  INFO scan_sources: tailwindcss_oxide::scanner: Discovering "C:\\Users\\stan\\Documents\\Code\\Web\\Astro\\static_portfolio\\src\\icons\\logo.svg"
2025-12-26T15:51:48.645458Z  INFO scan_sources: tailwindcss_oxide::scanner: Discovering "C:\\Users\\stan\\Documents\\Code\\Web\\Astro\\static_portfolio\\src\\icons\\Lua.svg"
2025-12-26T15:51:48.645575Z  INFO scan_sources: tailwindcss_oxide::scanner: Discovering "C:\\Users\\stan\\Documents\\Code\\Web\\Astro\\static_portfolio\\src\\icons\\markdown.svg"
2025-12-26T15:51:48.645692Z  INFO scan_sources: tailwindcss_oxide::scanner: Discovering "C:\\Users\\stan\\Documents\\Code\\Web\\Astro\\static_portfolio\\src\\icons\\MATLAB.svg"
2025-12-26T15:51:48.645827Z  INFO scan_sources: tailwindcss_oxide::scanner: Discovering "C:\\Users\\stan\\Documents\\Code\\Web\\Astro\\static_portfolio\\src\\icons\\md.svg"
2025-12-26T15:51:48.645949Z  INFO scan_sources: tailwindcss_oxide::scanner: Discovering "C:\\Users\\stan\\Documents\\Code\\Web\\Astro\\static_portfolio\\src\\icons\\mongo.svg"
2025-12-26T15:51:48.646065Z  INFO scan_sources: tailwindcss_oxide::scanner: Discovering "C:\\Users\\stan\\Documents\\Code\\Web\\Astro\\static_portfolio\\src\\icons\\moon.svg"
2025-12-26T15:51:48.646184Z  INFO scan_sources: tailwindcss_oxide::scanner: Discovering "C:\\Users\\stan\\Documents\\Code\\Web\\Astro\\static_portfolio\\src\\icons\\mysql.svg"
2025-12-26T15:51:48.646304Z  INFO scan_sources: tailwindcss_oxide::scanner: Discovering "C:\\Users\\stan\\Documents\\Code\\Web\\Astro\\static_portfolio\\src\\icons\\Neovim-mark.svg"
2025-12-26T15:51:48.646432Z  INFO scan_sources: tailwindcss_oxide::scanner: Discovering "C:\\Users\\stan\\Documents\\Code\\Web\\Astro\\static_portfolio\\src\\icons\\netlify.svg"
2025-12-26T15:51:48.646554Z  INFO scan_sources: tailwindcss_oxide::scanner: Discovering "C:\\Users\\stan\\Documents\\Code\\Web\\Astro\\static_portfolio\\src\\icons\\node.svg"
2025-12-26T15:51:48.646670Z  INFO scan_sources: tailwindcss_oxide::scanner: Discovering "C:\\Users\\stan\\Documents\\Code\\Web\\Astro\\static_portfolio\\src\\icons\\NumPy.svg"
2025-12-26T15:51:48.646787Z  INFO scan_sources: tailwindcss_oxide::scanner: Discovering "C:\\Users\\stan\\Documents\\Code\\Web\\Astro\\static_portfolio\\src\\icons\\Pandas.svg"
2025-12-26T15:51:48.646905Z  INFO scan_sources: tailwindcss_oxide::scanner: Discovering "C:\\Users\\stan\\Documents\\Code\\Web\\Astro\\static_portfolio\\src\\icons\\paperplane.svg"
2025-12-26T15:51:48.647024Z  INFO scan_sources: tailwindcss_oxide::scanner: Discovering "C:\\Users\\stan\\Documents\\Code\\Web\\Astro\\static_portfolio\\src\\icons\\person.svg"
2025-12-26T15:51:48.647142Z  INFO scan_sources: tailwindcss_oxide::scanner: Discovering "C:\\Users\\stan\\Documents\\Code\\Web\\Astro\\static_portfolio\\src\\icons\\php.svg"
2025-12-26T15:51:48.647258Z  INFO scan_sources: tailwindcss_oxide::scanner: Discovering "C:\\Users\\stan\\Documents\\Code\\Web\\Astro\\static_portfolio\\src\\icons\\Powershell.svg"
2025-12-26T15:51:48.647376Z  INFO scan_sources: tailwindcss_oxide::scanner: Discovering "C:\\Users\\stan\\Documents\\Code\\Web\\Astro\\static_portfolio\\src\\icons\\python.svg"
2025-12-26T15:51:48.647493Z  INFO scan_sources: tailwindcss_oxide::scanner: Discovering "C:\\Users\\stan\\Documents\\Code\\Web\\Astro\\static_portfolio\\src\\icons\\Python2.svg"
2025-12-26T15:51:48.647608Z  INFO scan_sources: tailwindcss_oxide::scanner: Discovering "C:\\Users\\stan\\Documents\\Code\\Web\\Astro\\static_portfolio\\src\\icons\\PyTorch.svg"
2025-12-26T15:51:48.647742Z  INFO scan_sources: tailwindcss_oxide::scanner: Discovering "C:\\Users\\stan\\Documents\\Code\\Web\\Astro\\static_portfolio\\src\\icons\\rocket.svg"
2025-12-26T15:51:48.647869Z  INFO scan_sources: tailwindcss_oxide::scanner: Discovering "C:\\Users\\stan\\Documents\\Code\\Web\\Astro\\static_portfolio\\src\\icons\\sass.svg"
2025-12-26T15:51:48.647986Z  INFO scan_sources: tailwindcss_oxide::scanner: Discovering "C:\\Users\\stan\\Documents\\Code\\Web\\Astro\\static_portfolio\\src\\icons\\sun.svg"
2025-12-26T15:51:48.648107Z  INFO scan_sources: tailwindcss_oxide::scanner: Discovering "C:\\Users\\stan\\Documents\\Code\\Web\\Astro\\static_portfolio\\src\\icons\\tailwind.svg"
2025-12-26T15:51:48.648223Z  INFO scan_sources: tailwindcss_oxide::scanner: Discovering "C:\\Users\\stan\\Documents\\Code\\Web\\Astro\\static_portfolio\\src\\icons\\twitter.svg"
2025-12-26T15:51:48.648339Z  INFO scan_sources: tailwindcss_oxide::scanner: Discovering "C:\\Users\\stan\\Documents\\Code\\Web\\Astro\\static_portfolio\\src\\icons\\typescript.svg"
2025-12-26T15:51:48.648464Z  INFO scan_sources: tailwindcss_oxide::scanner: Discovering "C:\\Users\\stan\\Documents\\Code\\Web\\Astro\\static_portfolio\\src\\icons\\Ubuntu.svg"
2025-12-26T15:51:48.648613Z  INFO scan_sources: tailwindcss_oxide::scanner: Discovering "C:\\Users\\stan\\Documents\\Code\\Web\\Astro\\static_portfolio\\src\\icons\\vercel.svg"
2025-12-26T15:51:48.649089Z  INFO scan_sources: tailwindcss_oxide::scanner: Discovering "C:\\Users\\stan\\Documents\\Code\\Web\\Astro\\static_portfolio\\src\\icons\\whatsapp.svg"
2025-12-26T15:51:48.649392Z  INFO scan_sources: tailwindcss_oxide::scanner: Discovering "C:\\Users\\stan\\Documents\\Code\\Web\\Astro\\static_portfolio\\src\\icons\\windsurf-logo.svg"
2025-12-26T15:51:48.649589Z  INFO scan_sources: tailwindcss_oxide::scanner: Discovering "C:\\Users\\stan\\Documents\\Code\\Web\\Astro\\static_portfolio\\src\\icons\\wordpress.svg"
2025-12-26T15:51:48.649794Z  INFO scan_sources: tailwindcss_oxide::scanner: Discovering "C:\\Users\\stan\\Documents\\Code\\Web\\Astro\\static_portfolio\\src\\icons\\xmark.svg"
2025-12-26T15:51:48.649935Z  INFO scan_sources: tailwindcss_oxide::scanner: Discovering "C:\\Users\\stan\\Documents\\Code\\Web\\Astro\\static_portfolio\\src\\icons\\youtube.svg"
2025-12-26T15:51:48.650295Z  INFO scan_sources: tailwindcss_oxide::scanner: Discovering "C:\\Users\\stan\\Documents\\Code\\Web\\Astro\\static_portfolio\\src\\layouts"
2025-12-26T15:51:48.650673Z  INFO scan_sources: tailwindcss_oxide::scanner: Discovering "C:\\Users\\stan\\Documents\\Code\\Web\\Astro\\static_portfolio\\src\\layouts\\Layout.astro"
2025-12-26T15:51:48.650830Z  INFO scan_sources: tailwindcss_oxide::scanner: Discovering "C:\\Users\\stan\\Documents\\Code\\Web\\Astro\\static_portfolio\\src\\layouts\\MarkdownAbout.astro"
2025-12-26T15:51:48.651000Z  INFO scan_sources: tailwindcss_oxide::scanner: Discovering "C:\\Users\\stan\\Documents\\Code\\Web\\Astro\\static_portfolio\\src\\layouts\\MarkdownPostLayout.astro"
2025-12-26T15:51:48.651125Z  INFO scan_sources: tailwindcss_oxide::scanner: Discovering "C:\\Users\\stan\\Documents\\Code\\Web\\Astro\\static_portfolio\\src\\layouts\\ProjectLayout.astro"
2025-12-26T15:51:48.651428Z  INFO scan_sources: tailwindcss_oxide::scanner: Discovering "C:\\Users\\stan\\Documents\\Code\\Web\\Astro\\static_portfolio\\src\\lib"
2025-12-26T15:51:48.651710Z  INFO scan_sources: tailwindcss_oxide::scanner: Discovering "C:\\Users\\stan\\Documents\\Code\\Web\\Astro\\static_portfolio\\src\\lib\\objutil.ts"
2025-12-26T15:51:48.651842Z  INFO scan_sources: tailwindcss_oxide::scanner: Discovering "C:\\Users\\stan\\Documents\\Code\\Web\\Astro\\static_portfolio\\src\\lib\\type-utils.ts"
2025-12-26T15:51:48.652004Z  INFO scan_sources: tailwindcss_oxide::scanner: Discovering "C:\\Users\\stan\\Documents\\Code\\Web\\Astro\\static_portfolio\\src\\lib\\utils.ts"
2025-12-26T15:51:48.652257Z  INFO scan_sources: tailwindcss_oxide::scanner: Discovering "C:\\Users\\stan\\Documents\\Code\\Web\\Astro\\static_portfolio\\src\\pages"
2025-12-26T15:51:48.652553Z  INFO scan_sources: tailwindcss_oxide::scanner: Discovering "C:\\Users\\stan\\Documents\\Code\\Web\\Astro\\static_portfolio\\src\\pages\\about-me.md"
2025-12-26T15:51:48.653015Z  INFO scan_sources: tailwindcss_oxide::scanner: Discovering "C:\\Users\\stan\\Documents\\Code\\Web\\Astro\\static_portfolio\\src\\pages\\blog"
2025-12-26T15:51:48.653356Z  INFO scan_sources: tailwindcss_oxide::scanner: Discovering "C:\\Users\\stan\\Documents\\Code\\Web\\Astro\\static_portfolio\\src\\pages\\blog\\index.astro"
2025-12-26T15:51:48.653616Z  INFO scan_sources: tailwindcss_oxide::scanner: Discovering "C:\\Users\\stan\\Documents\\Code\\Web\\Astro\\static_portfolio\\src\\pages\\blog\\posts"
2025-12-26T15:51:48.653997Z  INFO scan_sources: tailwindcss_oxide::scanner: Discovering "C:\\Users\\stan\\Documents\\Code\\Web\\Astro\\static_portfolio\\src\\pages\\blog\\posts\\how-to-create-an-animated-border-with-tailwind.md"
2025-12-26T15:51:48.654123Z  INFO scan_sources: tailwindcss_oxide::scanner: Discovering "C:\\Users\\stan\\Documents\\Code\\Web\\Astro\\static_portfolio\\src\\pages\\blog\\posts\\index.astro"
2025-12-26T15:51:48.654242Z  INFO scan_sources: tailwindcss_oxide::scanner: Discovering "C:\\Users\\stan\\Documents\\Code\\Web\\Astro\\static_portfolio\\src\\pages\\blog\\posts\\markdown-tutorial.md"
2025-12-26T15:51:48.654359Z  INFO scan_sources: tailwindcss_oxide::scanner: Discovering "C:\\Users\\stan\\Documents\\Code\\Web\\Astro\\static_portfolio\\src\\pages\\blog\\posts\\readme-neonmint.md"
2025-12-26T15:51:48.654613Z  INFO scan_sources: tailwindcss_oxide::scanner: Discovering "C:\\Users\\stan\\Documents\\Code\\Web\\Astro\\static_portfolio\\src\\pages\\blog\\tags"
2025-12-26T15:51:48.654880Z  INFO scan_sources: tailwindcss_oxide::scanner: Discovering "C:\\Users\\stan\\Documents\\Code\\Web\\Astro\\static_portfolio\\src\\pages\\blog\\tags\\index.astro"
2025-12-26T15:51:48.654998Z  INFO scan_sources: tailwindcss_oxide::scanner: Discovering "C:\\Users\\stan\\Documents\\Code\\Web\\Astro\\static_portfolio\\src\\pages\\blog\\tags\\[tag].astro"
2025-12-26T15:51:48.655244Z  INFO scan_sources: tailwindcss_oxide::scanner: Discovering "C:\\Users\\stan\\Documents\\Code\\Web\\Astro\\static_portfolio\\src\\pages\\blog\\techs"
2025-12-26T15:51:48.655507Z  INFO scan_sources: tailwindcss_oxide::scanner: Discovering "C:\\Users\\stan\\Documents\\Code\\Web\\Astro\\static_portfolio\\src\\pages\\blog\\techs\\index.astro"
2025-12-26T15:51:48.655626Z  INFO scan_sources: tailwindcss_oxide::scanner: Discovering "C:\\Users\\stan\\Documents\\Code\\Web\\Astro\\static_portfolio\\src\\pages\\blog\\techs\\[category].astro"
2025-12-26T15:51:48.655838Z  INFO scan_sources: tailwindcss_oxide::scanner: Discovering "C:\\Users\\stan\\Documents\\Code\\Web\\Astro\\static_portfolio\\src\\pages\\index.astro"
2025-12-26T15:51:48.656047Z  INFO scan_sources: tailwindcss_oxide::scanner: Discovering "C:\\Users\\stan\\Documents\\Code\\Web\\Astro\\static_portfolio\\src\\pages\\portfolio"
2025-12-26T15:51:48.656400Z  INFO scan_sources: tailwindcss_oxide::scanner: Discovering "C:\\Users\\stan\\Documents\\Code\\Web\\Astro\\static_portfolio\\src\\pages\\portfolio\\projects"
2025-12-26T15:51:48.656659Z  INFO scan_sources: tailwindcss_oxide::scanner: Discovering "C:\\Users\\stan\\Documents\\Code\\Web\\Astro\\static_portfolio\\src\\pages\\portfolio\\projects\\neonmint.md"
2025-12-26T15:51:48.656856Z  INFO scan_sources: tailwindcss_oxide::scanner: Discovering "C:\\Users\\stan\\Documents\\Code\\Web\\Astro\\static_portfolio\\src\\pages\\robots.txt.ts"
2025-12-26T15:51:48.656983Z  INFO scan_sources: tailwindcss_oxide::scanner: Discovering "C:\\Users\\stan\\Documents\\Code\\Web\\Astro\\static_portfolio\\src\\pages\\rss.xml.js"
2025-12-26T15:51:48.657099Z  INFO scan_sources: tailwindcss_oxide::scanner: Discovering "C:\\Users\\stan\\Documents\\Code\\Web\\Astro\\static_portfolio\\src\\pages\\scratch.astro"
2025-12-26T15:51:48.657215Z  INFO scan_sources: tailwindcss_oxide::scanner: Discovering "C:\\Users\\stan\\Documents\\Code\\Web\\Astro\\static_portfolio\\src\\pages\\scratch2.astro"
2025-12-26T15:51:48.657430Z  INFO scan_sources: tailwindcss_oxide::scanner: Discovering "C:\\Users\\stan\\Documents\\Code\\Web\\Astro\\static_portfolio\\src\\pages\\story"
2025-12-26T15:51:48.657790Z  INFO scan_sources: tailwindcss_oxide::scanner: Discovering "C:\\Users\\stan\\Documents\\Code\\Web\\Astro\\static_portfolio\\src\\pages\\story\\sections"
2025-12-26T15:51:48.658059Z  INFO scan_sources: tailwindcss_oxide::scanner: Discovering "C:\\Users\\stan\\Documents\\Code\\Web\\Astro\\static_portfolio\\src\\pages\\story\\sections\\section_three.mdx"
2025-12-26T15:51:48.658179Z  INFO scan_sources: tailwindcss_oxide::scanner: Discovering "C:\\Users\\stan\\Documents\\Code\\Web\\Astro\\static_portfolio\\src\\pages\\story\\sections\\section_two.mdx"
2025-12-26T15:51:48.658409Z  INFO scan_sources: tailwindcss_oxide::scanner: Discovering "C:\\Users\\stan\\Documents\\Code\\Web\\Astro\\static_portfolio\\src\\pages\\story\\sections\\test_section.mdx"
2025-12-26T15:51:48.658662Z  INFO scan_sources: tailwindcss_oxide::scanner: Discovering "C:\\Users\\stan\\Documents\\Code\\Web\\Astro\\static_portfolio\\src\\pages\\story\\sidebar"
2025-12-26T15:51:48.658952Z  INFO scan_sources: tailwindcss_oxide::scanner: Discovering "C:\\Users\\stan\\Documents\\Code\\Web\\Astro\\static_portfolio\\src\\pages\\story\\sidebar\\section_two.mdx"
2025-12-26T15:51:48.659071Z  INFO scan_sources: tailwindcss_oxide::scanner: Discovering "C:\\Users\\stan\\Documents\\Code\\Web\\Astro\\static_portfolio\\src\\pages\\story\\sidebar\\testFile.mdx"
2025-12-26T15:51:48.659188Z  INFO scan_sources: tailwindcss_oxide::scanner: Discovering "C:\\Users\\stan\\Documents\\Code\\Web\\Astro\\static_portfolio\\src\\pages\\story\\sidebar\\test_section.mdx"
2025-12-26T15:51:48.659507Z  INFO scan_sources: tailwindcss_oxide::scanner: Discovering "C:\\Users\\stan\\Documents\\Code\\Web\\Astro\\static_portfolio\\src\\scripts"
2025-12-26T15:51:48.659793Z  INFO scan_sources: tailwindcss_oxide::scanner: Discovering "C:\\Users\\stan\\Documents\\Code\\Web\\Astro\\static_portfolio\\src\\scripts\\menu.js"
2025-12-26T15:51:48.660039Z  INFO scan_sources: tailwindcss_oxide::scanner: Discovering "C:\\Users\\stan\\Documents\\Code\\Web\\Astro\\static_portfolio\\src\\styles"
2025-12-26T15:51:48.660306Z  INFO scan_sources: tailwindcss_oxide::scanner: Discovering "C:\\Users\\stan\\Documents\\Code\\Web\\Astro\\static_portfolio\\src\\styles\\carousel.css"
2025-12-26T15:51:48.660424Z  INFO scan_sources: tailwindcss_oxide::scanner: Discovering "C:\\Users\\stan\\Documents\\Code\\Web\\Astro\\static_portfolio\\src\\styles\\details.css"
2025-12-26T15:51:48.660541Z  INFO scan_sources: tailwindcss_oxide::scanner: Discovering "C:\\Users\\stan\\Documents\\Code\\Web\\Astro\\static_portfolio\\src\\styles\\global.css"
2025-12-26T15:51:48.660657Z  INFO scan_sources: tailwindcss_oxide::scanner: Discovering "C:\\Users\\stan\\Documents\\Code\\Web\\Astro\\static_portfolio\\src\\styles\\projects.css"
2025-12-26T15:51:48.660771Z  INFO scan_sources: tailwindcss_oxide::scanner: Discovering "C:\\Users\\stan\\Documents\\Code\\Web\\Astro\\static_portfolio\\src\\styles\\scratch2.css"
2025-12-26T15:51:48.660978Z  INFO scan_sources: tailwindcss_oxide::scanner: Discovering "C:\\Users\\stan\\Documents\\Code\\Web\\Astro\\static_portfolio\\src\\styles\\starry-night"
2025-12-26T15:51:48.661255Z  INFO scan_sources: tailwindcss_oxide::scanner: Discovering "C:\\Users\\stan\\Documents\\Code\\Web\\Astro\\static_portfolio\\src\\styles\\starry-night\\both.css"
2025-12-26T15:51:48.661372Z  INFO scan_sources: tailwindcss_oxide::scanner: Discovering "C:\\Users\\stan\\Documents\\Code\\Web\\Astro\\static_portfolio\\src\\styles\\starry-night\\colorblind-dark.css"
2025-12-26T15:51:48.661490Z  INFO scan_sources: tailwindcss_oxide::scanner: Discovering "C:\\Users\\stan\\Documents\\Code\\Web\\Astro\\static_portfolio\\src\\styles\\starry-night\\colorblind-light.css"
2025-12-26T15:51:48.661606Z  INFO scan_sources: tailwindcss_oxide::scanner: Discovering "C:\\Users\\stan\\Documents\\Code\\Web\\Astro\\static_portfolio\\src\\styles\\starry-night\\colorblind.css"
2025-12-26T15:51:48.661726Z  INFO scan_sources: tailwindcss_oxide::scanner: Discovering "C:\\Users\\stan\\Documents\\Code\\Web\\Astro\\static_portfolio\\src\\styles\\starry-night\\core.css"
2025-12-26T15:51:48.661887Z  INFO scan_sources: tailwindcss_oxide::scanner: Discovering "C:\\Users\\stan\\Documents\\Code\\Web\\Astro\\static_portfolio\\src\\styles\\starry-night\\dark.css"
2025-12-26T15:51:48.662003Z  INFO scan_sources: tailwindcss_oxide::scanner: Discovering "C:\\Users\\stan\\Documents\\Code\\Web\\Astro\\static_portfolio\\src\\styles\\starry-night\\default-dark.css"
2025-12-26T15:51:48.662120Z  INFO scan_sources: tailwindcss_oxide::scanner: Discovering "C:\\Users\\stan\\Documents\\Code\\Web\\Astro\\static_portfolio\\src\\styles\\starry-night\\default-light.css"
2025-12-26T15:51:48.662234Z  INFO scan_sources: tailwindcss_oxide::scanner: Discovering "C:\\Users\\stan\\Documents\\Code\\Web\\Astro\\static_portfolio\\src\\styles\\starry-night\\dimmed-dark.css"
2025-12-26T15:51:48.662349Z  INFO scan_sources: tailwindcss_oxide::scanner: Discovering "C:\\Users\\stan\\Documents\\Code\\Web\\Astro\\static_portfolio\\src\\styles\\starry-night\\dimmed.css"
2025-12-26T15:51:48.662464Z  INFO scan_sources: tailwindcss_oxide::scanner: Discovering "C:\\Users\\stan\\Documents\\Code\\Web\\Astro\\static_portfolio\\src\\styles\\starry-night\\high-contrast-dark.css"
2025-12-26T15:51:48.662581Z  INFO scan_sources: tailwindcss_oxide::scanner: Discovering "C:\\Users\\stan\\Documents\\Code\\Web\\Astro\\static_portfolio\\src\\styles\\starry-night\\high-contrast-light.css"
2025-12-26T15:51:48.662696Z  INFO scan_sources: tailwindcss_oxide::scanner: Discovering "C:\\Users\\stan\\Documents\\Code\\Web\\Astro\\static_portfolio\\src\\styles\\starry-night\\high-contrast.css"
2025-12-26T15:51:48.662812Z  INFO scan_sources: tailwindcss_oxide::scanner: Discovering "C:\\Users\\stan\\Documents\\Code\\Web\\Astro\\static_portfolio\\src\\styles\\starry-night\\light.css"
2025-12-26T15:51:48.662927Z  INFO scan_sources: tailwindcss_oxide::scanner: Discovering "C:\\Users\\stan\\Documents\\Code\\Web\\Astro\\static_portfolio\\src\\styles\\starry-night\\tritanopia-dark.css"
2025-12-26T15:51:48.663043Z  INFO scan_sources: tailwindcss_oxide::scanner: Discovering "C:\\Users\\stan\\Documents\\Code\\Web\\Astro\\static_portfolio\\src\\styles\\starry-night\\tritanopia-light.css"
2025-12-26T15:51:48.663162Z  INFO scan_sources: tailwindcss_oxide::scanner: Discovering "C:\\Users\\stan\\Documents\\Code\\Web\\Astro\\static_portfolio\\src\\styles\\starry-night\\tritanopia.css"
2025-12-26T15:51:48.663325Z  INFO scan_sources: tailwindcss_oxide::scanner: Discovering "C:\\Users\\stan\\Documents\\Code\\Web\\Astro\\static_portfolio\\src\\styles\\starry-night-tailwind.css"
2025-12-26T15:51:48.663440Z  INFO scan_sources: tailwindcss_oxide::scanner: Discovering "C:\\Users\\stan\\Documents\\Code\\Web\\Astro\\static_portfolio\\src\\styles\\story.css"
2025-12-26T15:51:48.663688Z  INFO scan_sources: tailwindcss_oxide::scanner: Discovering "C:\\Users\\stan\\Documents\\Code\\Web\\Astro\\static_portfolio\\src\\types"
2025-12-26T15:51:48.664293Z  INFO scan_sources: tailwindcss_oxide::scanner: Discovering "C:\\Users\\stan\\Documents\\Code\\Web\\Astro\\static_portfolio\\src\\types\\gsap-react.d.ts"
2025-12-26T15:51:48.664502Z  INFO scan_sources: tailwindcss_oxide::scanner: Discovering "C:\\Users\\stan\\Documents\\Code\\Web\\Astro\\static_portfolio\\src\\types\\mdx.d.ts"
2025-12-26T15:51:48.664785Z  INFO scan_sources: tailwindcss_oxide::scanner: Discovering "C:\\Users\\stan\\Documents\\Code\\Web\\Astro\\static_portfolio\\src\\types.d.ts"
2025-12-26T15:51:48.665115Z  INFO scan_sources: tailwindcss_oxide::scanner: Discovering "C:\\Users\\stan\\Documents\\Code\\Web\\Astro\\static_portfolio\\src\\utils"
2025-12-26T15:51:48.665562Z  INFO scan_sources: tailwindcss_oxide::scanner: Discovering "C:\\Users\\stan\\Documents\\Code\\Web\\Astro\\static_portfolio\\src\\utils\\languages.ts"
2025-12-26T15:51:48.665764Z  INFO scan_sources: tailwindcss_oxide::scanner: Discovering "C:\\Users\\stan\\Documents\\Code\\Web\\Astro\\static_portfolio\\src\\utils\\textloader.ts"
2025-12-26T15:51:48.666099Z  INFO scan_sources: tailwindcss_oxide::scanner: Discovering "C:\\Users\\stan\\Documents\\Code\\Web\\Astro\\static_portfolio\\stateFlow.txt"
2025-12-26T15:51:48.666290Z  INFO scan_sources: tailwindcss_oxide::scanner: Discovering "C:\\Users\\stan\\Documents\\Code\\Web\\Astro\\static_portfolio\\static_portfolio.code-workspace"
2025-12-26T15:51:48.666514Z  INFO scan_sources: tailwindcss_oxide::scanner: Discovering "C:\\Users\\stan\\Documents\\Code\\Web\\Astro\\static_portfolio\\todo.md"
2025-12-26T15:51:48.666698Z  INFO scan_sources: tailwindcss_oxide::scanner: Discovering "C:\\Users\\stan\\Documents\\Code\\Web\\Astro\\static_portfolio\\tsconfig.json"
2025-12-26T15:51:48.666890Z  INFO scan_sources: tailwindcss_oxide::scanner: Discovering "C:\\Users\\stan\\Documents\\Code\\Web\\Astro\\static_portfolio\\_tailwind.config.cjs"
2025-12-26T15:51:48.667216Z  INFO scan_sources: tailwindcss_oxide::scanner: exit
2025-12-26T15:51:48.667239Z  INFO extract_candidates: tailwindcss_oxide::scanner: enter
2025-12-26T15:51:48.667264Z  INFO extract_candidates:read_all_files: tailwindcss_oxide::scanner: enter
2025-12-26T15:51:48.667275Z  INFO extract_candidates:read_all_files: tailwindcss_oxide::scanner: Reading 446 file(s)
2025-12-26T15:51:48.667622Z  INFO tailwindcss_oxide::scanner: Reading "C:\\Users\\stan\\Documents\\Code\\Web\\Astro\\static_portfolio\\.codetogether.ignore"
2025-12-26T15:51:48.667646Z  INFO tailwindcss_oxide::scanner: Reading "C:\\Users\\stan\\Documents\\Code\\Web\\Astro\\static_portfolio\\src\\components\\ui\\dropdown-menu.tsx"
2025-12-26T15:51:48.667627Z  INFO tailwindcss_oxide::scanner: Reading "C:\\Users\\stan\\Documents\\Code\\Web\\Astro\\static_portfolio\\src\\components\\projects\\ProjectBrowser.astro"
2025-12-26T15:51:48.667753Z  INFO tailwindcss_oxide::scanner: Reading "C:\\Users\\stan\\Documents\\Code\\Web\\Astro\\static_portfolio\\public\\images\\story\\backdrop\\circuit-ground.svg"
2025-12-26T15:51:48.667780Z  INFO tailwindcss_oxide::scanner: Reading "C:\\Users\\stan\\Documents\\Code\\Web\\Astro\\static_portfolio\\.hintrc"
2025-12-26T15:51:48.667790Z  INFO tailwindcss_oxide::scanner: Reading "C:\\Users\\stan\\Documents\\Code\\Web\\Astro\\static_portfolio\\.gitattributes"
2025-12-26T15:51:48.667657Z  INFO tailwindcss_oxide::scanner: Reading "C:\\Users\\stan\\Documents\\Code\\Web\\Astro\\static_portfolio\\dev\\lorem_ipsum\\obama.txt"
2025-12-26T15:51:48.667841Z  INFO tailwindcss_oxide::scanner: Reading "C:\\Users\\stan\\Documents\\Code\\Web\\Astro\\static_portfolio\\src\\components\\projects\\ProjectBrowserEmpty.tsx"
2025-12-26T15:51:48.667846Z  INFO tailwindcss_oxide::scanner: Reading "C:\\Users\\stan\\Documents\\Code\\Web\\Astro\\static_portfolio\\src\\components\\ui\\empty.tsx"
2025-12-26T15:51:48.667632Z  INFO tailwindcss_oxide::scanner: Reading "C:\\Users\\stan\\Documents\\Code\\Web\\Astro\\static_portfolio\\src\\components\\projects\\details\\useProject.ts"
2025-12-26T15:51:48.667918Z  INFO tailwindcss_oxide::scanner: Reading "C:\\Users\\stan\\Documents\\Code\\Web\\Astro\\static_portfolio\\public\\images\\story\\backdrop\\circuit-inductor.svg"
2025-12-26T15:51:48.667923Z  INFO tailwindcss_oxide::scanner: Reading "C:\\Users\\stan\\Documents\\Code\\Web\\Astro\\static_portfolio\\.postcssrc.json"
2025-12-26T15:51:48.667973Z  INFO tailwindcss_oxide::scanner: Reading "C:\\Users\\stan\\Documents\\Code\\Web\\Astro\\static_portfolio\\.gitconfig"
2025-12-26T15:51:48.668039Z  INFO tailwindcss_oxide::scanner: Reading "C:\\Users\\stan\\Documents\\Code\\Web\\Astro\\static_portfolio\\src\\components\\projects\\ProjectBrowserInner.astro"
2025-12-26T15:51:48.668043Z  INFO tailwindcss_oxide::scanner: Reading "C:\\Users\\stan\\Documents\\Code\\Web\\Astro\\static_portfolio\\dev\\lorem_ipsum\\office_client.txt"
2025-12-26T15:51:48.668048Z  INFO tailwindcss_oxide::scanner: Reading "C:\\Users\\stan\\Documents\\Code\\Web\\Astro\\static_portfolio\\src\\components\\ui\\Heading.astro"
2025-12-26T15:51:48.668099Z  INFO tailwindcss_oxide::scanner: Reading "C:\\Users\\stan\\Documents\\Code\\Web\\Astro\\static_portfolio\\.prettierrc"
2025-12-26T15:51:48.667652Z  INFO tailwindcss_oxide::scanner: Reading "C:\\Users\\stan\\Documents\\Code\\Web\\Astro\\static_portfolio\\dev\\components\\ScriptElem.tsx"
2025-12-26T15:51:48.668129Z  INFO tailwindcss_oxide::scanner: Reading "C:\\Users\\stan\\Documents\\Code\\Web\\Astro\\static_portfolio\\.github\\FUNDING.yml"
2025-12-26T15:51:48.668252Z  INFO tailwindcss_oxide::scanner: Reading "C:\\Users\\stan\\Documents\\Code\\Web\\Astro\\static_portfolio\\src\\components\\projects\\ProjectBrowserReact.tsx"
2025-12-26T15:51:48.668098Z  INFO tailwindcss_oxide::scanner: Reading "C:\\Users\\stan\\Documents\\Code\\Web\\Astro\\static_portfolio\\src\\components\\projects\\filtering\\common\\browserContext.tsx"
2025-12-26T15:51:48.668290Z  INFO tailwindcss_oxide::scanner: Reading "C:\\Users\\stan\\Documents\\Code\\Web\\Astro\\static_portfolio\\src\\components\\ui\\hover-card.tsx"
2025-12-26T15:51:48.668300Z  INFO tailwindcss_oxide::scanner: Reading "C:\\Users\\stan\\Documents\\Code\\Web\\Astro\\static_portfolio\\.remarkrc.js"
2025-12-26T15:51:48.668252Z  INFO tailwindcss_oxide::scanner: Reading "C:\\Users\\stan\\Documents\\Code\\Web\\Astro\\static_portfolio\\dev\\lorem_ipsum\\office_office.txt"
2025-12-26T15:51:48.668305Z  INFO tailwindcss_oxide::scanner: Reading "C:\\Users\\stan\\Documents\\Code\\Web\\Astro\\static_portfolio\\dev\\event-progress.md"
2025-12-26T15:51:48.668099Z  INFO tailwindcss_oxide::scanner: Reading "C:\\Users\\stan\\Documents\\Code\\Web\\Astro\\static_portfolio\\public\\images\\story\\backdrop\\circuit-resistor.svg"
2025-12-26T15:51:48.668413Z  INFO tailwindcss_oxide::scanner: Reading "C:\\Users\\stan\\Documents\\Code\\Web\\Astro\\static_portfolio\\src\\components\\projects\\scrolling.tsx"
2025-12-26T15:51:48.668418Z  INFO tailwindcss_oxide::scanner: Reading "C:\\Users\\stan\\Documents\\Code\\Web\\Astro\\static_portfolio\\src\\components\\projects\\filtering\\common\\filterContext.tsx"
2025-12-26T15:51:48.668458Z  INFO tailwindcss_oxide::scanner: Reading "C:\\Users\\stan\\Documents\\Code\\Web\\Astro\\static_portfolio\\src\\components\\ui\\Icon.astro"
2025-12-26T15:51:48.668466Z  INFO tailwindcss_oxide::scanner: Reading "C:\\Users\\stan\\Documents\\Code\\Web\\Astro\\static_portfolio\\astro.config.mjs"
2025-12-26T15:51:48.668499Z  INFO tailwindcss_oxide::scanner: Reading "C:\\Users\\stan\\Documents\\Code\\Web\\Astro\\static_portfolio\\dev\\lorem_ipsum\\bacon.txt"
2025-12-26T15:51:48.668503Z  INFO tailwindcss_oxide::scanner: Reading "C:\\Users\\stan\\Documents\\Code\\Web\\Astro\\static_portfolio\\dev\\lorem_ipsum\\pirate.txt"
2025-12-26T15:51:48.668324Z  INFO tailwindcss_oxide::scanner: Reading "C:\\Users\\stan\\Documents\\Code\\Web\\Astro\\static_portfolio\\.github\\pull_request_template.md"
2025-12-26T15:51:48.668541Z  INFO tailwindcss_oxide::scanner: Reading "C:\\Users\\stan\\Documents\\Code\\Web\\Astro\\static_portfolio\\public\\images\\story\\backdrop\\git-branch.svg"
2025-12-26T15:51:48.668578Z  INFO tailwindcss_oxide::scanner: Reading "C:\\Users\\stan\\Documents\\Code\\Web\\Astro\\static_portfolio\\src\\components\\projects\\StickyDiv.tsx"
2025-12-26T15:51:48.668609Z  INFO tailwindcss_oxide::scanner: Reading "C:\\Users\\stan\\Documents\\Code\\Web\\Astro\\static_portfolio\\src\\components\\ui\\input-group.tsx"
2025-12-26T15:51:48.668629Z  INFO tailwindcss_oxide::scanner: Reading "C:\\Users\\stan\\Documents\\Code\\Web\\Astro\\static_portfolio\\components.json"
2025-12-26T15:51:48.668638Z  INFO tailwindcss_oxide::scanner: Reading "C:\\Users\\stan\\Documents\\Code\\Web\\Astro\\static_portfolio\\src\\components\\projects\\filtering\\common\\filterTypes.ts"
2025-12-26T15:51:48.668652Z  INFO tailwindcss_oxide::scanner: Reading "C:\\Users\\stan\\Documents\\Code\\Web\\Astro\\static_portfolio\\dev\\lorem_ipsum\\bro.txt"
2025-12-26T15:51:48.668660Z  INFO tailwindcss_oxide::scanner: Reading "C:\\Users\\stan\\Documents\\Code\\Web\\Astro\\static_portfolio\\dev\\lorem_ipsum\\space.txt"
2025-12-26T15:51:48.668701Z  INFO tailwindcss_oxide::scanner: Reading "C:\\Users\\stan\\Documents\\Code\\Web\\Astro\\static_portfolio\\.github\\workflows\\astro.yml"
2025-12-26T15:51:48.668717Z  INFO tailwindcss_oxide::scanner: Reading "C:\\Users\\stan\\Documents\\Code\\Web\\Astro\\static_portfolio\\public\\images\\story\\backdrop\\matrix.svg"
2025-12-26T15:51:48.668733Z  INFO tailwindcss_oxide::scanner: Reading "C:\\Users\\stan\\Documents\\Code\\Web\\Astro\\static_portfolio\\src\\components\\projects\\SuspenseTest.tsx"
2025-12-26T15:51:48.668758Z  INFO tailwindcss_oxide::scanner: Reading "C:\\Users\\stan\\Documents\\Code\\Web\\Astro\\static_portfolio\\src\\components\\ui\\input.tsx"
2025-12-26T15:51:48.668783Z  INFO tailwindcss_oxide::scanner: Reading "C:\\Users\\stan\\Documents\\Code\\Web\\Astro\\static_portfolio\\dev\\components\\Lorem.astro"
2025-12-26T15:51:48.668801Z  INFO tailwindcss_oxide::scanner: Reading "C:\\Users\\stan\\Documents\\Code\\Web\\Astro\\static_portfolio\\src\\components\\projects\\filtering\\common\\ResetButton.tsx"
2025-12-26T15:51:48.668812Z  INFO tailwindcss_oxide::scanner: Reading "C:\\Users\\stan\\Documents\\Code\\Web\\Astro\\static_portfolio\\dev\\lorem_ipsum\\cat_breeds.txt"
2025-12-26T15:51:48.668819Z  INFO tailwindcss_oxide::scanner: Reading "C:\\Users\\stan\\Documents\\Code\\Web\\Astro\\static_portfolio\\dev\\lorem_ipsum\\tuna.txt"
2025-12-26T15:51:48.668880Z  INFO tailwindcss_oxide::scanner: Reading "C:\\Users\\stan\\Documents\\Code\\Web\\Astro\\static_portfolio\\public\\images\\story\\backdrop\\microchip.svg"
2025-12-26T15:51:48.668907Z  INFO tailwindcss_oxide::scanner: Reading "C:\\Users\\stan\\Documents\\Code\\Web\\Astro\\static_portfolio\\src\\components\\ui\\item.tsx"
2025-12-26T15:51:48.668887Z  INFO tailwindcss_oxide::scanner: Reading "C:\\Users\\stan\\Documents\\Code\\Web\\Astro\\static_portfolio\\src\\components\\projects\\toasts.tsx"
2025-12-26T15:51:48.668960Z  INFO tailwindcss_oxide::scanner: Reading "C:\\Users\\stan\\Documents\\Code\\Web\\Astro\\static_portfolio\\src\\components\\projects\\filtering\\common\\stores\\browserStore.ts"
2025-12-26T15:51:48.668970Z  INFO tailwindcss_oxide::scanner: Reading "C:\\Users\\stan\\Documents\\Code\\Web\\Astro\\static_portfolio\\dev\\lorem_ipsum\\cat_latin.txt"
2025-12-26T15:51:48.668880Z  INFO tailwindcss_oxide::scanner: Reading "C:\\Users\\stan\\Documents\\Code\\Web\\Astro\\static_portfolio\\src\\components\\portfolio\\HeroIndex.astro"
2025-12-26T15:51:48.668975Z  INFO tailwindcss_oxide::scanner: Reading "C:\\Users\\stan\\Documents\\Code\\Web\\Astro\\static_portfolio\\dev\\lorem_ipsum\\webtwo.txt"
2025-12-26T15:51:48.668937Z  INFO tailwindcss_oxide::scanner: Reading "C:\\Users\\stan\\Documents\\Code\\Web\\Astro\\static_portfolio\\src\\components\\blog\\Hero.astro"
2025-12-26T15:51:48.669140Z  INFO tailwindcss_oxide::scanner: Reading "C:\\Users\\stan\\Documents\\Code\\Web\\Astro\\static_portfolio\\src\\components\\projects\\types.ts"
2025-12-26T15:51:48.669155Z  INFO tailwindcss_oxide::scanner: Reading "C:\\Users\\stan\\Documents\\Code\\Web\\Astro\\static_portfolio\\src\\components\\projects\\filtering\\common\\stores\\countStore.ts"
2025-12-26T15:51:48.669179Z  INFO tailwindcss_oxide::scanner: Reading "C:\\Users\\stan\\Documents\\Code\\Web\\Astro\\static_portfolio\\src\\components\\portfolio\\Hobbies.astro"
2025-12-26T15:51:48.669262Z  INFO tailwindcss_oxide::scanner: Reading "C:\\Users\\stan\\Documents\\Code\\Web\\Astro\\static_portfolio\\src\\components\\blog\\Languages.astro"
2025-12-26T15:51:48.669325Z  INFO tailwindcss_oxide::scanner: Reading "C:\\Users\\stan\\Documents\\Code\\Web\\Astro\\static_portfolio\\src\\components\\portfolio\\Hobby.astro"
2025-12-26T15:51:48.669382Z  INFO tailwindcss_oxide::scanner: Reading "C:\\Users\\stan\\Documents\\Code\\Web\\Astro\\static_portfolio\\eslint.config.js"
2025-12-26T15:51:48.669382Z  INFO tailwindcss_oxide::scanner: Reading "C:\\Users\\stan\\Documents\\Code\\Web\\Astro\\static_portfolio\\src\\components\\projects\\filtering\\common\\stores\\countStoreContext.tsx"
2025-12-26T15:51:48.669032Z  INFO tailwindcss_oxide::scanner: Reading "C:\\Users\\stan\\Documents\\Code\\Web\\Astro\\static_portfolio\\public\\images\\story\\backdrop\\music-1.svg"
2025-12-26T15:51:48.669481Z  INFO tailwindcss_oxide::scanner: Reading "C:\\Users\\stan\\Documents\\Code\\Web\\Astro\\static_portfolio\\src\\components\\portfolio\\ListProjects.astro"
2025-12-26T15:51:48.669419Z  INFO tailwindcss_oxide::scanner: Reading "C:\\Users\\stan\\Documents\\Code\\Web\\Astro\\static_portfolio\\src\\components\\blog\\LastPost.astro"
2025-12-26T15:51:48.669508Z  INFO tailwindcss_oxide::scanner: Reading "C:\\Users\\stan\\Documents\\Code\\Web\\Astro\\static_portfolio\\src\\components\\ui\\kbd.tsx"
2025-12-26T15:51:48.669554Z  INFO tailwindcss_oxide::scanner: Reading "C:\\Users\\stan\\Documents\\Code\\Web\\Astro\\static_portfolio\\flow.d2"
2025-12-26T15:51:48.669622Z  INFO tailwindcss_oxide::scanner: Reading "C:\\Users\\stan\\Documents\\Code\\Web\\Astro\\static_portfolio\\src\\components\\projects\\filtering\\common\\stores\\derived.ts"
2025-12-26T15:51:48.669637Z  INFO tailwindcss_oxide::scanner: Reading "C:\\Users\\stan\\Documents\\Code\\Web\\Astro\\static_portfolio\\src\\components\\portfolio\\Project.astro"
2025-12-26T15:51:48.669640Z  INFO tailwindcss_oxide::scanner: Reading "C:\\Users\\stan\\Documents\\Code\\Web\\Astro\\static_portfolio\\public\\images\\story\\backdrop\\music.svg"
2025-12-26T15:51:48.669662Z  INFO tailwindcss_oxide::scanner: Reading "C:\\Users\\stan\\Documents\\Code\\Web\\Astro\\static_portfolio\\src\\components\\blog\\ListPosts.astro"
2025-12-26T15:51:48.669669Z  INFO tailwindcss_oxide::scanner: Reading "C:\\Users\\stan\\Documents\\Code\\Web\\Astro\\static_portfolio\\src\\components\\ui\\label.tsx"
2025-12-26T15:51:48.669713Z  INFO tailwindcss_oxide::scanner: Reading "C:\\Users\\stan\\Documents\\Code\\Web\\Astro\\static_portfolio\\LICENSE"
2025-12-26T15:51:48.669508Z  INFO tailwindcss_oxide::scanner: Reading "C:\\Users\\stan\\Documents\\Code\\Web\\Astro\\static_portfolio\\src\\components\\projects\\useGSAPContext.ts"
2025-12-26T15:51:48.669555Z  INFO tailwindcss_oxide::scanner: Reading "C:\\Users\\stan\\Documents\\Code\\Web\\Astro\\static_portfolio\\dev\\lorem_ipsum\\cat_standard.txt"
2025-12-26T15:51:48.669784Z  INFO tailwindcss_oxide::scanner: Reading "C:\\Users\\stan\\Documents\\Code\\Web\\Astro\\static_portfolio\\src\\components\\projects\\filtering\\common\\stores\\filterFormStore.ts"
2025-12-26T15:51:48.669784Z  INFO tailwindcss_oxide::scanner: Reading "C:\\Users\\stan\\Documents\\Code\\Web\\Astro\\static_portfolio\\src\\components\\portfolio\\Tools.astro"
2025-12-26T15:51:48.669832Z  INFO tailwindcss_oxide::scanner: Reading "C:\\Users\\stan\\Documents\\Code\\Web\\Astro\\static_portfolio\\src\\components\\blog\\Tags.astro"
2025-12-26T15:51:48.669918Z  INFO tailwindcss_oxide::scanner: Reading "C:\\Users\\stan\\Documents\\Code\\Web\\Astro\\static_portfolio\\src\\components\\ui\\menubar.tsx"
2025-12-26T15:51:48.669873Z  INFO tailwindcss_oxide::scanner: Reading "C:\\Users\\stan\\Documents\\Code\\Web\\Astro\\static_portfolio\\package.json"
2025-12-26T15:51:48.669802Z  INFO tailwindcss_oxide::scanner: Reading "C:\\Users\\stan\\Documents\\Code\\Web\\Astro\\static_portfolio\\public\\images\\story\\backdrop\\school.svg"
2025-12-26T15:51:48.669962Z  INFO tailwindcss_oxide::scanner: Reading "C:\\Users\\stan\\Documents\\Code\\Web\\Astro\\static_portfolio\\dev\\lorem_ipsum\\cheese_long.txt"
2025-12-26T15:51:48.669997Z  INFO tailwindcss_oxide::scanner: Reading "C:\\Users\\stan\\Documents\\Code\\Web\\Astro\\static_portfolio\\src\\components\\projects\\filtering\\common\\stores\\filterFormStoreContext.ts"
2025-12-26T15:51:48.669983Z  INFO tailwindcss_oxide::scanner: Reading "C:\\Users\\stan\\Documents\\Code\\Web\\Astro\\static_portfolio\\src\\components\\projects\\util\\comparison.ts"
2025-12-26T15:51:48.670063Z  INFO tailwindcss_oxide::scanner: Reading "C:\\Users\\stan\\Documents\\Code\\Web\\Astro\\static_portfolio\\src\\components\\projects\\CaptionedLightbox.tsx"
2025-12-26T15:51:48.670074Z  INFO tailwindcss_oxide::scanner: Reading "C:\\Users\\stan\\Documents\\Code\\Web\\Astro\\static_portfolio\\src\\components\\ui\\navigation-menu.tsx"
2025-12-26T15:51:48.670075Z  INFO tailwindcss_oxide::scanner: Reading "C:\\Users\\stan\\Documents\\Code\\Web\\Astro\\static_portfolio\\src\\components\\layout\\Footer.astro"
2025-12-26T15:51:48.670129Z  INFO tailwindcss_oxide::scanner: Reading "C:\\Users\\stan\\Documents\\Code\\Web\\Astro\\static_portfolio\\plugins\\rehypeHighlight.js"
2025-12-26T15:51:48.670155Z  INFO tailwindcss_oxide::scanner: Reading "C:\\Users\\stan\\Documents\\Code\\Web\\Astro\\static_portfolio\\dev\\lorem_ipsum\\cheese_med.txt"
2025-12-26T15:51:48.670180Z  INFO tailwindcss_oxide::scanner: Reading "C:\\Users\\stan\\Documents\\Code\\Web\\Astro\\static_portfolio\\src\\components\\projects\\ZustandTest.tsx"
2025-12-26T15:51:48.670203Z  INFO tailwindcss_oxide::scanner: Reading "C:\\Users\\stan\\Documents\\Code\\Web\\Astro\\static_portfolio\\src\\components\\projects\\filtering\\common\\stores\\FilterFormStoreProvider.tsx"
2025-12-26T15:51:48.670224Z  INFO tailwindcss_oxide::scanner: Reading "C:\\Users\\stan\\Documents\\Code\\Web\\Astro\\static_portfolio\\src\\components\\projects\\CaptionedLightboxProvider.tsx"
2025-12-26T15:51:48.670239Z  INFO tailwindcss_oxide::scanner: Reading "C:\\Users\\stan\\Documents\\Code\\Web\\Astro\\static_portfolio\\src\\components\\ui\\popover.tsx"
2025-12-26T15:51:48.670279Z  INFO tailwindcss_oxide::scanner: Reading "C:\\Users\\stan\\Documents\\Code\\Web\\Astro\\static_portfolio\\src\\components\\layout\\Header.astro"
2025-12-26T15:51:48.670296Z  INFO tailwindcss_oxide::scanner: Reading "C:\\Users\\stan\\Documents\\Code\\Web\\Astro\\static_portfolio\\plugins\\rehypeStarryNightLines.js"
2025-12-26T15:51:48.670310Z  INFO tailwindcss_oxide::scanner: Reading "C:\\Users\\stan\\Documents\\Code\\Web\\Astro\\static_portfolio\\dev\\lorem_ipsum\\cheese_short.txt"
2025-12-26T15:51:48.670337Z  INFO tailwindcss_oxide::scanner: Reading "C:\\Users\\stan\\Documents\\Code\\Web\\Astro\\static_portfolio\\src\\components\\story\\client\\StoryTimeline.tsx"
2025-12-26T15:51:48.670363Z  INFO tailwindcss_oxide::scanner: Reading "C:\\Users\\stan\\Documents\\Code\\Web\\Astro\\static_portfolio\\src\\components\\projects\\filtering\\common\\stores\\filterStore.ts"
2025-12-26T15:51:48.670390Z  INFO tailwindcss_oxide::scanner: Reading "C:\\Users\\stan\\Documents\\Code\\Web\\Astro\\static_portfolio\\src\\components\\ui\\ReadMore.astro"
2025-12-26T15:51:48.670130Z  INFO tailwindcss_oxide::scanner: Reading "C:\\Users\\stan\\Documents\\Code\\Web\\Astro\\static_portfolio\\public\\images\\story\\backdrop\\topology-star-ring-3.svg"
2025-12-26T15:51:48.670477Z  INFO tailwindcss_oxide::scanner: Reading "C:\\Users\\stan\\Documents\\Code\\Web\\Astro\\static_portfolio\\dev\\lorem_ipsum\\cupcake.txt"
2025-12-26T15:51:48.670479Z  INFO tailwindcss_oxide::scanner: Reading "C:\\Users\\stan\\Documents\\Code\\Web\\Astro\\static_portfolio\\src\\components\\layout\\NavArticle.astro"
2025-12-26T15:51:48.670365Z  INFO tailwindcss_oxide::scanner: Reading "C:\\Users\\stan\\Documents\\Code\\Web\\Astro\\static_portfolio\\src\\components\\projects\\ClientOnly.astro"
2025-12-26T15:51:48.670478Z  INFO tailwindcss_oxide::scanner: Reading "C:\\Users\\stan\\Documents\\Code\\Web\\Astro\\static_portfolio\\plugins\\remarkHighlight.js"
2025-12-26T15:51:48.670510Z  INFO tailwindcss_oxide::scanner: Reading "C:\\Users\\stan\\Documents\\Code\\Web\\Astro\\static_portfolio\\src\\components\\story\\Columns.astro"
2025-12-26T15:51:48.670543Z  INFO tailwindcss_oxide::scanner: Reading "C:\\Users\\stan\\Documents\\Code\\Web\\Astro\\static_portfolio\\src\\components\\ui\\resizable.tsx"
2025-12-26T15:51:48.670564Z  INFO tailwindcss_oxide::scanner: Reading "C:\\Users\\stan\\Documents\\Code\\Web\\Astro\\static_portfolio\\src\\components\\projects\\filtering\\common\\stores\\tagSectionStore.ts"
2025-12-26T15:51:48.670620Z  INFO tailwindcss_oxide::scanner: Reading "C:\\Users\\stan\\Documents\\Code\\Web\\Astro\\static_portfolio\\public\\site.webmanifest"
2025-12-26T15:51:48.670644Z  INFO tailwindcss_oxide::scanner: Reading "C:\\Users\\stan\\Documents\\Code\\Web\\Astro\\static_portfolio\\dev\\lorem_ipsum\\farm.txt"
2025-12-26T15:51:48.670696Z  INFO tailwindcss_oxide::scanner: Reading "C:\\Users\\stan\\Documents\\Code\\Web\\Astro\\static_portfolio\\plugins\\tailwindStaticCopy.js"
2025-12-26T15:51:48.670721Z  INFO tailwindcss_oxide::scanner: Reading "C:\\Users\\stan\\Documents\\Code\\Web\\Astro\\static_portfolio\\src\\components\\story\\Columns.tsx"
2025-12-26T15:51:48.670742Z  INFO tailwindcss_oxide::scanner: Reading "C:\\Users\\stan\\Documents\\Code\\Web\\Astro\\static_portfolio\\src\\components\\ui\\scroll-area.tsx"
2025-12-26T15:51:48.670679Z  INFO tailwindcss_oxide::scanner: Reading "C:\\Users\\stan\\Documents\\Code\\Web\\Astro\\static_portfolio\\src\\components\\layout\\Navigation.astro"
2025-12-26T15:51:48.670787Z  INFO tailwindcss_oxide::scanner: Reading "C:\\Users\\stan\\Documents\\Code\\Web\\Astro\\static_portfolio\\src\\components\\projects\\filtering\\common\\TagButton.tsx"
2025-12-26T15:51:48.670675Z  INFO tailwindcss_oxide::scanner: Reading "C:\\Users\\stan\\Documents\\Code\\Web\\Astro\\static_portfolio\\src\\components\\projects\\Deferral.tsx"
2025-12-26T15:51:48.670815Z  INFO tailwindcss_oxide::scanner: Reading "C:\\Users\\stan\\Documents\\Code\\Web\\Astro\\static_portfolio\\README.md"
2025-12-26T15:51:48.670858Z  INFO tailwindcss_oxide::scanner: Reading "C:\\Users\\stan\\Documents\\Code\\Web\\Astro\\static_portfolio\\dev\\lorem_ipsum\\hipster.txt"
2025-12-26T15:51:48.670877Z  INFO tailwindcss_oxide::scanner: Reading "C:\\Users\\stan\\Documents\\Code\\Web\\Astro\\static_portfolio\\src\\components\\story\\ContentMarker.astro"
2025-12-26T15:51:48.670859Z  INFO tailwindcss_oxide::scanner: Reading "C:\\Users\\stan\\Documents\\Code\\Web\\Astro\\static_portfolio\\public\\images\\story\\backdrop\\audio-lines.svg"
2025-12-26T15:51:48.670892Z  INFO tailwindcss_oxide::scanner: Reading "C:\\Users\\stan\\Documents\\Code\\Web\\Astro\\static_portfolio\\src\\components\\ui\\select.tsx"
2025-12-26T15:51:48.670949Z  INFO tailwindcss_oxide::scanner: Reading "C:\\Users\\stan\\Documents\\Code\\Web\\Astro\\static_portfolio\\src\\components\\projects\\filtering\\common\\TagButtons.tsx"
2025-12-26T15:51:48.670954Z  INFO tailwindcss_oxide::scanner: Reading "C:\\Users\\stan\\Documents\\Code\\Web\\Astro\\static_portfolio\\src\\components\\layout\\NavigationArticles.astro"
2025-12-26T15:51:48.670989Z  INFO tailwindcss_oxide::scanner: Reading "C:\\Users\\stan\\Documents\\Code\\Web\\Astro\\static_portfolio\\src\\components\\projects\\details\\CollapsibleCode.tsx"
2025-12-26T15:51:48.671018Z  INFO tailwindcss_oxide::scanner: Reading "C:\\Users\\stan\\Documents\\Code\\Web\\Astro\\static_portfolio\\src\\components\\blog\\BlogPost.astro"
2025-12-26T15:51:48.671026Z  INFO tailwindcss_oxide::scanner: Reading "C:\\Users\\stan\\Documents\\Code\\Web\\Astro\\static_portfolio\\src\\components\\story\\ContentMarkerPreact.tsx"
2025-12-26T15:51:48.671032Z  INFO tailwindcss_oxide::scanner: Reading "C:\\Users\\stan\\Documents\\Code\\Web\\Astro\\static_portfolio\\dev\\lorem_ipsum\\journo.txt"
2025-12-26T15:51:48.671063Z  INFO tailwindcss_oxide::scanner: Reading "C:\\Users\\stan\\Documents\\Code\\Web\\Astro\\static_portfolio\\public\\images\\story\\backdrop\\backpack.svg"
2025-12-26T15:51:48.671077Z  INFO tailwindcss_oxide::scanner: Reading "C:\\Users\\stan\\Documents\\Code\\Web\\Astro\\static_portfolio\\src\\components\\ui\\separator.tsx"
2025-12-26T15:51:48.671109Z  INFO tailwindcss_oxide::scanner: Reading "C:\\Users\\stan\\Documents\\Code\\Web\\Astro\\static_portfolio\\src\\components\\projects\\filtering\\common\\TagButtons2.tsx"
2025-12-26T15:51:48.671118Z  INFO tailwindcss_oxide::scanner: Reading "C:\\Users\\stan\\Documents\\Code\\Web\\Astro\\static_portfolio\\src\\components\\mdx.ts"
2025-12-26T15:51:48.671155Z  INFO tailwindcss_oxide::scanner: Reading "C:\\Users\\stan\\Documents\\Code\\Web\\Astro\\static_portfolio\\src\\components\\projects\\details\\CollapsibleCodeHydrator.tsx"
2025-12-26T15:51:48.671171Z  INFO tailwindcss_oxide::scanner: Reading "C:\\Users\\stan\\Documents\\Code\\Web\\Astro\\static_portfolio\\src\\components\\blog\\DatePub.astro"
2025-12-26T15:51:48.671195Z  INFO tailwindcss_oxide::scanner: Reading "C:\\Users\\stan\\Documents\\Code\\Web\\Astro\\static_portfolio\\src\\components\\projects\\filtering\\sections\\YearValue.tsx"
2025-12-26T15:51:48.671171Z  INFO tailwindcss_oxide::scanner: Reading "C:\\Users\\stan\\Documents\\Code\\Web\\Astro\\static_portfolio\\src\\components\\story\\FloatingNav.astro"
2025-12-26T15:51:48.671248Z  INFO tailwindcss_oxide::scanner: Reading "C:\\Users\\stan\\Documents\\Code\\Web\\Astro\\static_portfolio\\src\\components\\ui\\Share.astro"
2025-12-26T15:51:48.671229Z  INFO tailwindcss_oxide::scanner: Reading "C:\\Users\\stan\\Documents\\Code\\Web\\Astro\\static_portfolio\\public\\images\\story\\backdrop\\ballpen.svg"
2025-12-26T15:51:48.671277Z  INFO tailwindcss_oxide::scanner: Reading "C:\\Users\\stan\\Documents\\Code\\Web\\Astro\\static_portfolio\\src\\components\\projects\\filtering\\common\\WrappingToggleGroup.tsx"
2025-12-26T15:51:48.671301Z  INFO tailwindcss_oxide::scanner: Reading "C:\\Users\\stan\\Documents\\Code\\Web\\Astro\\static_portfolio\\src\\components\\portfolio\\Contact.astro"
2025-12-26T15:51:48.671331Z  INFO tailwindcss_oxide::scanner: Reading "C:\\Users\\stan\\Documents\\Code\\Web\\Astro\\static_portfolio\\src\\components\\projects\\details\\CollapsibleCodeHydratorWrapper.astro"
2025-12-26T15:51:48.671374Z  INFO tailwindcss_oxide::scanner: Reading "C:\\Users\\stan\\Documents\\Code\\Web\\Astro\\static_portfolio\\src\\components\\projects\\filtering\\sync.tsx"
2025-12-26T15:51:48.671387Z  INFO tailwindcss_oxide::scanner: Reading "C:\\Users\\stan\\Documents\\Code\\Web\\Astro\\static_portfolio\\src\\components\\projects\\details\\FactoryRenderer.astro"
2025-12-26T15:51:48.671400Z  INFO tailwindcss_oxide::scanner: Reading "C:\\Users\\stan\\Documents\\Code\\Web\\Astro\\static_portfolio\\src\\components\\story\\ParallaxBackdrop.astro"
2025-12-26T15:51:48.671402Z  INFO tailwindcss_oxide::scanner: Reading "C:\\Users\\stan\\Documents\\Code\\Web\\Astro\\static_portfolio\\src\\components\\ui\\sheet.tsx"
2025-12-26T15:51:48.671425Z  INFO tailwindcss_oxide::scanner: Reading "C:\\Users\\stan\\Documents\\Code\\Web\\Astro\\static_portfolio\\public\\images\\story\\backdrop\\binary-tree.svg"
2025-12-26T15:51:48.671431Z  INFO tailwindcss_oxide::scanner: Reading "C:\\Users\\stan\\Documents\\Code\\Web\\Astro\\static_portfolio\\src\\components\\projects\\filtering\\FilterForm.tsx"
2025-12-26T15:51:48.671460Z  INFO tailwindcss_oxide::scanner: Reading "C:\\Users\\stan\\Documents\\Code\\Web\\Astro\\static_portfolio\\src\\components\\portfolio\\Experience.astro"
2025-12-26T15:51:48.671490Z  INFO tailwindcss_oxide::scanner: Reading "C:\\Users\\stan\\Documents\\Code\\Web\\Astro\\static_portfolio\\src\\components\\projects\\details\\CollapsibleCodeWrapper.astro"
2025-12-26T15:51:48.671536Z  INFO tailwindcss_oxide::scanner: Reading "C:\\Users\\stan\\Documents\\Code\\Web\\Astro\\static_portfolio\\src\\components\\projects\\grid\\items\\badges\\BadgeRow.tsx"
2025-12-26T15:51:48.671544Z  INFO tailwindcss_oxide::scanner: Reading "C:\\Users\\stan\\Documents\\Code\\Web\\Astro\\static_portfolio\\src\\components\\story\\ParallaxWindow.astro"
2025-12-26T15:51:48.671569Z  INFO tailwindcss_oxide::scanner: Reading "C:\\Users\\stan\\Documents\\Code\\Web\\Astro\\static_portfolio\\src\\components\\ui\\sidebar.tsx"
2025-12-26T15:51:48.671546Z  INFO tailwindcss_oxide::scanner: Reading "C:\\Users\\stan\\Documents\\Code\\Web\\Astro\\static_portfolio\\src\\components\\projects\\details\\getYoutubeThumbnail.ts"
2025-12-26T15:51:48.671608Z  INFO tailwindcss_oxide::scanner: Reading "C:\\Users\\stan\\Documents\\Code\\Web\\Astro\\static_portfolio\\src\\components\\portfolio\\ExperienceItem.astro"
2025-12-26T15:51:48.671595Z  INFO tailwindcss_oxide::scanner: Reading "C:\\Users\\stan\\Documents\\Code\\Web\\Astro\\static_portfolio\\public\\images\\story\\backdrop\\blender-fill.svg"
2025-12-26T15:51:48.671616Z  INFO tailwindcss_oxide::scanner: Reading "C:\\Users\\stan\\Documents\\Code\\Web\\Astro\\static_portfolio\\src\\components\\projects\\filtering\\FilterForm2.tsx"
2025-12-26T15:51:48.671651Z  INFO tailwindcss_oxide::scanner: Reading "C:\\Users\\stan\\Documents\\Code\\Web\\Astro\\static_portfolio\\src\\components\\story\\StorySidebarOld.astro"
2025-12-26T15:51:48.671705Z  INFO tailwindcss_oxide::scanner: Reading "C:\\Users\\stan\\Documents\\Code\\Web\\Astro\\static_portfolio\\src\\components\\story\\SafeDrawer.tsx"
2025-12-26T15:51:48.671689Z  INFO tailwindcss_oxide::scanner: Reading "C:\\Users\\stan\\Documents\\Code\\Web\\Astro\\static_portfolio\\src\\components\\projects\\grid\\items\\badges\\BadgeRows.tsx"
2025-12-26T15:51:48.671732Z  INFO tailwindcss_oxide::scanner: Reading "C:\\Users\\stan\\Documents\\Code\\Web\\Astro\\static_portfolio\\src\\components\\ui\\skeleton.tsx"
2025-12-26T15:51:48.671761Z  INFO tailwindcss_oxide::scanner: Reading "C:\\Users\\stan\\Documents\\Code\\Web\\Astro\\static_portfolio\\public\\images\\story\\backdrop\\books.svg"
2025-12-26T15:51:48.671770Z  INFO tailwindcss_oxide::scanner: Reading "C:\\Users\\stan\\Documents\\Code\\Web\\Astro\\static_portfolio\\src\\components\\projects\\details\\interp\\HoverDetails.tsx"
2025-12-26T15:51:48.671798Z  INFO tailwindcss_oxide::scanner: Reading "C:\\Users\\stan\\Documents\\Code\\Web\\Astro\\static_portfolio\\public\\images\\story\\backdrop\\bone.svg"
2025-12-26T15:51:48.671829Z  INFO tailwindcss_oxide::scanner: Reading "C:\\Users\\stan\\Documents\\Code\\Web\\Astro\\static_portfolio\\src\\components\\projects\\filtering\\FilterShareButton.tsx"
2025-12-26T15:51:48.671878Z  INFO tailwindcss_oxide::scanner: Reading "C:\\Users\\stan\\Documents\\Code\\Web\\Astro\\static_portfolio\\src\\components\\story\\SidebarItem.astro"
2025-12-26T15:51:48.671886Z  INFO tailwindcss_oxide::scanner: Reading "C:\\Users\\stan\\Documents\\Code\\Web\\Astro\\static_portfolio\\src\\components\\projects\\grid\\items\\badges\\badgeTypes.tsx"
2025-12-26T15:51:48.671898Z  INFO tailwindcss_oxide::scanner: Reading "C:\\Users\\stan\\Documents\\Code\\Web\\Astro\\static_portfolio\\src\\components\\ui\\slider.tsx"
2025-12-26T15:51:48.671921Z  INFO tailwindcss_oxide::scanner: Reading "C:\\Users\\stan\\Documents\\Code\\Web\\Astro\\static_portfolio\\src\\components\\projects\\GSAPContextProvider.tsx"
2025-12-26T15:51:48.671923Z  INFO tailwindcss_oxide::scanner: Reading "C:\\Users\\stan\\Documents\\Code\\Web\\Astro\\static_portfolio\\public\\images\\story\\backdrop\\brand-python.svg"
2025-12-26T15:51:48.671983Z  INFO tailwindcss_oxide::scanner: Reading "C:\\Users\\stan\\Documents\\Code\\Web\\Astro\\static_portfolio\\src\\components\\projects\\filtering\\FilterSheet.tsx"
2025-12-26T15:51:48.672034Z  INFO tailwindcss_oxide::scanner: Reading "C:\\Users\\stan\\Documents\\Code\\Web\\Astro\\static_portfolio\\src\\components\\story\\SidebarSection.astro"
2025-12-26T15:51:48.672047Z  INFO tailwindcss_oxide::scanner: Reading "C:\\Users\\stan\\Documents\\Code\\Web\\Astro\\static_portfolio\\src\\components\\projects\\grid\\items\\expansion\\ExpandedPart.tsx"
2025-12-26T15:51:48.672055Z  INFO tailwindcss_oxide::scanner: Reading "C:\\Users\\stan\\Documents\\Code\\Web\\Astro\\static_portfolio\\src\\components\\ui\\Social.astro"
2025-12-26T15:51:48.671931Z  INFO tailwindcss_oxide::scanner: Reading "C:\\Users\\stan\\Documents\\Code\\Web\\Astro\\static_portfolio\\src\\components\\projects\\details\\interp\\Interp.tsx"
2025-12-26T15:51:48.672089Z  INFO tailwindcss_oxide::scanner: Reading "C:\\Users\\stan\\Documents\\Code\\Web\\Astro\\static_portfolio\\src\\components\\projects\\lightbox.ts"
2025-12-26T15:51:48.671899Z  INFO tailwindcss_oxide::scanner: Reading "C:\\Users\\stan\\Documents\\Code\\Web\\Astro\\static_portfolio\\src\\components\\story\\StorySubsection.astro"
2025-12-26T15:51:48.672150Z  INFO tailwindcss_oxide::scanner: Reading "C:\\Users\\stan\\Documents\\Code\\Web\\Astro\\static_portfolio\\src\\components\\projects\\filtering\\FilterSheet2.tsx"
2025-12-26T15:51:48.672130Z  INFO tailwindcss_oxide::scanner: Reading "C:\\Users\\stan\\Documents\\Code\\Web\\Astro\\static_portfolio\\public\\images\\story\\backdrop\\circuit-bulb.svg"
2025-12-26T15:51:48.672186Z  INFO tailwindcss_oxide::scanner: Reading "C:\\Users\\stan\\Documents\\Code\\Web\\Astro\\static_portfolio\\src\\components\\story\\Story.astro"
2025-12-26T15:51:48.672210Z  INFO tailwindcss_oxide::scanner: Reading "C:\\Users\\stan\\Documents\\Code\\Web\\Astro\\static_portfolio\\src\\components\\ui\\sonner.tsx"
2025-12-26T15:51:48.672229Z  INFO tailwindcss_oxide::scanner: Reading "C:\\Users\\stan\\Documents\\Code\\Web\\Astro\\static_portfolio\\src\\components\\projects\\grid\\items\\expansion\\ImageRow.tsx"
2025-12-26T15:51:48.672259Z  INFO tailwindcss_oxide::scanner: Reading "C:\\Users\\stan\\Documents\\Code\\Web\\Astro\\static_portfolio\\src\\components\\projects\\details\\interp\\interpContext.ts"
2025-12-26T15:51:48.672275Z  INFO tailwindcss_oxide::scanner: Reading "C:\\Users\\stan\\Documents\\Code\\Web\\Astro\\static_portfolio\\src\\components\\projects\\overlay\\CarouselSlider.tsx"
2025-12-26T15:51:48.672294Z  INFO tailwindcss_oxide::scanner: Reading "C:\\Users\\stan\\Documents\\Code\\Web\\Astro\\static_portfolio\\src\\components\\story\\StoryTimeline.astro"
2025-12-26T15:51:48.672331Z  INFO tailwindcss_oxide::scanner: Reading "C:\\Users\\stan\\Documents\\Code\\Web\\Astro\\static_portfolio\\src\\components\\projects\\filtering\\sections\\BoolSwitch.tsx"
2025-12-26T15:51:48.672335Z  INFO tailwindcss_oxide::scanner: Reading "C:\\Users\\stan\\Documents\\Code\\Web\\Astro\\static_portfolio\\public\\images\\story\\backdrop\\circuit-capacitor.svg"
2025-12-26T15:51:48.672361Z  INFO tailwindcss_oxide::scanner: Reading "C:\\Users\\stan\\Documents\\Code\\Web\\Astro\\static_portfolio\\src\\components\\ui\\spinner.tsx"
2025-12-26T15:51:48.672348Z  INFO tailwindcss_oxide::scanner: Reading "C:\\Users\\stan\\Documents\\Code\\Web\\Astro\\static_portfolio\\src\\components\\story\\StoryAnimator.tsx"
2025-12-26T15:51:48.672387Z  INFO tailwindcss_oxide::scanner: Reading "C:\\Users\\stan\\Documents\\Code\\Web\\Astro\\static_portfolio\\src\\components\\projects\\grid\\items\\expansion\\PaddedScrollArea.tsx"
2025-12-26T15:51:48.672428Z  INFO tailwindcss_oxide::scanner: Reading "C:\\Users\\stan\\Documents\\Code\\Web\\Astro\\static_portfolio\\src\\components\\projects\\overlay\\contextMenu.tsx"
2025-12-26T15:51:48.672418Z  INFO tailwindcss_oxide::scanner: Reading "C:\\Users\\stan\\Documents\\Code\\Web\\Astro\\static_portfolio\\src\\components\\projects\\details\\interp\\InterpContextProvider.tsx"
2025-12-26T15:51:48.672449Z  INFO tailwindcss_oxide::scanner: Reading "C:\\Users\\stan\\Documents\\Code\\Web\\Astro\\static_portfolio\\src\\components\\story\\types.ts"
2025-12-26T15:51:48.672484Z  INFO tailwindcss_oxide::scanner: Reading "C:\\Users\\stan\\Documents\\Code\\Web\\Astro\\static_portfolio\\src\\components\\projects\\filtering\\sections\\SliderTooltip.tsx"
2025-12-26T15:51:48.672504Z  INFO tailwindcss_oxide::scanner: Reading "C:\\Users\\stan\\Documents\\Code\\Web\\Astro\\static_portfolio\\public\\images\\story\\backdrop\\circuit-cell-plus.svg"
2025-12-26T15:51:48.672549Z  INFO tailwindcss_oxide::scanner: Reading "C:\\Users\\stan\\Documents\\Code\\Web\\Astro\\static_portfolio\\src\\components\\story\\StoryDrawer.tsx"
2025-12-26T15:51:48.672582Z  INFO tailwindcss_oxide::scanner: Reading "C:\\Users\\stan\\Documents\\Code\\Web\\Astro\\static_portfolio\\src\\components\\projects\\overlay\\DotButton.tsx"
2025-12-26T15:51:48.672587Z  INFO tailwindcss_oxide::scanner: Reading "C:\\Users\\stan\\Documents\\Code\\Web\\Astro\\static_portfolio\\src\\components\\projects\\grid\\items\\expansion\\ThumbnailRow.tsx"
2025-12-26T15:51:48.672617Z  INFO tailwindcss_oxide::scanner: Reading "C:\\Users\\stan\\Documents\\Code\\Web\\Astro\\static_portfolio\\src\\components\\projects\\details\\ProjectMedia.tsx"
2025-12-26T15:51:48.672644Z  INFO tailwindcss_oxide::scanner: Reading "C:\\Users\\stan\\Documents\\Code\\Web\\Astro\\static_portfolio\\src\\components\\story\\util\\fixPreactRef.ts"
2025-12-26T15:51:48.672512Z  INFO tailwindcss_oxide::scanner: Reading "C:\\Users\\stan\\Documents\\Code\\Web\\Astro\\static_portfolio\\src\\components\\ui\\switch.tsx"
2025-12-26T15:51:48.672679Z  INFO tailwindcss_oxide::scanner: Reading "C:\\Users\\stan\\Documents\\Code\\Web\\Astro\\static_portfolio\\src\\components\\projects\\filtering\\sections\\TagFilterSection.tsx"
2025-12-26T15:51:48.672698Z  INFO tailwindcss_oxide::scanner: Reading "C:\\Users\\stan\\Documents\\Code\\Web\\Astro\\static_portfolio\\src\\components\\story\\StorySection.astro"
2025-12-26T15:51:48.672707Z  INFO tailwindcss_oxide::scanner: Reading "C:\\Users\\stan\\Documents\\Code\\Web\\Astro\\static_portfolio\\public\\images\\story\\backdrop\\circuit-changeover.svg"
2025-12-26T15:51:48.672754Z  INFO tailwindcss_oxide::scanner: Reading "C:\\Users\\stan\\Documents\\Code\\Web\\Astro\\static_portfolio\\src\\components\\projects\\overlay\\MultiAccordion.tsx"
2025-12-26T15:51:48.672753Z  INFO tailwindcss_oxide::scanner: Reading "C:\\Users\\stan\\Documents\\Code\\Web\\Astro\\static_portfolio\\src\\components\\projects\\grid\\items\\ProjectItem.tsx"
2025-12-26T15:51:48.672772Z  INFO tailwindcss_oxide::scanner: Reading "C:\\Users\\stan\\Documents\\Code\\Web\\Astro\\static_portfolio\\src\\components\\projects\\details\\ProjectProvider.tsx"
2025-12-26T15:51:48.672834Z  INFO tailwindcss_oxide::scanner: Reading "C:\\Users\\stan\\Documents\\Code\\Web\\Astro\\static_portfolio\\src\\components\\ui\\tabs.tsx"
2025-12-26T15:51:48.672843Z  INFO tailwindcss_oxide::scanner: Reading "C:\\Users\\stan\\Documents\\Code\\Web\\Astro\\static_portfolio\\src\\components\\projects\\filtering\\sections\\TagFilterSection2.tsx"
2025-12-26T15:51:48.672861Z  INFO tailwindcss_oxide::scanner: Reading "C:\\Users\\stan\\Documents\\Code\\Web\\Astro\\static_portfolio\\public\\images\\story\\backdrop\\circuit-diode-zener.svg"
2025-12-26T15:51:48.672845Z  INFO tailwindcss_oxide::scanner: Reading "C:\\Users\\stan\\Documents\\Code\\Web\\Astro\\static_portfolio\\src\\components\\story\\StorySidebar.astro"
2025-12-26T15:51:48.672914Z  INFO tailwindcss_oxide::scanner: Reading "C:\\Users\\stan\\Documents\\Code\\Web\\Astro\\static_portfolio\\src\\components\\projects\\overlay\\ProjectCarousel.tsx"
2025-12-26T15:51:48.672803Z  INFO tailwindcss_oxide::scanner: Reading "C:\\Users\\stan\\Documents\\Code\\Web\\Astro\\static_portfolio\\src\\components\\story\\util\\loadImageMetadata.ts"
2025-12-26T15:51:48.672963Z  INFO tailwindcss_oxide::scanner: Reading "C:\\Users\\stan\\Documents\\Code\\Web\\Astro\\static_portfolio\\src\\components\\projects\\grid\\items\\sharing\\ShareCard.tsx"
2025-12-26T15:51:48.672989Z  INFO tailwindcss_oxide::scanner: Reading "C:\\Users\\stan\\Documents\\Code\\Web\\Astro\\static_portfolio\\src\\components\\ui\\Tag.astro"
2025-12-26T15:51:48.673013Z  INFO tailwindcss_oxide::scanner: Reading "C:\\Users\\stan\\Documents\\Code\\Web\\Astro\\static_portfolio\\src\\components\\projects\\details\\ProjectProviderBase.tsx"
2025-12-26T15:51:48.673028Z  INFO tailwindcss_oxide::scanner: Reading "C:\\Users\\stan\\Documents\\Code\\Web\\Astro\\static_portfolio\\src\\components\\projects\\filtering\\sections\\YearSlider.tsx"
2025-12-26T15:51:48.673038Z  INFO tailwindcss_oxide::scanner: Reading "C:\\Users\\stan\\Documents\\Code\\Web\\Astro\\static_portfolio\\src\\components\\projects\\grid\\ProjectGridSkeleton.tsx"
2025-12-26T15:51:48.673066Z  INFO tailwindcss_oxide::scanner: Reading "C:\\Users\\stan\\Documents\\Code\\Web\\Astro\\static_portfolio\\src\\components\\projects\\overlay\\ProjectCarouselDialog.tsx"
2025-12-26T15:51:48.673073Z  INFO tailwindcss_oxide::scanner: Reading "C:\\Users\\stan\\Documents\\Code\\Web\\Astro\\static_portfolio\\src\\components\\projects\\details\\StarryNightStyleInjector.tsx"
2025-12-26T15:51:48.673098Z  INFO tailwindcss_oxide::scanner: Reading "C:\\Users\\stan\\Documents\\Code\\Web\\Astro\\static_portfolio\\src\\components\\story\\util\\loadImages.ts"
2025-12-26T15:51:48.673122Z  INFO tailwindcss_oxide::scanner: Reading "C:\\Users\\stan\\Documents\\Code\\Web\\Astro\\static_portfolio\\src\\components\\projects\\grid\\ProjectGrid.tsx"
2025-12-26T15:51:48.673147Z  INFO tailwindcss_oxide::scanner: Reading "C:\\Users\\stan\\Documents\\Code\\Web\\Astro\\static_portfolio\\src\\components\\ui\\textarea.tsx"
2025-12-26T15:51:48.673169Z  INFO tailwindcss_oxide::scanner: Reading "C:\\Users\\stan\\Documents\\Code\\Web\\Astro\\static_portfolio\\src\\components\\projects\\details\\scopeSelectors.ts"
2025-12-26T15:51:48.673188Z  INFO tailwindcss_oxide::scanner: Reading "C:\\Users\\stan\\Documents\\Code\\Web\\Astro\\static_portfolio\\src\\hooks\\useThrottledDebounce.ts"
2025-12-26T15:51:48.673213Z  INFO tailwindcss_oxide::scanner: Reading "C:\\Users\\stan\\Documents\\Code\\Web\\Astro\\static_portfolio\\src\\components\\projects\\grid\\useStagger.ts"
2025-12-26T15:51:48.673224Z  INFO tailwindcss_oxide::scanner: Reading "C:\\Users\\stan\\Documents\\Code\\Web\\Astro\\static_portfolio\\src\\components\\projects\\overlay\\selection.ts"
2025-12-26T15:51:48.673232Z  INFO tailwindcss_oxide::scanner: Reading "C:\\Users\\stan\\Documents\\Code\\Web\\Astro\\static_portfolio\\src\\components\\projects\\details\\SyntaxHighlightContext.tsx"
2025-12-26T15:51:48.673253Z  INFO tailwindcss_oxide::scanner: Reading "C:\\Users\\stan\\Documents\\Code\\Web\\Astro\\static_portfolio\\src\\components\\story\\util\\loadSections.ts"
2025-12-26T15:51:48.673288Z  INFO tailwindcss_oxide::scanner: Reading "C:\\Users\\stan\\Documents\\Code\\Web\\Astro\\static_portfolio\\src\\components\\projects\\overlay\\TransparentDialog.tsx"
2025-12-26T15:51:48.673305Z  INFO tailwindcss_oxide::scanner: Reading "C:\\Users\\stan\\Documents\\Code\\Web\\Astro\\static_portfolio\\src\\components\\ui\\ThemeIcon.astro"
2025-12-26T15:51:48.673323Z  INFO tailwindcss_oxide::scanner: Reading "C:\\Users\\stan\\Documents\\Code\\Web\\Astro\\static_portfolio\\src\\content\\projects\\pubmed-search.mdx"
2025-12-26T15:51:48.673372Z  INFO tailwindcss_oxide::scanner: Reading "C:\\Users\\stan\\Documents\\Code\\Web\\Astro\\static_portfolio\\src\\hooks\\useValueChanged.tsx"
2025-12-26T15:51:48.673391Z  INFO tailwindcss_oxide::scanner: Reading "C:\\Users\\stan\\Documents\\Code\\Web\\Astro\\static_portfolio\\src\\components\\projects\\details\\transformTree.ts"
2025-12-26T15:51:48.673374Z  INFO tailwindcss_oxide::scanner: Reading "C:\\Users\\stan\\Documents\\Code\\Web\\Astro\\static_portfolio\\src\\content\\projects\\ikrig.mdx"
2025-12-26T15:51:48.673439Z  INFO tailwindcss_oxide::scanner: Reading "C:\\Users\\stan\\Documents\\Code\\Web\\Astro\\static_portfolio\\src\\components\\projects\\overlay\\useDotButton.ts"
2025-12-26T15:51:48.673453Z  INFO tailwindcss_oxide::scanner: Reading "C:\\Users\\stan\\Documents\\Code\\Web\\Astro\\static_portfolio\\src\\components\\ui\\toggle-group.tsx"
2025-12-26T15:51:48.673471Z  INFO tailwindcss_oxide::scanner: Reading "C:\\Users\\stan\\Documents\\Code\\Web\\Astro\\static_portfolio\\src\\content\\projects\\rocq-modal.mdx"
2025-12-26T15:51:48.673407Z  INFO tailwindcss_oxide::scanner: Reading "C:\\Users\\stan\\Documents\\Code\\Web\\Astro\\static_portfolio\\src\\components\\story\\util\\parseDate.ts"
2025-12-26T15:51:48.673512Z  INFO tailwindcss_oxide::scanner: Reading "C:\\Users\\stan\\Documents\\Code\\Web\\Astro\\static_portfolio\\src\\components\\projects\\details\\useInterp.ts"
2025-12-26T15:51:48.673535Z  INFO tailwindcss_oxide::scanner: Reading "C:\\Users\\stan\\Documents\\Code\\Web\\Astro\\static_portfolio\\src\\hooks\\useWindowSize.ts"
2025-12-26T15:51:48.673584Z  INFO tailwindcss_oxide::scanner: Reading "C:\\Users\\stan\\Documents\\Code\\Web\\Astro\\static_portfolio\\src\\content\\projects\\irish-morph.mdx"
2025-12-26T15:51:48.673593Z  INFO tailwindcss_oxide::scanner: Reading "C:\\Users\\stan\\Documents\\Code\\Web\\Astro\\static_portfolio\\src\\components\\projects\\overlay\\useSelection.ts"
2025-12-26T15:51:48.673611Z  INFO tailwindcss_oxide::scanner: Reading "C:\\Users\\stan\\Documents\\Code\\Web\\Astro\\static_portfolio\\src\\components\\ui\\toggle.tsx"
2025-12-26T15:51:48.673617Z  INFO tailwindcss_oxide::scanner: Reading "C:\\Users\\stan\\Documents\\Code\\Web\\Astro\\static_portfolio\\src\\content\\projects\\senior-design.mdx"
2025-12-26T15:51:48.673380Z  INFO tailwindcss_oxide::scanner: Reading "C:\\Users\\stan\\Documents\\Code\\Web\\Astro\\static_portfolio\\src\\components\\projects\\overlay\\SelectionToolbar.tsx"
2025-12-26T15:51:48.673653Z  INFO tailwindcss_oxide::scanner: Reading "C:\\Users\\stan\\Documents\\Code\\Web\\Astro\\static_portfolio\\src\\components\\story\\util\\typeCheck.ts"
2025-12-26T15:51:48.673676Z  INFO tailwindcss_oxide::scanner: Reading "C:\\Users\\stan\\Documents\\Code\\Web\\Astro\\static_portfolio\\src\\content\\projects\\proj-colpa.mdx"
2025-12-26T15:51:48.673703Z  INFO tailwindcss_oxide::scanner: Reading "C:\\Users\\stan\\Documents\\Code\\Web\\Astro\\static_portfolio\\src\\icons\\AArch64.svg"
2025-12-26T15:51:48.673737Z  INFO tailwindcss_oxide::scanner: Reading "C:\\Users\\stan\\Documents\\Code\\Web\\Astro\\static_portfolio\\src\\content\\projects\\mandarin-freq.mdx"
2025-12-26T15:51:48.673752Z  INFO tailwindcss_oxide::scanner: Reading "C:\\Users\\stan\\Documents\\Code\\Web\\Astro\\static_portfolio\\src\\components\\projects\\parseMdx.ts"
2025-12-26T15:51:48.673779Z  INFO tailwindcss_oxide::scanner: Reading "C:\\Users\\stan\\Documents\\Code\\Web\\Astro\\static_portfolio\\src\\components\\ui\\tooltip.tsx"
2025-12-26T15:51:48.673804Z  INFO tailwindcss_oxide::scanner: Reading "C:\\Users\\stan\\Documents\\Code\\Web\\Astro\\static_portfolio\\src\\content\\projects\\swipl-recursion.mdx"
2025-12-26T15:51:48.673823Z  INFO tailwindcss_oxide::scanner: Reading "C:\\Users\\stan\\Documents\\Code\\Web\\Astro\\static_portfolio\\src\\components\\story\\util\\types\\types.ts"
2025-12-26T15:51:48.673863Z  INFO tailwindcss_oxide::scanner: Reading "C:\\Users\\stan\\Documents\\Code\\Web\\Astro\\static_portfolio\\src\\content\\projects\\proj-nlp.mdx"
2025-12-26T15:51:48.673898Z  INFO tailwindcss_oxide::scanner: Reading "C:\\Users\\stan\\Documents\\Code\\Web\\Astro\\static_portfolio\\src\\content\\projects\\obsidian-plugin.mdx"
2025-12-26T15:51:48.673902Z  INFO tailwindcss_oxide::scanner: Reading "C:\\Users\\stan\\Documents\\Code\\Web\\Astro\\static_portfolio\\src\\icons\\python.svg"
2025-12-26T15:51:48.673951Z  INFO tailwindcss_oxide::scanner: Reading "C:\\Users\\stan\\Documents\\Code\\Web\\Astro\\static_portfolio\\src\\content\\projects\\testproj.mdx"
2025-12-26T15:51:48.673899Z  INFO tailwindcss_oxide::scanner: Reading "C:\\Users\\stan\\Documents\\Code\\Web\\Astro\\static_portfolio\\src\\icons\\angular.svg"
2025-12-26T15:51:48.673980Z  INFO tailwindcss_oxide::scanner: Reading "C:\\Users\\stan\\Documents\\Code\\Web\\Astro\\static_portfolio\\src\\components\\ui\\accordion.tsx"
2025-12-26T15:51:48.674030Z  INFO tailwindcss_oxide::scanner: Reading "C:\\Users\\stan\\Documents\\Code\\Web\\Astro\\static_portfolio\\src\\content\\projects\\proj-phonphon.mdx"
2025-12-26T15:51:48.673931Z  INFO tailwindcss_oxide::scanner: Reading "C:\\Users\\stan\\Documents\\Code\\Web\\Astro\\static_portfolio\\src\\content\\captions\\testCaption.mdx"
2025-12-26T15:51:48.674073Z  INFO tailwindcss_oxide::scanner: Reading "C:\\Users\\stan\\Documents\\Code\\Web\\Astro\\static_portfolio\\src\\content\\projects\\param-matrix.mdx"
2025-12-26T15:51:48.674045Z  INFO tailwindcss_oxide::scanner: Reading "C:\\Users\\stan\\Documents\\Code\\Web\\Astro\\static_portfolio\\src\\content\\projects\\proj-pointerjump.mdx"
2025-12-26T15:51:48.674098Z  INFO tailwindcss_oxide::scanner: Reading "C:\\Users\\stan\\Documents\\Code\\Web\\Astro\\static_portfolio\\src\\icons\\Python2.svg"
2025-12-26T15:51:48.674142Z  INFO tailwindcss_oxide::scanner: Reading "C:\\Users\\stan\\Documents\\Code\\Web\\Astro\\static_portfolio\\src\\icons\\arrow-left.svg"
2025-12-26T15:51:48.674186Z  INFO tailwindcss_oxide::scanner: Reading "C:\\Users\\stan\\Documents\\Code\\Web\\Astro\\static_portfolio\\src\\hooks\\use-mobile.ts"
2025-12-26T15:51:48.674212Z  INFO tailwindcss_oxide::scanner: Reading "C:\\Users\\stan\\Documents\\Code\\Web\\Astro\\static_portfolio\\src\\content\\config.ts"
2025-12-26T15:51:48.674223Z  INFO tailwindcss_oxide::scanner: Reading "C:\\Users\\stan\\Documents\\Code\\Web\\Astro\\static_portfolio\\src\\content\\projects\\portfolio-site.mdx"
2025-12-26T15:51:48.674284Z  INFO tailwindcss_oxide::scanner: Reading "C:\\Users\\stan\\Documents\\Code\\Web\\Astro\\static_portfolio\\src\\content\\projects\\pub-llms.mdx"
2025-12-26T15:51:48.674295Z  INFO tailwindcss_oxide::scanner: Reading "C:\\Users\\stan\\Documents\\Code\\Web\\Astro\\static_portfolio\\src\\icons\\astro.svg"
2025-12-26T15:51:48.674102Z  INFO tailwindcss_oxide::scanner: Reading "C:\\Users\\stan\\Documents\\Code\\Web\\Astro\\static_portfolio\\src\\content\\projects\\testproj2.mdx"
2025-12-26T15:51:48.674326Z  INFO tailwindcss_oxide::scanner: Reading "C:\\Users\\stan\\Documents\\Code\\Web\\Astro\\static_portfolio\\src\\content\\figure"
2025-12-26T15:51:48.674129Z  INFO tailwindcss_oxide::scanner: Reading "C:\\Users\\stan\\Documents\\Code\\Web\\Astro\\static_portfolio\\src\\components\\ui\\alert-dialog.tsx"
2025-12-26T15:51:48.674333Z  INFO tailwindcss_oxide::scanner: Reading "C:\\Users\\stan\\Documents\\Code\\Web\\Astro\\static_portfolio\\src\\hooks\\use-mounted.ts"
2025-12-26T15:51:48.674367Z  INFO tailwindcss_oxide::scanner: Reading "C:\\Users\\stan\\Documents\\Code\\Web\\Astro\\static_portfolio\\src\\icons\\PyTorch.svg"
2025-12-26T15:51:48.674393Z  INFO tailwindcss_oxide::scanner: Reading "C:\\Users\\stan\\Documents\\Code\\Web\\Astro\\static_portfolio\\src\\content\\projects\\proj-biomed.mdx"
2025-12-26T15:51:48.674463Z  INFO tailwindcss_oxide::scanner: Reading "C:\\Users\\stan\\Documents\\Code\\Web\\Astro\\static_portfolio\\src\\icons\\bars.svg"
2025-12-26T15:51:48.674472Z  INFO tailwindcss_oxide::scanner: Reading "C:\\Users\\stan\\Documents\\Code\\Web\\Astro\\static_portfolio\\src\\content\\projects\\pub-prions.mdx"
2025-12-26T15:51:48.674478Z  INFO tailwindcss_oxide::scanner: Reading "C:\\Users\\stan\\Documents\\Code\\Web\\Astro\\static_portfolio\\src\\content\\projects\\testproj3.mdx"
2025-12-26T15:51:48.674513Z  INFO tailwindcss_oxide::scanner: Reading "C:\\Users\\stan\\Documents\\Code\\Web\\Astro\\static_portfolio\\src\\components\\ui\\alert.tsx"
2025-12-26T15:51:48.674537Z  INFO tailwindcss_oxide::scanner: Reading "C:\\Users\\stan\\Documents\\Code\\Web\\Astro\\static_portfolio\\src\\hooks\\use-mutation-observer.ts"
2025-12-26T15:51:48.674569Z  INFO tailwindcss_oxide::scanner: Reading "C:\\Users\\stan\\Documents\\Code\\Web\\Astro\\static_portfolio\\src\\icons\\rocket.svg"
2025-12-26T15:51:48.674617Z  INFO tailwindcss_oxide::scanner: Reading "C:\\Users\\stan\\Documents\\Code\\Web\\Astro\\static_portfolio\\src\\icons\\Bash.svg"
2025-12-26T15:51:48.674625Z  INFO tailwindcss_oxide::scanner: Reading "C:\\Users\\stan\\Documents\\Code\\Web\\Astro\\static_portfolio\\src\\icons\\github-svg.svg"
2025-12-26T15:51:48.674635Z  INFO tailwindcss_oxide::scanner: Reading "C:\\Users\\stan\\Documents\\Code\\Web\\Astro\\static_portfolio\\src\\content\\projects\\testproj4.mdx"
2025-12-26T15:51:48.674651Z  INFO tailwindcss_oxide::scanner: Reading "C:\\Users\\stan\\Documents\\Code\\Web\\Astro\\static_portfolio\\src\\content\\projects\\pubmed-scrape.mdx"
2025-12-26T15:51:48.674679Z  INFO tailwindcss_oxide::scanner: Reading "C:\\Users\\stan\\Documents\\Code\\Web\\Astro\\static_portfolio\\src\\components\\ui\\aspect-ratio.tsx"
2025-12-26T15:51:48.674705Z  INFO tailwindcss_oxide::scanner: Reading "C:\\Users\\stan\\Documents\\Code\\Web\\Astro\\static_portfolio\\src\\hooks\\use-render-debugger.ts"
2025-12-26T15:51:48.674725Z  INFO tailwindcss_oxide::scanner: Reading "C:\\Users\\stan\\Documents\\Code\\Web\\Astro\\static_portfolio\\src\\icons\\sass.svg"
2025-12-26T15:51:48.674768Z  INFO tailwindcss_oxide::scanner: Reading "C:\\Users\\stan\\Documents\\Code\\Web\\Astro\\static_portfolio\\src\\icons\\bitwarden.svg"
2025-12-26T15:51:48.674779Z  INFO tailwindcss_oxide::scanner: Reading "C:\\Users\\stan\\Documents\\Code\\Web\\Astro\\static_portfolio\\src\\icons\\github.svg"
2025-12-26T15:51:48.674786Z  INFO tailwindcss_oxide::scanner: Reading "C:\\Users\\stan\\Documents\\Code\\Web\\Astro\\static_portfolio\\src\\content\\projects\\typst-coverletter.mdx"
2025-12-26T15:51:48.674814Z  INFO tailwindcss_oxide::scanner: Reading "C:\\Users\\stan\\Documents\\Code\\Web\\Astro\\static_portfolio\\src\\hooks\\use-auto-scroll.ts"
2025-12-26T15:51:48.674830Z  INFO tailwindcss_oxide::scanner: Reading "C:\\Users\\stan\\Documents\\Code\\Web\\Astro\\static_portfolio\\src\\components\\ui\\badge.tsx"
2025-12-26T15:51:48.674893Z  INFO tailwindcss_oxide::scanner: Reading "C:\\Users\\stan\\Documents\\Code\\Web\\Astro\\static_portfolio\\src\\icons\\sun.svg"
2025-12-26T15:51:48.674903Z  INFO tailwindcss_oxide::scanner: Reading "C:\\Users\\stan\\Documents\\Code\\Web\\Astro\\static_portfolio\\src\\hooks\\use-scramble.ts"
2025-12-26T15:51:48.674919Z  INFO tailwindcss_oxide::scanner: Reading "C:\\Users\\stan\\Documents\\Code\\Web\\Astro\\static_portfolio\\src\\icons\\Blender.svg"
2025-12-26T15:51:48.674955Z  INFO tailwindcss_oxide::scanner: Reading "C:\\Users\\stan\\Documents\\Code\\Web\\Astro\\static_portfolio\\src\\icons\\GNU Emacs.svg"
2025-12-26T15:51:48.674958Z  INFO tailwindcss_oxide::scanner: Reading "C:\\Users\\stan\\Documents\\Code\\Web\\Astro\\static_portfolio\\src\\content\\projects\\typst-resume.mdx"
2025-12-26T15:51:48.674986Z  INFO tailwindcss_oxide::scanner: Reading "C:\\Users\\stan\\Documents\\Code\\Web\\Astro\\static_portfolio\\src\\components\\ui\\breadcrumb.tsx"
2025-12-26T15:51:48.674973Z  INFO tailwindcss_oxide::scanner: Reading "C:\\Users\\stan\\Documents\\Code\\Web\\Astro\\static_portfolio\\src\\hooks\\use-copy-to-clipboard.ts"
2025-12-26T15:51:48.675045Z  INFO tailwindcss_oxide::scanner: Reading "C:\\Users\\stan\\Documents\\Code\\Web\\Astro\\static_portfolio\\src\\icons\\tailwind.svg"
2025-12-26T15:51:48.675063Z  INFO tailwindcss_oxide::scanner: Reading "C:\\Users\\stan\\Documents\\Code\\Web\\Astro\\static_portfolio\\src\\hooks\\use-scroll-to-top.ts"
2025-12-26T15:51:48.675068Z  INFO tailwindcss_oxide::scanner: Reading "C:\\Users\\stan\\Documents\\Code\\Web\\Astro\\static_portfolio\\src\\icons\\bootstrap.svg"
2025-12-26T15:51:48.675084Z  INFO tailwindcss_oxide::scanner: Reading "C:\\Users\\stan\\Documents\\Code\\Web\\Astro\\static_portfolio\\src\\content\\figures\\testFigure.mdx"
2025-12-26T15:51:48.675103Z  INFO tailwindcss_oxide::scanner: Reading "C:\\Users\\stan\\Documents\\Code\\Web\\Astro\\static_portfolio\\src\\icons\\html.svg"
2025-12-26T15:51:48.675139Z  INFO tailwindcss_oxide::scanner: Reading "C:\\Users\\stan\\Documents\\Code\\Web\\Astro\\static_portfolio\\src\\components\\ui\\button-group.tsx"
2025-12-26T15:51:48.675164Z  INFO tailwindcss_oxide::scanner: Reading "C:\\Users\\stan\\Documents\\Code\\Web\\Astro\\static_portfolio\\src\\hooks\\use-debounce-callback.ts"
2025-12-26T15:51:48.675193Z  INFO tailwindcss_oxide::scanner: Reading "C:\\Users\\stan\\Documents\\Code\\Web\\Astro\\static_portfolio\\src\\icons\\twitter.svg"
2025-12-26T15:51:48.675228Z  INFO tailwindcss_oxide::scanner: Reading "C:\\Users\\stan\\Documents\\Code\\Web\\Astro\\static_portfolio\\src\\icons\\briefcase.svg"
2025-12-26T15:51:48.675248Z  INFO tailwindcss_oxide::scanner: Reading "C:\\Users\\stan\\Documents\\Code\\Web\\Astro\\static_portfolio\\src\\content\\projects\\clip2gif.mdx"
2025-12-26T15:51:48.675269Z  INFO tailwindcss_oxide::scanner: Reading "C:\\Users\\stan\\Documents\\Code\\Web\\Astro\\static_portfolio\\src\\icons\\icon-rocq-orange.svg"
2025-12-26T15:51:48.675299Z  INFO tailwindcss_oxide::scanner: Reading "C:\\Users\\stan\\Documents\\Code\\Web\\Astro\\static_portfolio\\src\\components\\ui\\Button.astro"
2025-12-26T15:51:48.675311Z  INFO tailwindcss_oxide::scanner: Reading "C:\\Users\\stan\\Documents\\Code\\Web\\Astro\\static_portfolio\\src\\hooks\\use-device-detect.ts"
2025-12-26T15:51:48.675344Z  INFO tailwindcss_oxide::scanner: Reading "C:\\Users\\stan\\Documents\\Code\\Web\\Astro\\static_portfolio\\src\\icons\\typescript.svg"
2025-12-26T15:51:48.675373Z  INFO tailwindcss_oxide::scanner: Reading "C:\\Users\\stan\\Documents\\Code\\Web\\Astro\\static_portfolio\\src\\icons\\C.svg"
2025-12-26T15:51:48.675418Z  INFO tailwindcss_oxide::scanner: Reading "C:\\Users\\stan\\Documents\\Code\\Web\\Astro\\static_portfolio\\src\\content\\projects\\dodgy-car.mdx"
2025-12-26T15:51:48.675457Z  INFO tailwindcss_oxide::scanner: Reading "C:\\Users\\stan\\Documents\\Code\\Web\\Astro\\static_portfolio\\src\\hooks\\use-session-storage.ts"
2025-12-26T15:51:48.675468Z  INFO tailwindcss_oxide::scanner: Reading "C:\\Users\\stan\\Documents\\Code\\Web\\Astro\\static_portfolio\\src\\components\\ui\\button.tsx"
2025-12-26T15:51:48.675486Z  INFO tailwindcss_oxide::scanner: Reading "C:\\Users\\stan\\Documents\\Code\\Web\\Astro\\static_portfolio\\src\\icons\\info.svg"
2025-12-26T15:51:48.675465Z  INFO tailwindcss_oxide::scanner: Reading "C:\\Users\\stan\\Documents\\Code\\Web\\Astro\\static_portfolio\\src\\hooks\\use-dom-ready.ts"
2025-12-26T15:51:48.675504Z  INFO tailwindcss_oxide::scanner: Reading "C:\\Users\\stan\\Documents\\Code\\Web\\Astro\\static_portfolio\\src\\icons\\Ubuntu.svg"
2025-12-26T15:51:48.675140Z  INFO tailwindcss_oxide::scanner: Reading "C:\\Users\\stan\\Documents\\Code\\Web\\Astro\\static_portfolio\\src\\content\\projects\\visual-interactive-ml.mdx"
2025-12-26T15:51:48.675539Z  INFO tailwindcss_oxide::scanner: Reading "C:\\Users\\stan\\Documents\\Code\\Web\\Astro\\static_portfolio\\src\\icons\\cloudflare.svg"
2025-12-26T15:51:48.675602Z  INFO tailwindcss_oxide::scanner: Reading "C:\\Users\\stan\\Documents\\Code\\Web\\Astro\\static_portfolio\\src\\content\\projects\\iklimit-viz.mdx"
2025-12-26T15:51:48.675625Z  INFO tailwindcss_oxide::scanner: Reading "C:\\Users\\stan\\Documents\\Code\\Web\\Astro\\static_portfolio\\src\\hooks\\use-speakup.ts"
2025-12-26T15:51:48.675632Z  INFO tailwindcss_oxide::scanner: Reading "C:\\Users\\stan\\Documents\\Code\\Web\\Astro\\static_portfolio\\src\\components\\ui\\Capsule.astro"
2025-12-26T15:51:48.675641Z  INFO tailwindcss_oxide::scanner: Reading "C:\\Users\\stan\\Documents\\Code\\Web\\Astro\\static_portfolio\\src\\icons\\instagram.svg"
2025-12-26T15:51:48.675677Z  INFO tailwindcss_oxide::scanner: Reading "C:\\Users\\stan\\Documents\\Code\\Web\\Astro\\static_portfolio\\src\\hooks\\use-error-boundary.tsx"
2025-12-26T15:51:48.675699Z  INFO tailwindcss_oxide::scanner: Reading "C:\\Users\\stan\\Documents\\Code\\Web\\Astro\\static_portfolio\\src\\icons\\vercel.svg"
2025-12-26T15:51:48.675726Z  INFO tailwindcss_oxide::scanner: Reading "C:\\Users\\stan\\Documents\\Code\\Web\\Astro\\static_portfolio\\src\\content\\staticData\\allStaticData.json"
2025-12-26T15:51:48.675750Z  INFO tailwindcss_oxide::scanner: Reading "C:\\Users\\stan\\Documents\\Code\\Web\\Astro\\static_portfolio\\src\\icons\\code.svg"
2025-12-26T15:51:48.675770Z  INFO tailwindcss_oxide::scanner: Reading "C:\\Users\\stan\\Documents\\Code\\Web\\Astro\\static_portfolio\\src\\hooks\\use-in-view.ts"
2025-12-26T15:51:48.675783Z  INFO tailwindcss_oxide::scanner: Reading "C:\\Users\\stan\\Documents\\Code\\Web\\Astro\\static_portfolio\\src\\hooks\\use-throttle.ts"
2025-12-26T15:51:48.675790Z  INFO tailwindcss_oxide::scanner: Reading "C:\\Users\\stan\\Documents\\Code\\Web\\Astro\\static_portfolio\\src\\components\\ui\\card.tsx"
2025-12-26T15:51:48.675800Z  INFO tailwindcss_oxide::scanner: Reading "C:\\Users\\stan\\Documents\\Code\\Web\\Astro\\static_portfolio\\src\\icons\\javascript.svg"
2025-12-26T15:51:48.675836Z  INFO tailwindcss_oxide::scanner: Reading "C:\\Users\\stan\\Documents\\Code\\Web\\Astro\\static_portfolio\\src\\hooks\\use-focus-trap.ts"
2025-12-26T15:51:48.675857Z  INFO tailwindcss_oxide::scanner: Reading "C:\\Users\\stan\\Documents\\Code\\Web\\Astro\\static_portfolio\\src\\icons\\whatsapp.svg"
2025-12-26T15:51:48.675878Z  INFO tailwindcss_oxide::scanner: Reading "C:\\Users\\stan\\Documents\\Code\\Web\\Astro\\static_portfolio\\src\\env.d.ts"
2025-12-26T15:51:48.675902Z  INFO tailwindcss_oxide::scanner: Reading "C:\\Users\\stan\\Documents\\Code\\Web\\Astro\\static_portfolio\\src\\icons\\copilot.svg"
2025-12-26T15:51:48.675921Z  INFO tailwindcss_oxide::scanner: Reading "C:\\Users\\stan\\Documents\\Code\\Web\\Astro\\static_portfolio\\src\\hooks\\use-intersection-observer.ts"
2025-12-26T15:51:48.675932Z  INFO tailwindcss_oxide::scanner: Reading "C:\\Users\\stan\\Documents\\Code\\Web\\Astro\\static_portfolio\\src\\hooks\\use-unmount.ts"
2025-12-26T15:51:48.675950Z  INFO tailwindcss_oxide::scanner: Reading "C:\\Users\\stan\\Documents\\Code\\Web\\Astro\\static_portfolio\\src\\components\\ui\\carousel.tsx"
2025-12-26T15:51:48.675962Z  INFO tailwindcss_oxide::scanner: Reading "C:\\Users\\stan\\Documents\\Code\\Web\\Astro\\static_portfolio\\src\\icons\\LaTeX.svg"
2025-12-26T15:51:48.676000Z  INFO tailwindcss_oxide::scanner: Reading "C:\\Users\\stan\\Documents\\Code\\Web\\Astro\\static_portfolio\\src\\hooks\\useChangeSubcription.ts"
2025-12-26T15:51:48.676009Z  INFO tailwindcss_oxide::scanner: Reading "C:\\Users\\stan\\Documents\\Code\\Web\\Astro\\static_portfolio\\src\\icons\\windsurf-logo.svg"
2025-12-26T15:51:48.676033Z  INFO tailwindcss_oxide::scanner: Reading "C:\\Users\\stan\\Documents\\Code\\Web\\Astro\\static_portfolio\\src\\hooks\\ErrorBoundary.tsx"
2025-12-26T15:51:48.676054Z  INFO tailwindcss_oxide::scanner: Reading "C:\\Users\\stan\\Documents\\Code\\Web\\Astro\\static_portfolio\\src\\icons\\csharp.svg"
2025-12-26T15:51:48.676072Z  INFO tailwindcss_oxide::scanner: Reading "C:\\Users\\stan\\Documents\\Code\\Web\\Astro\\static_portfolio\\src\\hooks\\use-is-client.ts"
2025-12-26T15:51:48.676089Z  INFO tailwindcss_oxide::scanner: Reading "C:\\Users\\stan\\Documents\\Code\\Web\\Astro\\static_portfolio\\src\\hooks\\use-update-effect.ts"
2025-12-26T15:51:48.676114Z  INFO tailwindcss_oxide::scanner: Reading "C:\\Users\\stan\\Documents\\Code\\Web\\Astro\\static_portfolio\\src\\components\\ui\\collapsible.tsx"
2025-12-26T15:51:48.676119Z  INFO tailwindcss_oxide::scanner: Reading "C:\\Users\\stan\\Documents\\Code\\Web\\Astro\\static_portfolio\\src\\icons\\linkedin.svg"
2025-12-26T15:51:48.676160Z  INFO tailwindcss_oxide::scanner: Reading "C:\\Users\\stan\\Documents\\Code\\Web\\Astro\\static_portfolio\\src\\hooks\\useDeferredValueSwitch.ts"
2025-12-26T15:51:48.676168Z  INFO tailwindcss_oxide::scanner: Reading "C:\\Users\\stan\\Documents\\Code\\Web\\Astro\\static_portfolio\\src\\icons\\wordpress.svg"
2025-12-26T15:51:48.676189Z  INFO tailwindcss_oxide::scanner: Reading "C:\\Users\\stan\\Documents\\Code\\Web\\Astro\\static_portfolio\\src\\hooks\\useImagesLoaded.ts"
2025-12-26T15:51:48.676201Z  INFO tailwindcss_oxide::scanner: Reading "C:\\Users\\stan\\Documents\\Code\\Web\\Astro\\static_portfolio\\src\\icons\\css.svg"
2025-12-26T15:51:48.676222Z  INFO tailwindcss_oxide::scanner: Reading "C:\\Users\\stan\\Documents\\Code\\Web\\Astro\\static_portfolio\\src\\hooks\\use-is-first-render.ts"
2025-12-26T15:51:48.676249Z  INFO tailwindcss_oxide::scanner: Reading "C:\\Users\\stan\\Documents\\Code\\Web\\Astro\\static_portfolio\\src\\hooks\\use-window-scroll.ts"
2025-12-26T15:51:48.676275Z  INFO tailwindcss_oxide::scanner: Reading "C:\\Users\\stan\\Documents\\Code\\Web\\Astro\\static_portfolio\\src\\components\\ui\\context-menu.tsx"
2025-12-26T15:51:48.676299Z  INFO tailwindcss_oxide::scanner: Reading "C:\\Users\\stan\\Documents\\Code\\Web\\Astro\\static_portfolio\\src\\icons\\logo-rocq-vertical-orange.svg"
2025-12-26T15:51:48.676315Z  INFO tailwindcss_oxide::scanner: Reading "C:\\Users\\stan\\Documents\\Code\\Web\\Astro\\static_portfolio\\src\\hooks\\useDeferredValueWithStatus.ts"
2025-12-26T15:51:48.676357Z  INFO tailwindcss_oxide::scanner: Reading "C:\\Users\\stan\\Documents\\Code\\Web\\Astro\\static_portfolio\\src\\icons\\cursor-ia.svg"
2025-12-26T15:51:48.676372Z  INFO tailwindcss_oxide::scanner: Reading "C:\\Users\\stan\\Documents\\Code\\Web\\Astro\\static_portfolio\\src\\hooks\\use-long-press.ts"
2025-12-26T15:51:48.676378Z  INFO tailwindcss_oxide::scanner: Reading "C:\\Users\\stan\\Documents\\Code\\Web\\Astro\\static_portfolio\\src\\hooks\\usePromise.ts"
2025-12-26T15:51:48.676403Z  INFO tailwindcss_oxide::scanner: Reading "C:\\Users\\stan\\Documents\\Code\\Web\\Astro\\static_portfolio\\src\\hooks\\useAnimateHeight.ts"
2025-12-26T15:51:48.676357Z  INFO tailwindcss_oxide::scanner: Reading "C:\\Users\\stan\\Documents\\Code\\Web\\Astro\\static_portfolio\\src\\icons\\xmark.svg"
2025-12-26T15:51:48.676446Z  INFO tailwindcss_oxide::scanner: Reading "C:\\Users\\stan\\Documents\\Code\\Web\\Astro\\static_portfolio\\src\\icons\\logo.svg"
2025-12-26T15:51:48.676425Z  INFO tailwindcss_oxide::scanner: Reading "C:\\Users\\stan\\Documents\\Code\\Web\\Astro\\static_portfolio\\src\\components\\ui\\CustomSpinner.tsx"
2025-12-26T15:51:48.676462Z  INFO tailwindcss_oxide::scanner: Reading "C:\\Users\\stan\\Documents\\Code\\Web\\Astro\\static_portfolio\\src\\hooks\\useDelayedFunc.ts"
2025-12-26T15:51:48.676523Z  INFO tailwindcss_oxide::scanner: Reading "C:\\Users\\stan\\Documents\\Code\\Web\\Astro\\static_portfolio\\src\\hooks\\use-media-query.tsx"
2025-12-26T15:51:48.676513Z  INFO tailwindcss_oxide::scanner: Reading "C:\\Users\\stan\\Documents\\Code\\Web\\Astro\\static_portfolio\\src\\icons\\dashboard.svg"
2025-12-26T15:51:48.676554Z  INFO tailwindcss_oxide::scanner: Reading "C:\\Users\\stan\\Documents\\Code\\Web\\Astro\\static_portfolio\\src\\hooks\\useCallbackRequest.ts"
2025-12-26T15:51:48.676542Z  INFO tailwindcss_oxide::scanner: Reading "C:\\Users\\stan\\Documents\\Code\\Web\\Astro\\static_portfolio\\src\\hooks\\usePromiseTransition.ts"
2025-12-26T15:51:48.676596Z  INFO tailwindcss_oxide::scanner: Reading "C:\\Users\\stan\\Documents\\Code\\Web\\Astro\\static_portfolio\\src\\icons\\Lua.svg"
2025-12-26T15:51:48.676599Z  INFO tailwindcss_oxide::scanner: Reading "C:\\Users\\stan\\Documents\\Code\\Web\\Astro\\static_portfolio\\src\\icons\\youtube.svg"
2025-12-26T15:51:48.676635Z  INFO tailwindcss_oxide::scanner: Reading "C:\\Users\\stan\\Documents\\Code\\Web\\Astro\\static_portfolio\\src\\components\\ui\\dialog.tsx"
2025-12-26T15:51:48.676675Z  INFO tailwindcss_oxide::scanner: Reading "C:\\Users\\stan\\Documents\\Code\\Web\\Astro\\static_portfolio\\src\\hooks\\useEnsureRef.ts"
2025-12-26T15:51:48.676685Z  INFO tailwindcss_oxide::scanner: Reading "C:\\Users\\stan\\Documents\\Code\\Web\\Astro\\static_portfolio\\src\\hooks\\use-merge-refs.ts"
2025-12-26T15:51:48.676704Z  INFO tailwindcss_oxide::scanner: Reading "C:\\Users\\stan\\Documents\\Code\\Web\\Astro\\static_portfolio\\src\\icons\\deepseek.svg"
2025-12-26T15:51:48.676710Z  INFO tailwindcss_oxide::scanner: Reading "C:\\Users\\stan\\Documents\\Code\\Web\\Astro\\static_portfolio\\src\\icons\\MATLAB.svg"
2025-12-26T15:51:48.676727Z  INFO tailwindcss_oxide::scanner: Reading "C:\\Users\\stan\\Documents\\Code\\Web\\Astro\\static_portfolio\\src\\hooks\\useReportingMemo.ts"
2025-12-26T15:51:48.676743Z  INFO tailwindcss_oxide::scanner: Reading "C:\\Users\\stan\\Documents\\Code\\Web\\Astro\\static_portfolio\\src\\icons\\markdown.svg"
2025-12-26T15:51:48.676765Z  INFO tailwindcss_oxide::scanner: Reading "C:\\Users\\stan\\Documents\\Code\\Web\\Astro\\static_portfolio\\src\\layouts\\Layout.astro"
2025-12-26T15:51:48.676787Z  INFO tailwindcss_oxide::scanner: Reading "C:\\Users\\stan\\Documents\\Code\\Web\\Astro\\static_portfolio\\src\\components\\ui\\drawer.tsx"
2025-12-26T15:51:48.676824Z  INFO tailwindcss_oxide::scanner: Reading "C:\\Users\\stan\\Documents\\Code\\Web\\Astro\\static_portfolio\\src\\hooks\\useFlip.ts"
2025-12-26T15:51:48.676839Z  INFO tailwindcss_oxide::scanner: Reading "C:\\Users\\stan\\Documents\\Code\\Web\\Astro\\static_portfolio\\src\\hooks\\useGSAPContext.ts"
2025-12-26T15:51:48.676864Z  INFO tailwindcss_oxide::scanner: Reading "C:\\Users\\stan\\Documents\\Code\\Web\\Astro\\static_portfolio\\src\\icons\\envelope.svg"
2025-12-26T15:51:48.676877Z  INFO tailwindcss_oxide::scanner: Reading "C:\\Users\\stan\\Documents\\Code\\Web\\Astro\\static_portfolio\\src\\hooks\\useResizeObserver.ts"
2025-12-26T15:51:48.676896Z  INFO tailwindcss_oxide::scanner: Reading "C:\\Users\\stan\\Documents\\Code\\Web\\Astro\\static_portfolio\\src\\hooks\\useScrollToRow.tsx"
2025-12-26T15:51:48.676896Z  INFO tailwindcss_oxide::scanner: Reading "C:\\Users\\stan\\Documents\\Code\\Web\\Astro\\static_portfolio\\src\\icons\\md.svg"
2025-12-26T15:51:48.676936Z  INFO tailwindcss_oxide::scanner: Reading "C:\\Users\\stan\\Documents\\Code\\Web\\Astro\\static_portfolio\\src\\layouts\\MarkdownAbout.astro"
2025-12-26T15:51:48.677019Z  INFO tailwindcss_oxide::scanner: Reading "C:\\Users\\stan\\Documents\\Code\\Web\\Astro\\static_portfolio\\src\\icons\\facebook.svg"
2025-12-26T15:51:48.677046Z  INFO tailwindcss_oxide::scanner: Reading "C:\\Users\\stan\\Documents\\Code\\Web\\Astro\\static_portfolio\\src\\icons\\gatsby.svg"
2025-12-26T15:51:48.676973Z  INFO tailwindcss_oxide::scanner: Reading "C:\\Users\\stan\\Documents\\Code\\Web\\Astro\\static_portfolio\\src\\icons\\node.svg"
2025-12-26T15:51:48.677099Z  INFO tailwindcss_oxide::scanner: Reading "C:\\Users\\stan\\Documents\\Code\\Web\\Astro\\static_portfolio\\src\\icons\\mongo.svg"
2025-12-26T15:51:48.676964Z  INFO tailwindcss_oxide::scanner: Reading "C:\\Users\\stan\\Documents\\Code\\Web\\Astro\\static_portfolio\\src\\hooks\\useSyncedRef.ts"
2025-12-26T15:51:48.677052Z  INFO tailwindcss_oxide::scanner: Reading "C:\\Users\\stan\\Documents\\Code\\Web\\Astro\\static_portfolio\\src\\icons\\moon.svg"
2025-12-26T15:51:48.677181Z  INFO tailwindcss_oxide::scanner: Reading "C:\\Users\\stan\\Documents\\Code\\Web\\Astro\\static_portfolio\\src\\icons\\git.svg"
2025-12-26T15:51:48.677208Z  INFO tailwindcss_oxide::scanner: Reading "C:\\Users\\stan\\Documents\\Code\\Web\\Astro\\static_portfolio\\src\\icons\\paperplane.svg"
2025-12-26T15:51:48.677181Z  INFO tailwindcss_oxide::scanner: Reading "C:\\Users\\stan\\Documents\\Code\\Web\\Astro\\static_portfolio\\src\\layouts\\MarkdownPostLayout.astro"
2025-12-26T15:51:48.677257Z  INFO tailwindcss_oxide::scanner: Reading "C:\\Users\\stan\\Documents\\Code\\Web\\Astro\\static_portfolio\\src\\icons\\NumPy.svg"
2025-12-26T15:51:48.676992Z  INFO tailwindcss_oxide::scanner: Reading "C:\\Users\\stan\\Documents\\Code\\Web\\Astro\\static_portfolio\\src\\icons\\figma.svg"
2025-12-26T15:51:48.677309Z  INFO tailwindcss_oxide::scanner: Reading "C:\\Users\\stan\\Documents\\Code\\Web\\Astro\\static_portfolio\\src\\icons\\php.svg"
2025-12-26T15:51:48.677320Z  INFO tailwindcss_oxide::scanner: Reading "C:\\Users\\stan\\Documents\\Code\\Web\\Astro\\static_portfolio\\src\\icons\\mysql.svg"
2025-12-26T15:51:48.677338Z  INFO tailwindcss_oxide::scanner: Reading "C:\\Users\\stan\\Documents\\Code\\Web\\Astro\\static_portfolio\\src\\icons\\Neovim-mark.svg"
2025-12-26T15:51:48.677363Z  INFO tailwindcss_oxide::scanner: Reading "C:\\Users\\stan\\Documents\\Code\\Web\\Astro\\static_portfolio\\src\\icons\\person.svg"
2025-12-26T15:51:48.677387Z  INFO tailwindcss_oxide::scanner: Reading "C:\\Users\\stan\\Documents\\Code\\Web\\Astro\\static_portfolio\\src\\layouts\\ProjectLayout.astro"
2025-12-26T15:51:48.677407Z  INFO tailwindcss_oxide::scanner: Reading "C:\\Users\\stan\\Documents\\Code\\Web\\Astro\\static_portfolio\\src\\icons\\Pandas.svg"
2025-12-26T15:51:48.677410Z  INFO tailwindcss_oxide::scanner: Reading "C:\\Users\\stan\\Documents\\Code\\Web\\Astro\\static_portfolio\\src\\pages\\blog\\posts\\readme-neonmint.md"
2025-12-26T15:51:48.677473Z  INFO tailwindcss_oxide::scanner: Reading "C:\\Users\\stan\\Documents\\Code\\Web\\Astro\\static_portfolio\\src\\icons\\netlify.svg"
2025-12-26T15:51:48.677494Z  INFO tailwindcss_oxide::scanner: Reading "C:\\Users\\stan\\Documents\\Code\\Web\\Astro\\static_portfolio\\src\\pages\\story\\sidebar\\section_two.mdx"
2025-12-26T15:51:48.677516Z  INFO tailwindcss_oxide::scanner: Reading "C:\\Users\\stan\\Documents\\Code\\Web\\Astro\\static_portfolio\\src\\icons\\Powershell.svg"
2025-12-26T15:51:48.677540Z  INFO tailwindcss_oxide::scanner: Reading "C:\\Users\\stan\\Documents\\Code\\Web\\Astro\\static_portfolio\\src\\lib\\objutil.ts"
2025-12-26T15:51:48.677626Z  INFO tailwindcss_oxide::scanner: Reading "C:\\Users\\stan\\Documents\\Code\\Web\\Astro\\static_portfolio\\src\\scripts\\menu.js"
2025-12-26T15:51:48.677654Z  INFO tailwindcss_oxide::scanner: Reading "C:\\Users\\stan\\Documents\\Code\\Web\\Astro\\static_portfolio\\src\\lib\\type-utils.ts"
2025-12-26T15:51:48.677693Z  INFO tailwindcss_oxide::scanner: Reading "C:\\Users\\stan\\Documents\\Code\\Web\\Astro\\static_portfolio\\src\\icons\\firebase.svg"
2025-12-26T15:51:48.677660Z  INFO tailwindcss_oxide::scanner: Reading "C:\\Users\\stan\\Documents\\Code\\Web\\Astro\\static_portfolio\\src\\pages\\story\\sidebar\\testFile.mdx"
2025-12-26T15:51:48.677797Z  INFO tailwindcss_oxide::scanner: Reading "C:\\Users\\stan\\Documents\\Code\\Web\\Astro\\static_portfolio\\src\\types\\gsap-react.d.ts"
2025-12-26T15:51:48.677781Z  INFO tailwindcss_oxide::scanner: Reading "C:\\Users\\stan\\Documents\\Code\\Web\\Astro\\static_portfolio\\src\\pages\\blog\\tags\\index.astro"
2025-12-26T15:51:48.677696Z  INFO tailwindcss_oxide::scanner: Reading "C:\\Users\\stan\\Documents\\Code\\Web\\Astro\\static_portfolio\\static_portfolio.code-workspace"
2025-12-26T15:51:48.677666Z  INFO tailwindcss_oxide::scanner: Reading "C:\\Users\\stan\\Documents\\Code\\Web\\Astro\\static_portfolio\\src\\types\\mdx.d.ts"
2025-12-26T15:51:48.677835Z  INFO tailwindcss_oxide::scanner: Reading "C:\\Users\\stan\\Documents\\Code\\Web\\Astro\\static_portfolio\\src\\lib\\utils.ts"
2025-12-26T15:51:48.677749Z  INFO tailwindcss_oxide::scanner: Reading "C:\\Users\\stan\\Documents\\Code\\Web\\Astro\\static_portfolio\\src\\utils\\languages.ts"
2025-12-26T15:51:48.677966Z  INFO tailwindcss_oxide::scanner: Reading "C:\\Users\\stan\\Documents\\Code\\Web\\Astro\\static_portfolio\\src\\pages\\story\\sidebar\\test_section.mdx"
2025-12-26T15:51:48.678028Z  INFO tailwindcss_oxide::scanner: Reading "C:\\Users\\stan\\Documents\\Code\\Web\\Astro\\static_portfolio\\todo.md"
2025-12-26T15:51:48.677930Z  INFO tailwindcss_oxide::scanner: Reading "C:\\Users\\stan\\Documents\\Code\\Web\\Astro\\static_portfolio\\src\\utils\\textloader.ts"
2025-12-26T15:51:48.678022Z  INFO tailwindcss_oxide::scanner: Reading "C:\\Users\\stan\\Documents\\Code\\Web\\Astro\\static_portfolio\\tsconfig.json"
2025-12-26T15:51:48.678100Z  INFO tailwindcss_oxide::scanner: Reading "C:\\Users\\stan\\Documents\\Code\\Web\\Astro\\static_portfolio\\src\\types.d.ts"
2025-12-26T15:51:48.678111Z  INFO tailwindcss_oxide::scanner: Reading "C:\\Users\\stan\\Documents\\Code\\Web\\Astro\\static_portfolio\\src\\pages\\about-me.md"
2025-12-26T15:51:48.678118Z  INFO tailwindcss_oxide::scanner: Reading "C:\\Users\\stan\\Documents\\Code\\Web\\Astro\\static_portfolio\\stateFlow.txt"
2025-12-26T15:51:48.678028Z  INFO tailwindcss_oxide::scanner: Reading "C:\\Users\\stan\\Documents\\Code\\Web\\Astro\\static_portfolio\\src\\pages\\blog\\tags\\[tag].astro"
2025-12-26T15:51:48.678208Z  INFO tailwindcss_oxide::scanner: Reading "C:\\Users\\stan\\Documents\\Code\\Web\\Astro\\static_portfolio\\_tailwind.config.cjs"
2025-12-26T15:51:48.678233Z  INFO tailwindcss_oxide::scanner: Reading "C:\\Users\\stan\\Documents\\Code\\Web\\Astro\\static_portfolio\\src\\pages\\scratch2.astro"
2025-12-26T15:51:48.678255Z  INFO tailwindcss_oxide::scanner: Reading "C:\\Users\\stan\\Documents\\Code\\Web\\Astro\\static_portfolio\\src\\pages\\story\\sections\\section_two.mdx"
2025-12-26T15:51:48.678288Z  INFO tailwindcss_oxide::scanner: Reading "C:\\Users\\stan\\Documents\\Code\\Web\\Astro\\static_portfolio\\src\\pages\\story\\sections\\test_section.mdx"
2025-12-26T15:51:48.678133Z  INFO tailwindcss_oxide::scanner: Reading "C:\\Users\\stan\\Documents\\Code\\Web\\Astro\\static_portfolio\\src\\pages\\robots.txt.ts"
2025-12-26T15:51:48.678332Z  INFO tailwindcss_oxide::scanner: Reading "C:\\Users\\stan\\Documents\\Code\\Web\\Astro\\static_portfolio\\src\\pages\\blog\\index.astro"
2025-12-26T15:51:48.678335Z  INFO tailwindcss_oxide::scanner: Reading "C:\\Users\\stan\\Documents\\Code\\Web\\Astro\\static_portfolio\\src\\pages\\story\\sections\\section_three.mdx"
2025-12-26T15:51:48.678359Z  INFO tailwindcss_oxide::scanner: Reading "C:\\Users\\stan\\Documents\\Code\\Web\\Astro\\static_portfolio\\src\\pages\\index.astro"
2025-12-26T15:51:48.678383Z  INFO tailwindcss_oxide::scanner: Reading "C:\\Users\\stan\\Documents\\Code\\Web\\Astro\\static_portfolio\\src\\pages\\rss.xml.js"
2025-12-26T15:51:48.678409Z  INFO tailwindcss_oxide::scanner: Reading "C:\\Users\\stan\\Documents\\Code\\Web\\Astro\\static_portfolio\\src\\pages\\blog\\posts\\index.astro"
2025-12-26T15:51:48.678499Z  INFO tailwindcss_oxide::scanner: Reading "C:\\Users\\stan\\Documents\\Code\\Web\\Astro\\static_portfolio\\src\\pages\\blog\\posts\\how-to-create-an-animated-border-with-tailwind.md"
2025-12-26T15:51:48.678520Z  INFO tailwindcss_oxide::scanner: Reading "C:\\Users\\stan\\Documents\\Code\\Web\\Astro\\static_portfolio\\src\\pages\\portfolio\\projects\\neonmint.md"
2025-12-26T15:51:48.678451Z  INFO tailwindcss_oxide::scanner: Reading "C:\\Users\\stan\\Documents\\Code\\Web\\Astro\\static_portfolio\\src\\pages\\blog\\techs\\[category].astro"
2025-12-26T15:51:48.678543Z  INFO tailwindcss_oxide::scanner: Reading "C:\\Users\\stan\\Documents\\Code\\Web\\Astro\\static_portfolio\\src\\pages\\scratch.astro"
2025-12-26T15:51:48.678495Z  INFO tailwindcss_oxide::scanner: Reading "C:\\Users\\stan\\Documents\\Code\\Web\\Astro\\static_portfolio\\src\\pages\\blog\\posts\\markdown-tutorial.md"
2025-12-26T15:51:48.678296Z  INFO tailwindcss_oxide::scanner: Reading "C:\\Users\\stan\\Documents\\Code\\Web\\Astro\\static_portfolio\\src\\pages\\blog\\techs\\index.astro"
2025-12-26T15:51:48.678838Z  INFO extract_candidates:read_all_files: tailwindcss_oxide::scanner: exit
2025-12-26T15:51:48.678865Z  INFO extract_candidates:parse_all_blobs: tailwindcss_oxide::scanner: enter
2025-12-26T15:51:48.678878Z  INFO extract_candidates:parse_all_blobs:extract: tailwindcss_oxide::scanner: enter
2025-12-26T15:51:48.695690Z  INFO extract_candidates:parse_all_blobs:extract: tailwindcss_oxide::scanner: exit
2025-12-26T15:51:48.695894Z  INFO extract_candidates:parse_all_blobs: tailwindcss_oxide::scanner: exit
2025-12-26T15:51:48.695920Z  INFO extract_candidates:read_all_files: tailwindcss_oxide::scanner: enter
2025-12-26T15:51:48.695931Z  INFO extract_candidates:read_all_files: tailwindcss_oxide::scanner: Reading 41 file(s)
2025-12-26T15:51:48.696255Z  INFO tailwindcss_oxide::scanner: Reading "C:\\Users\\stan\\Documents\\Code\\Web\\Astro\\static_portfolio\\src\\styles\\starry-night\\both.css"
2025-12-26T15:51:48.696260Z  INFO tailwindcss_oxide::scanner: Reading "C:\\Users\\stan\\Documents\\Code\\Web\\Astro\\static_portfolio\\public\\styles\\starry-night\\dark.css"
2025-12-26T15:51:48.696284Z  INFO tailwindcss_oxide::scanner: Reading "C:\\Users\\stan\\Documents\\Code\\Web\\Astro\\static_portfolio\\src\\styles\\starry-night\\colorblind.css"
2025-12-26T15:51:48.696324Z  INFO tailwindcss_oxide::scanner: Reading "C:\\Users\\stan\\Documents\\Code\\Web\\Astro\\static_portfolio\\public\\styles\\starry-night\\tritanopia-light.css"
2025-12-26T15:51:48.696258Z  INFO tailwindcss_oxide::scanner: Reading "C:\\Users\\stan\\Documents\\Code\\Web\\Astro\\static_portfolio\\src\\styles\\starry-night\\dimmed-dark.css"
2025-12-26T15:51:48.696258Z  INFO tailwindcss_oxide::scanner: Reading "C:\\Users\\stan\\Documents\\Code\\Web\\Astro\\static_portfolio\\public\\styles\\starry-night\\both.css"
2025-12-26T15:51:48.696426Z  INFO tailwindcss_oxide::scanner: Reading "C:\\Users\\stan\\Documents\\Code\\Web\\Astro\\static_portfolio\\src\\styles\\starry-night\\colorblind-dark.css"
2025-12-26T15:51:48.696310Z  INFO tailwindcss_oxide::scanner: Reading "C:\\Users\\stan\\Documents\\Code\\Web\\Astro\\static_portfolio\\public\\styles\\starry-night\\high-contrast-dark.css"
2025-12-26T15:51:48.696269Z  INFO tailwindcss_oxide::scanner: Reading "C:\\Users\\stan\\Documents\\Code\\Web\\Astro\\static_portfolio\\src\\styles\\projects.css"
2025-12-26T15:51:48.696486Z  INFO tailwindcss_oxide::scanner: Reading "C:\\Users\\stan\\Documents\\Code\\Web\\Astro\\static_portfolio\\src\\styles\\starry-night\\core.css"
2025-12-26T15:51:48.696503Z  INFO tailwindcss_oxide::scanner: Reading "C:\\Users\\stan\\Documents\\Code\\Web\\Astro\\static_portfolio\\public\\styles\\starry-night\\tritanopia.css"
2025-12-26T15:51:48.696553Z  INFO tailwindcss_oxide::scanner: Reading "C:\\Users\\stan\\Documents\\Code\\Web\\Astro\\static_portfolio\\src\\styles\\starry-night\\dimmed.css"
2025-12-26T15:51:48.696586Z  INFO tailwindcss_oxide::scanner: Reading "C:\\Users\\stan\\Documents\\Code\\Web\\Astro\\static_portfolio\\public\\styles\\starry-night\\colorblind-dark.css"
2025-12-26T15:51:48.696613Z  INFO tailwindcss_oxide::scanner: Reading "C:\\Users\\stan\\Documents\\Code\\Web\\Astro\\static_portfolio\\public\\styles\\starry-night\\high-contrast-light.css"
2025-12-26T15:51:48.696642Z  INFO tailwindcss_oxide::scanner: Reading "C:\\Users\\stan\\Documents\\Code\\Web\\Astro\\static_portfolio\\src\\styles\\scratch2.css"
2025-12-26T15:51:48.696646Z  INFO tailwindcss_oxide::scanner: Reading "C:\\Users\\stan\\Documents\\Code\\Web\\Astro\\static_portfolio\\src\\styles\\starry-night\\dark.css"
2025-12-26T15:51:48.696474Z  INFO tailwindcss_oxide::scanner: Reading "C:\\Users\\stan\\Documents\\Code\\Web\\Astro\\static_portfolio\\public\\styles\\starry-night\\default-dark.css"
2025-12-26T15:51:48.696664Z  INFO tailwindcss_oxide::scanner: Reading "C:\\Users\\stan\\Documents\\Code\\Web\\Astro\\static_portfolio\\src\\styles\\carousel.css"
2025-12-26T15:51:48.696762Z  INFO tailwindcss_oxide::scanner: Reading "C:\\Users\\stan\\Documents\\Code\\Web\\Astro\\static_portfolio\\public\\styles\\starry-night\\colorblind-light.css"
2025-12-26T15:51:48.696711Z  INFO tailwindcss_oxide::scanner: Reading "C:\\Users\\stan\\Documents\\Code\\Web\\Astro\\static_portfolio\\src\\styles\\starry-night\\high-contrast-dark.css"
2025-12-26T15:51:48.696812Z  INFO tailwindcss_oxide::scanner: Reading "C:\\Users\\stan\\Documents\\Code\\Web\\Astro\\static_portfolio\\src\\styles\\details.css"
2025-12-26T15:51:48.696589Z  INFO tailwindcss_oxide::scanner: Reading "C:\\Users\\stan\\Documents\\Code\\Web\\Astro\\static_portfolio\\src\\styles\\starry-night\\colorblind-light.css"
2025-12-26T15:51:48.696850Z  INFO tailwindcss_oxide::scanner: Reading "C:\\Users\\stan\\Documents\\Code\\Web\\Astro\\static_portfolio\\src\\styles\\starry-night\\default-dark.css"
2025-12-26T15:51:48.696884Z  INFO tailwindcss_oxide::scanner: Reading "C:\\Users\\stan\\Documents\\Code\\Web\\Astro\\static_portfolio\\public\\styles\\starry-night\\default-light.css"
2025-12-26T15:51:48.696923Z  INFO tailwindcss_oxide::scanner: Reading "C:\\Users\\stan\\Documents\\Code\\Web\\Astro\\static_portfolio\\public\\styles\\starry-night\\colorblind.css"
2025-12-26T15:51:48.696933Z  INFO tailwindcss_oxide::scanner: Reading "C:\\Users\\stan\\Documents\\Code\\Web\\Astro\\static_portfolio\\src\\styles\\starry-night\\high-contrast-light.css"
2025-12-26T15:51:48.696770Z  INFO tailwindcss_oxide::scanner: Reading "C:\\Users\\stan\\Documents\\Code\\Web\\Astro\\static_portfolio\\public\\styles\\starry-night\\high-contrast.css"
2025-12-26T15:51:48.696978Z  INFO tailwindcss_oxide::scanner: Reading "C:\\Users\\stan\\Documents\\Code\\Web\\Astro\\static_portfolio\\src\\styles\\global.css"
2025-12-26T15:51:48.696998Z  INFO tailwindcss_oxide::scanner: Reading "C:\\Users\\stan\\Documents\\Code\\Web\\Astro\\static_portfolio\\public\\styles\\starry-night\\core.css"
2025-12-26T15:51:48.697009Z  INFO tailwindcss_oxide::scanner: Reading "C:\\Users\\stan\\Documents\\Code\\Web\\Astro\\static_portfolio\\public\\styles\\starry-night\\light.css"
2025-12-26T15:51:48.697042Z  INFO tailwindcss_oxide::scanner: Reading "C:\\Users\\stan\\Documents\\Code\\Web\\Astro\\static_portfolio\\public\\styles\\starry-night\\dimmed-dark.css"
2025-12-26T15:51:48.697074Z  INFO tailwindcss_oxide::scanner: Reading "C:\\Users\\stan\\Documents\\Code\\Web\\Astro\\static_portfolio\\public\\styles\\starry-night\\tritanopia-dark.css"
2025-12-26T15:51:48.697094Z  INFO tailwindcss_oxide::scanner: Reading "C:\\Users\\stan\\Documents\\Code\\Web\\Astro\\static_portfolio\\src\\styles\\starry-night\\high-contrast.css"
2025-12-26T15:51:48.697137Z  INFO tailwindcss_oxide::scanner: Reading "C:\\Users\\stan\\Documents\\Code\\Web\\Astro\\static_portfolio\\src\\styles\\starry-night\\light.css"
2025-12-26T15:51:48.697150Z  INFO tailwindcss_oxide::scanner: Reading "C:\\Users\\stan\\Documents\\Code\\Web\\Astro\\static_portfolio\\src\\styles\\starry-night-tailwind.css"
2025-12-26T15:51:48.697152Z  INFO tailwindcss_oxide::scanner: Reading "C:\\Users\\stan\\Documents\\Code\\Web\\Astro\\static_portfolio\\src\\styles\\starry-night\\tritanopia.css"
2025-12-26T15:51:48.696923Z  INFO tailwindcss_oxide::scanner: Reading "C:\\Users\\stan\\Documents\\Code\\Web\\Astro\\static_portfolio\\src\\styles\\starry-night\\default-light.css"
2025-12-26T15:51:48.697192Z  INFO tailwindcss_oxide::scanner: Reading "C:\\Users\\stan\\Documents\\Code\\Web\\Astro\\static_portfolio\\public\\styles\\starry-night\\dimmed.css"
2025-12-26T15:51:48.697232Z  INFO tailwindcss_oxide::scanner: Reading "C:\\Users\\stan\\Documents\\Code\\Web\\Astro\\static_portfolio\\src\\styles\\starry-night\\tritanopia-dark.css"
2025-12-26T15:51:48.697179Z  INFO tailwindcss_oxide::scanner: Reading "C:\\Users\\stan\\Documents\\Code\\Web\\Astro\\static_portfolio\\src\\styles\\story.css"
2025-12-26T15:51:48.697245Z  INFO tailwindcss_oxide::scanner: Reading "C:\\Users\\stan\\Documents\\Code\\Web\\Astro\\static_portfolio\\src\\styles\\starry-night\\tritanopia-light.css"
2025-12-26T15:51:48.697349Z  INFO extract_candidates:read_all_files: tailwindcss_oxide::scanner: exit
2025-12-26T15:51:48.697369Z  INFO extract_candidates:extract_css_variables: tailwindcss_oxide::scanner: enter
2025-12-26T15:51:48.697380Z  INFO extract_candidates:extract_css_variables:extract: tailwindcss_oxide::scanner: enter
2025-12-26T15:51:48.698017Z  INFO extract_candidates:extract_css_variables:extract: tailwindcss_oxide::scanner: exit
2025-12-26T15:51:48.698045Z  INFO extract_candidates:extract_css_variables: tailwindcss_oxide::scanner: exit
2025-12-26T15:51:48.701080Z  INFO extract_candidates: tailwindcss_oxide::scanner: exit
2025-12-26T15:51:48.707880Z  INFO get_files: tailwindcss_oxide::scanner: enter
2025-12-26T15:51:48.707913Z  INFO get_files:scan_sources: tailwindcss_oxide::scanner: enter
2025-12-26T15:51:48.711266Z  INFO get_files:scan_sources: tailwindcss_oxide::scanner: Discovering "C:\\Users\\stan\\Documents\\Code\\Web\\Astro\\static_portfolio\\.github"
2025-12-26T15:51:48.711920Z  INFO get_files:scan_sources: tailwindcss_oxide::scanner: Discovering "C:\\Users\\stan\\Documents\\Code\\Web\\Astro\\static_portfolio\\.github\\workflows"
2025-12-26T15:51:48.713108Z  INFO get_files:scan_sources: tailwindcss_oxide::scanner: Discovering "C:\\Users\\stan\\Documents\\Code\\Web\\Astro\\static_portfolio\\dev"
2025-12-26T15:51:48.713458Z  INFO get_files:scan_sources: tailwindcss_oxide::scanner: Discovering "C:\\Users\\stan\\Documents\\Code\\Web\\Astro\\static_portfolio\\dev\\components"
2025-12-26T15:51:48.714038Z  INFO get_files:scan_sources: tailwindcss_oxide::scanner: Discovering "C:\\Users\\stan\\Documents\\Code\\Web\\Astro\\static_portfolio\\dev\\lorem_ipsum"
2025-12-26T15:51:48.716462Z  INFO get_files:scan_sources: tailwindcss_oxide::scanner: Discovering "C:\\Users\\stan\\Documents\\Code\\Web\\Astro\\static_portfolio\\plugins"
2025-12-26T15:51:48.717123Z  INFO get_files:scan_sources: tailwindcss_oxide::scanner: Discovering "C:\\Users\\stan\\Documents\\Code\\Web\\Astro\\static_portfolio\\public"
2025-12-26T15:51:48.717517Z  INFO get_files:scan_sources: tailwindcss_oxide::scanner: Discovering "C:\\Users\\stan\\Documents\\Code\\Web\\Astro\\static_portfolio\\public\\images"
2025-12-26T15:51:48.717906Z  INFO get_files:scan_sources: tailwindcss_oxide::scanner: Discovering "C:\\Users\\stan\\Documents\\Code\\Web\\Astro\\static_portfolio\\public\\images\\posts"
2025-12-26T15:51:48.718308Z  INFO get_files:scan_sources: tailwindcss_oxide::scanner: Discovering "C:\\Users\\stan\\Documents\\Code\\Web\\Astro\\static_portfolio\\public\\images\\projects"
2025-12-26T15:51:48.718701Z  INFO get_files:scan_sources: tailwindcss_oxide::scanner: Discovering "C:\\Users\\stan\\Documents\\Code\\Web\\Astro\\static_portfolio\\public\\images\\story"
2025-12-26T15:51:48.719068Z  INFO get_files:scan_sources: tailwindcss_oxide::scanner: Discovering "C:\\Users\\stan\\Documents\\Code\\Web\\Astro\\static_portfolio\\public\\images\\story\\backdrop"
2025-12-26T15:51:48.720911Z  INFO get_files:scan_sources: tailwindcss_oxide::scanner: Discovering "C:\\Users\\stan\\Documents\\Code\\Web\\Astro\\static_portfolio\\public\\images\\story\\inline"
2025-12-26T15:51:48.721335Z  INFO get_files:scan_sources: tailwindcss_oxide::scanner: Discovering "C:\\Users\\stan\\Documents\\Code\\Web\\Astro\\static_portfolio\\public\\images\\story\\sidebar"
2025-12-26T15:51:48.721972Z  INFO get_files:scan_sources: tailwindcss_oxide::scanner: Discovering "C:\\Users\\stan\\Documents\\Code\\Web\\Astro\\static_portfolio\\public\\styles"
2025-12-26T15:51:48.722327Z  INFO get_files:scan_sources: tailwindcss_oxide::scanner: Discovering "C:\\Users\\stan\\Documents\\Code\\Web\\Astro\\static_portfolio\\public\\styles\\starry-night"
2025-12-26T15:51:48.723874Z  INFO get_files:scan_sources: tailwindcss_oxide::scanner: Discovering "C:\\Users\\stan\\Documents\\Code\\Web\\Astro\\static_portfolio\\src"
2025-12-26T15:51:48.724233Z  INFO get_files:scan_sources: tailwindcss_oxide::scanner: Discovering "C:\\Users\\stan\\Documents\\Code\\Web\\Astro\\static_portfolio\\src\\components"
2025-12-26T15:51:48.724581Z  INFO get_files:scan_sources: tailwindcss_oxide::scanner: Discovering "C:\\Users\\stan\\Documents\\Code\\Web\\Astro\\static_portfolio\\src\\components\\blog"
2025-12-26T15:51:48.725395Z  INFO get_files:scan_sources: tailwindcss_oxide::scanner: Discovering "C:\\Users\\stan\\Documents\\Code\\Web\\Astro\\static_portfolio\\src\\components\\layout"
2025-12-26T15:51:48.726159Z  INFO get_files:scan_sources: tailwindcss_oxide::scanner: Discovering "C:\\Users\\stan\\Documents\\Code\\Web\\Astro\\static_portfolio\\src\\components\\portfolio"
2025-12-26T15:51:48.727212Z  INFO get_files:scan_sources: tailwindcss_oxide::scanner: Discovering "C:\\Users\\stan\\Documents\\Code\\Web\\Astro\\static_portfolio\\src\\components\\projects"
2025-12-26T15:51:48.727824Z  INFO get_files:scan_sources: tailwindcss_oxide::scanner: Discovering "C:\\Users\\stan\\Documents\\Code\\Web\\Astro\\static_portfolio\\src\\components\\projects\\details"
2025-12-26T15:51:48.728560Z  INFO get_files:scan_sources: tailwindcss_oxide::scanner: Discovering "C:\\Users\\stan\\Documents\\Code\\Web\\Astro\\static_portfolio\\src\\components\\projects\\details\\interp"
2025-12-26T15:51:48.729827Z  INFO get_files:scan_sources: tailwindcss_oxide::scanner: Discovering "C:\\Users\\stan\\Documents\\Code\\Web\\Astro\\static_portfolio\\src\\components\\projects\\filtering"
2025-12-26T15:51:48.730201Z  INFO get_files:scan_sources: tailwindcss_oxide::scanner: Discovering "C:\\Users\\stan\\Documents\\Code\\Web\\Astro\\static_portfolio\\src\\components\\projects\\filtering\\common"
2025-12-26T15:51:48.730808Z  INFO get_files:scan_sources: tailwindcss_oxide::scanner: Discovering "C:\\Users\\stan\\Documents\\Code\\Web\\Astro\\static_portfolio\\src\\components\\projects\\filtering\\common\\stores"
2025-12-26T15:51:48.732349Z  INFO get_files:scan_sources: tailwindcss_oxide::scanner: Discovering "C:\\Users\\stan\\Documents\\Code\\Web\\Astro\\static_portfolio\\src\\components\\projects\\filtering\\sections"
2025-12-26T15:51:48.733225Z  INFO get_files:scan_sources: tailwindcss_oxide::scanner: Discovering "C:\\Users\\stan\\Documents\\Code\\Web\\Astro\\static_portfolio\\src\\components\\projects\\grid"
2025-12-26T15:51:48.733578Z  INFO get_files:scan_sources: tailwindcss_oxide::scanner: Discovering "C:\\Users\\stan\\Documents\\Code\\Web\\Astro\\static_portfolio\\src\\components\\projects\\grid\\items"
2025-12-26T15:51:48.733933Z  INFO get_files:scan_sources: tailwindcss_oxide::scanner: Discovering "C:\\Users\\stan\\Documents\\Code\\Web\\Astro\\static_portfolio\\src\\components\\projects\\grid\\items\\badges"
2025-12-26T15:51:48.734517Z  INFO get_files:scan_sources: tailwindcss_oxide::scanner: Discovering "C:\\Users\\stan\\Documents\\Code\\Web\\Astro\\static_portfolio\\src\\components\\projects\\grid\\items\\expansion"
2025-12-26T15:51:48.735235Z  INFO get_files:scan_sources: tailwindcss_oxide::scanner: Discovering "C:\\Users\\stan\\Documents\\Code\\Web\\Astro\\static_portfolio\\src\\components\\projects\\grid\\items\\sharing"
2025-12-26T15:51:48.736142Z  INFO get_files:scan_sources: tailwindcss_oxide::scanner: Discovering "C:\\Users\\stan\\Documents\\Code\\Web\\Astro\\static_portfolio\\src\\components\\projects\\overlay"
2025-12-26T15:51:48.737882Z  INFO get_files:scan_sources: tailwindcss_oxide::scanner: Discovering "C:\\Users\\stan\\Documents\\Code\\Web\\Astro\\static_portfolio\\src\\components\\projects\\util"
2025-12-26T15:51:48.738445Z  INFO get_files:scan_sources: tailwindcss_oxide::scanner: Discovering "C:\\Users\\stan\\Documents\\Code\\Web\\Astro\\static_portfolio\\src\\components\\story"
2025-12-26T15:51:48.738809Z  INFO get_files:scan_sources: tailwindcss_oxide::scanner: Discovering "C:\\Users\\stan\\Documents\\Code\\Web\\Astro\\static_portfolio\\src\\components\\story\\client"
2025-12-26T15:51:48.740375Z  INFO get_files:scan_sources: tailwindcss_oxide::scanner: Discovering "C:\\Users\\stan\\Documents\\Code\\Web\\Astro\\static_portfolio\\src\\components\\story\\util"
2025-12-26T15:51:48.741126Z  INFO get_files:scan_sources: tailwindcss_oxide::scanner: Discovering "C:\\Users\\stan\\Documents\\Code\\Web\\Astro\\static_portfolio\\src\\components\\story\\util\\types"
2025-12-26T15:51:48.741691Z  INFO get_files:scan_sources: tailwindcss_oxide::scanner: Discovering "C:\\Users\\stan\\Documents\\Code\\Web\\Astro\\static_portfolio\\src\\components\\ui"
2025-12-26T15:51:48.745351Z  INFO get_files:scan_sources: tailwindcss_oxide::scanner: Discovering "C:\\Users\\stan\\Documents\\Code\\Web\\Astro\\static_portfolio\\src\\content"
2025-12-26T15:51:48.745715Z  INFO get_files:scan_sources: tailwindcss_oxide::scanner: Discovering "C:\\Users\\stan\\Documents\\Code\\Web\\Astro\\static_portfolio\\src\\content\\captions"
2025-12-26T15:51:48.746284Z  INFO get_files:scan_sources: tailwindcss_oxide::scanner: Discovering "C:\\Users\\stan\\Documents\\Code\\Web\\Astro\\static_portfolio\\src\\content\\figures"
2025-12-26T15:51:48.746734Z  INFO get_files:scan_sources: tailwindcss_oxide::scanner: Discovering "C:\\Users\\stan\\Documents\\Code\\Web\\Astro\\static_portfolio\\src\\content\\projects"
2025-12-26T15:51:48.748769Z  INFO get_files:scan_sources: tailwindcss_oxide::scanner: Discovering "C:\\Users\\stan\\Documents\\Code\\Web\\Astro\\static_portfolio\\src\\content\\staticData"
2025-12-26T15:51:48.749359Z  INFO get_files:scan_sources: tailwindcss_oxide::scanner: Discovering "C:\\Users\\stan\\Documents\\Code\\Web\\Astro\\static_portfolio\\src\\hooks"
2025-12-26T15:51:48.752511Z  INFO get_files:scan_sources: tailwindcss_oxide::scanner: Discovering "C:\\Users\\stan\\Documents\\Code\\Web\\Astro\\static_portfolio\\src\\icons"
2025-12-26T15:51:48.756964Z  INFO get_files:scan_sources: tailwindcss_oxide::scanner: Discovering "C:\\Users\\stan\\Documents\\Code\\Web\\Astro\\static_portfolio\\src\\layouts"
2025-12-26T15:51:48.757680Z  INFO get_files:scan_sources: tailwindcss_oxide::scanner: Discovering "C:\\Users\\stan\\Documents\\Code\\Web\\Astro\\static_portfolio\\src\\lib"
2025-12-26T15:51:48.758404Z  INFO get_files:scan_sources: tailwindcss_oxide::scanner: Discovering "C:\\Users\\stan\\Documents\\Code\\Web\\Astro\\static_portfolio\\src\\pages"
2025-12-26T15:51:48.758827Z  INFO get_files:scan_sources: tailwindcss_oxide::scanner: Discovering "C:\\Users\\stan\\Documents\\Code\\Web\\Astro\\static_portfolio\\src\\pages\\blog"
2025-12-26T15:51:48.759270Z  INFO get_files:scan_sources: tailwindcss_oxide::scanner: Discovering "C:\\Users\\stan\\Documents\\Code\\Web\\Astro\\static_portfolio\\src\\pages\\blog\\posts"
2025-12-26T15:51:48.759911Z  INFO get_files:scan_sources: tailwindcss_oxide::scanner: Discovering "C:\\Users\\stan\\Documents\\Code\\Web\\Astro\\static_portfolio\\src\\pages\\blog\\tags"
2025-12-26T15:51:48.760418Z  INFO get_files:scan_sources: tailwindcss_oxide::scanner: Discovering "C:\\Users\\stan\\Documents\\Code\\Web\\Astro\\static_portfolio\\src\\pages\\blog\\techs"
2025-12-26T15:51:48.761039Z  INFO get_files:scan_sources: tailwindcss_oxide::scanner: Discovering "C:\\Users\\stan\\Documents\\Code\\Web\\Astro\\static_portfolio\\src\\pages\\portfolio"
2025-12-26T15:51:48.761402Z  INFO get_files:scan_sources: tailwindcss_oxide::scanner: Discovering "C:\\Users\\stan\\Documents\\Code\\Web\\Astro\\static_portfolio\\src\\pages\\portfolio\\projects"
2025-12-26T15:51:48.762139Z  INFO get_files:scan_sources: tailwindcss_oxide::scanner: Discovering "C:\\Users\\stan\\Documents\\Code\\Web\\Astro\\static_portfolio\\src\\pages\\story"
2025-12-26T15:51:48.762488Z  INFO get_files:scan_sources: tailwindcss_oxide::scanner: Discovering "C:\\Users\\stan\\Documents\\Code\\Web\\Astro\\static_portfolio\\src\\pages\\story\\sections"
2025-12-26T15:51:48.763057Z  INFO get_files:scan_sources: tailwindcss_oxide::scanner: Discovering "C:\\Users\\stan\\Documents\\Code\\Web\\Astro\\static_portfolio\\src\\pages\\story\\sidebar"
2025-12-26T15:51:48.763701Z  INFO get_files:scan_sources: tailwindcss_oxide::scanner: Discovering "C:\\Users\\stan\\Documents\\Code\\Web\\Astro\\static_portfolio\\src\\scripts"
2025-12-26T15:51:48.764139Z  INFO get_files:scan_sources: tailwindcss_oxide::scanner: Discovering "C:\\Users\\stan\\Documents\\Code\\Web\\Astro\\static_portfolio\\src\\styles"
2025-12-26T15:51:48.764778Z  INFO get_files:scan_sources: tailwindcss_oxide::scanner: Discovering "C:\\Users\\stan\\Documents\\Code\\Web\\Astro\\static_portfolio\\src\\styles\\starry-night"
2025-12-26T15:51:48.766363Z  INFO get_files:scan_sources: tailwindcss_oxide::scanner: Discovering "C:\\Users\\stan\\Documents\\Code\\Web\\Astro\\static_portfolio\\src\\types"
2025-12-26T15:51:48.766924Z  INFO get_files:scan_sources: tailwindcss_oxide::scanner: Discovering "C:\\Users\\stan\\Documents\\Code\\Web\\Astro\\static_portfolio\\src\\utils"
2025-12-26T15:51:48.767732Z  INFO get_files:scan_sources: tailwindcss_oxide::scanner: exit
2025-12-26T15:51:48.767987Z  INFO get_files: tailwindcss_oxide::scanner: exit
2025-12-26T15:51:48.916185Z  INFO get_globs: tailwindcss_oxide::scanner: enter
2025-12-26T15:51:48.916214Z  INFO get_globs:scan_sources: tailwindcss_oxide::scanner: enter
2025-12-26T15:51:48.919348Z  INFO get_globs:scan_sources: tailwindcss_oxide::scanner: Discovering "C:\\Users\\stan\\Documents\\Code\\Web\\Astro\\static_portfolio\\.github"
2025-12-26T15:51:48.919837Z  INFO get_globs:scan_sources: tailwindcss_oxide::scanner: Discovering "C:\\Users\\stan\\Documents\\Code\\Web\\Astro\\static_portfolio\\.github\\workflows"
2025-12-26T15:51:48.920916Z  INFO get_globs:scan_sources: tailwindcss_oxide::scanner: Discovering "C:\\Users\\stan\\Documents\\Code\\Web\\Astro\\static_portfolio\\dev"
2025-12-26T15:51:48.921264Z  INFO get_globs:scan_sources: tailwindcss_oxide::scanner: Discovering "C:\\Users\\stan\\Documents\\Code\\Web\\Astro\\static_portfolio\\dev\\components"
2025-12-26T15:51:48.921825Z  INFO get_globs:scan_sources: tailwindcss_oxide::scanner: Discovering "C:\\Users\\stan\\Documents\\Code\\Web\\Astro\\static_portfolio\\dev\\lorem_ipsum"
2025-12-26T15:51:48.924091Z  INFO get_globs:scan_sources: tailwindcss_oxide::scanner: Discovering "C:\\Users\\stan\\Documents\\Code\\Web\\Astro\\static_portfolio\\plugins"
2025-12-26T15:51:48.924708Z  INFO get_globs:scan_sources: tailwindcss_oxide::scanner: Discovering "C:\\Users\\stan\\Documents\\Code\\Web\\Astro\\static_portfolio\\public"
2025-12-26T15:51:48.925086Z  INFO get_globs:scan_sources: tailwindcss_oxide::scanner: Discovering "C:\\Users\\stan\\Documents\\Code\\Web\\Astro\\static_portfolio\\public\\images"
2025-12-26T15:51:48.925463Z  INFO get_globs:scan_sources: tailwindcss_oxide::scanner: Discovering "C:\\Users\\stan\\Documents\\Code\\Web\\Astro\\static_portfolio\\public\\images\\posts"
2025-12-26T15:51:48.925849Z  INFO get_globs:scan_sources: tailwindcss_oxide::scanner: Discovering "C:\\Users\\stan\\Documents\\Code\\Web\\Astro\\static_portfolio\\public\\images\\projects"
2025-12-26T15:51:48.926225Z  INFO get_globs:scan_sources: tailwindcss_oxide::scanner: Discovering "C:\\Users\\stan\\Documents\\Code\\Web\\Astro\\static_portfolio\\public\\images\\story"
2025-12-26T15:51:48.926559Z  INFO get_globs:scan_sources: tailwindcss_oxide::scanner: Discovering "C:\\Users\\stan\\Documents\\Code\\Web\\Astro\\static_portfolio\\public\\images\\story\\backdrop"
2025-12-26T15:51:48.928313Z  INFO get_globs:scan_sources: tailwindcss_oxide::scanner: Discovering "C:\\Users\\stan\\Documents\\Code\\Web\\Astro\\static_portfolio\\public\\images\\story\\inline"
2025-12-26T15:51:48.928769Z  INFO get_globs:scan_sources: tailwindcss_oxide::scanner: Discovering "C:\\Users\\stan\\Documents\\Code\\Web\\Astro\\static_portfolio\\public\\images\\story\\sidebar"
2025-12-26T15:51:48.929391Z  INFO get_globs:scan_sources: tailwindcss_oxide::scanner: Discovering "C:\\Users\\stan\\Documents\\Code\\Web\\Astro\\static_portfolio\\public\\styles"
2025-12-26T15:51:48.929730Z  INFO get_globs:scan_sources: tailwindcss_oxide::scanner: Discovering "C:\\Users\\stan\\Documents\\Code\\Web\\Astro\\static_portfolio\\public\\styles\\starry-night"
2025-12-26T15:51:48.931213Z  INFO get_globs:scan_sources: tailwindcss_oxide::scanner: Discovering "C:\\Users\\stan\\Documents\\Code\\Web\\Astro\\static_portfolio\\src"
2025-12-26T15:51:48.931556Z  INFO get_globs:scan_sources: tailwindcss_oxide::scanner: Discovering "C:\\Users\\stan\\Documents\\Code\\Web\\Astro\\static_portfolio\\src\\components"
2025-12-26T15:51:48.931926Z  INFO get_globs:scan_sources: tailwindcss_oxide::scanner: Discovering "C:\\Users\\stan\\Documents\\Code\\Web\\Astro\\static_portfolio\\src\\components\\blog"
2025-12-26T15:51:48.932699Z  INFO get_globs:scan_sources: tailwindcss_oxide::scanner: Discovering "C:\\Users\\stan\\Documents\\Code\\Web\\Astro\\static_portfolio\\src\\components\\layout"
2025-12-26T15:51:48.933432Z  INFO get_globs:scan_sources: tailwindcss_oxide::scanner: Discovering "C:\\Users\\stan\\Documents\\Code\\Web\\Astro\\static_portfolio\\src\\components\\portfolio"
2025-12-26T15:51:48.934345Z  INFO get_globs:scan_sources: tailwindcss_oxide::scanner: Discovering "C:\\Users\\stan\\Documents\\Code\\Web\\Astro\\static_portfolio\\src\\components\\projects"
2025-12-26T15:51:48.934925Z  INFO get_globs:scan_sources: tailwindcss_oxide::scanner: Discovering "C:\\Users\\stan\\Documents\\Code\\Web\\Astro\\static_portfolio\\src\\components\\projects\\details"
2025-12-26T15:51:48.935723Z  INFO get_globs:scan_sources: tailwindcss_oxide::scanner: Discovering "C:\\Users\\stan\\Documents\\Code\\Web\\Astro\\static_portfolio\\src\\components\\projects\\details\\interp"
2025-12-26T15:51:48.936908Z  INFO get_globs:scan_sources: tailwindcss_oxide::scanner: Discovering "C:\\Users\\stan\\Documents\\Code\\Web\\Astro\\static_portfolio\\src\\components\\projects\\filtering"
2025-12-26T15:51:48.937271Z  INFO get_globs:scan_sources: tailwindcss_oxide::scanner: Discovering "C:\\Users\\stan\\Documents\\Code\\Web\\Astro\\static_portfolio\\src\\components\\projects\\filtering\\common"
2025-12-26T15:51:48.937884Z  INFO get_globs:scan_sources: tailwindcss_oxide::scanner: Discovering "C:\\Users\\stan\\Documents\\Code\\Web\\Astro\\static_portfolio\\src\\components\\projects\\filtering\\common\\stores"
2025-12-26T15:51:48.939366Z  INFO get_globs:scan_sources: tailwindcss_oxide::scanner: Discovering "C:\\Users\\stan\\Documents\\Code\\Web\\Astro\\static_portfolio\\src\\components\\projects\\filtering\\sections"
2025-12-26T15:51:48.940192Z  INFO get_globs:scan_sources: tailwindcss_oxide::scanner: Discovering "C:\\Users\\stan\\Documents\\Code\\Web\\Astro\\static_portfolio\\src\\components\\projects\\grid"
2025-12-26T15:51:48.940529Z  INFO get_globs:scan_sources: tailwindcss_oxide::scanner: Discovering "C:\\Users\\stan\\Documents\\Code\\Web\\Astro\\static_portfolio\\src\\components\\projects\\grid\\items"
2025-12-26T15:51:48.940867Z  INFO get_globs:scan_sources: tailwindcss_oxide::scanner: Discovering "C:\\Users\\stan\\Documents\\Code\\Web\\Astro\\static_portfolio\\src\\components\\projects\\grid\\items\\badges"
2025-12-26T15:51:48.941446Z  INFO get_globs:scan_sources: tailwindcss_oxide::scanner: Discovering "C:\\Users\\stan\\Documents\\Code\\Web\\Astro\\static_portfolio\\src\\components\\projects\\grid\\items\\expansion"
2025-12-26T15:51:48.942143Z  INFO get_globs:scan_sources: tailwindcss_oxide::scanner: Discovering "C:\\Users\\stan\\Documents\\Code\\Web\\Astro\\static_portfolio\\src\\components\\projects\\grid\\items\\sharing"
2025-12-26T15:51:48.942961Z  INFO get_globs:scan_sources: tailwindcss_oxide::scanner: Discovering "C:\\Users\\stan\\Documents\\Code\\Web\\Astro\\static_portfolio\\src\\components\\projects\\overlay"
2025-12-26T15:51:48.944853Z  INFO get_globs:scan_sources: tailwindcss_oxide::scanner: Discovering "C:\\Users\\stan\\Documents\\Code\\Web\\Astro\\static_portfolio\\src\\components\\projects\\util"
2025-12-26T15:51:48.945415Z  INFO get_globs:scan_sources: tailwindcss_oxide::scanner: Discovering "C:\\Users\\stan\\Documents\\Code\\Web\\Astro\\static_portfolio\\src\\components\\story"
2025-12-26T15:51:48.945760Z  INFO get_globs:scan_sources: tailwindcss_oxide::scanner: Discovering "C:\\Users\\stan\\Documents\\Code\\Web\\Astro\\static_portfolio\\src\\components\\story\\client"
2025-12-26T15:51:48.947264Z  INFO get_globs:scan_sources: tailwindcss_oxide::scanner: Discovering "C:\\Users\\stan\\Documents\\Code\\Web\\Astro\\static_portfolio\\src\\components\\story\\util"
2025-12-26T15:51:48.947956Z  INFO get_globs:scan_sources: tailwindcss_oxide::scanner: Discovering "C:\\Users\\stan\\Documents\\Code\\Web\\Astro\\static_portfolio\\src\\components\\story\\util\\types"
2025-12-26T15:51:48.948464Z  INFO get_globs:scan_sources: tailwindcss_oxide::scanner: Discovering "C:\\Users\\stan\\Documents\\Code\\Web\\Astro\\static_portfolio\\src\\components\\ui"
2025-12-26T15:51:48.951776Z  INFO get_globs:scan_sources: tailwindcss_oxide::scanner: Discovering "C:\\Users\\stan\\Documents\\Code\\Web\\Astro\\static_portfolio\\src\\content"
2025-12-26T15:51:48.952191Z  INFO get_globs:scan_sources: tailwindcss_oxide::scanner: Discovering "C:\\Users\\stan\\Documents\\Code\\Web\\Astro\\static_portfolio\\src\\content\\captions"
2025-12-26T15:51:48.952748Z  INFO get_globs:scan_sources: tailwindcss_oxide::scanner: Discovering "C:\\Users\\stan\\Documents\\Code\\Web\\Astro\\static_portfolio\\src\\content\\figures"
2025-12-26T15:51:48.953186Z  INFO get_globs:scan_sources: tailwindcss_oxide::scanner: Discovering "C:\\Users\\stan\\Documents\\Code\\Web\\Astro\\static_portfolio\\src\\content\\projects"
2025-12-26T15:51:48.955233Z  INFO get_globs:scan_sources: tailwindcss_oxide::scanner: Discovering "C:\\Users\\stan\\Documents\\Code\\Web\\Astro\\static_portfolio\\src\\content\\staticData"
2025-12-26T15:51:48.955785Z  INFO get_globs:scan_sources: tailwindcss_oxide::scanner: Discovering "C:\\Users\\stan\\Documents\\Code\\Web\\Astro\\static_portfolio\\src\\hooks"
2025-12-26T15:51:48.958918Z  INFO get_globs:scan_sources: tailwindcss_oxide::scanner: Discovering "C:\\Users\\stan\\Documents\\Code\\Web\\Astro\\static_portfolio\\src\\icons"
2025-12-26T15:51:48.963487Z  INFO get_globs:scan_sources: tailwindcss_oxide::scanner: Discovering "C:\\Users\\stan\\Documents\\Code\\Web\\Astro\\static_portfolio\\src\\layouts"
2025-12-26T15:51:48.964119Z  INFO get_globs:scan_sources: tailwindcss_oxide::scanner: Discovering "C:\\Users\\stan\\Documents\\Code\\Web\\Astro\\static_portfolio\\src\\lib"
2025-12-26T15:51:48.964683Z  INFO get_globs:scan_sources: tailwindcss_oxide::scanner: Discovering "C:\\Users\\stan\\Documents\\Code\\Web\\Astro\\static_portfolio\\src\\pages"
2025-12-26T15:51:48.965082Z  INFO get_globs:scan_sources: tailwindcss_oxide::scanner: Discovering "C:\\Users\\stan\\Documents\\Code\\Web\\Astro\\static_portfolio\\src\\pages\\blog"
2025-12-26T15:51:48.965474Z  INFO get_globs:scan_sources: tailwindcss_oxide::scanner: Discovering "C:\\Users\\stan\\Documents\\Code\\Web\\Astro\\static_portfolio\\src\\pages\\blog\\posts"
2025-12-26T15:51:48.966099Z  INFO get_globs:scan_sources: tailwindcss_oxide::scanner: Discovering "C:\\Users\\stan\\Documents\\Code\\Web\\Astro\\static_portfolio\\src\\pages\\blog\\tags"
2025-12-26T15:51:48.966580Z  INFO get_globs:scan_sources: tailwindcss_oxide::scanner: Discovering "C:\\Users\\stan\\Documents\\Code\\Web\\Astro\\static_portfolio\\src\\pages\\blog\\techs"
2025-12-26T15:51:48.967148Z  INFO get_globs:scan_sources: tailwindcss_oxide::scanner: Discovering "C:\\Users\\stan\\Documents\\Code\\Web\\Astro\\static_portfolio\\src\\pages\\portfolio"
2025-12-26T15:51:48.967474Z  INFO get_globs:scan_sources: tailwindcss_oxide::scanner: Discovering "C:\\Users\\stan\\Documents\\Code\\Web\\Astro\\static_portfolio\\src\\pages\\portfolio\\projects"
2025-12-26T15:51:48.968179Z  INFO get_globs:scan_sources: tailwindcss_oxide::scanner: Discovering "C:\\Users\\stan\\Documents\\Code\\Web\\Astro\\static_portfolio\\src\\pages\\story"
2025-12-26T15:51:48.968524Z  INFO get_globs:scan_sources: tailwindcss_oxide::scanner: Discovering "C:\\Users\\stan\\Documents\\Code\\Web\\Astro\\static_portfolio\\src\\pages\\story\\sections"
2025-12-26T15:51:48.969131Z  INFO get_globs:scan_sources: tailwindcss_oxide::scanner: Discovering "C:\\Users\\stan\\Documents\\Code\\Web\\Astro\\static_portfolio\\src\\pages\\story\\sidebar"
2025-12-26T15:51:48.969736Z  INFO get_globs:scan_sources: tailwindcss_oxide::scanner: Discovering "C:\\Users\\stan\\Documents\\Code\\Web\\Astro\\static_portfolio\\src\\scripts"
2025-12-26T15:51:48.970188Z  INFO get_globs:scan_sources: tailwindcss_oxide::scanner: Discovering "C:\\Users\\stan\\Documents\\Code\\Web\\Astro\\static_portfolio\\src\\styles"
2025-12-26T15:51:48.970806Z  INFO get_globs:scan_sources: tailwindcss_oxide::scanner: Discovering "C:\\Users\\stan\\Documents\\Code\\Web\\Astro\\static_portfolio\\src\\styles\\starry-night"
2025-12-26T15:51:48.972296Z  INFO get_globs:scan_sources: tailwindcss_oxide::scanner: Discovering "C:\\Users\\stan\\Documents\\Code\\Web\\Astro\\static_portfolio\\src\\types"
2025-12-26T15:51:48.972830Z  INFO get_globs:scan_sources: tailwindcss_oxide::scanner: Discovering "C:\\Users\\stan\\Documents\\Code\\Web\\Astro\\static_portfolio\\src\\utils"
2025-12-26T15:51:48.973619Z  INFO get_globs:scan_sources: tailwindcss_oxide::scanner: exit
2025-12-26T15:51:49.029745Z  INFO get_globs: tailwindcss_oxide::scanner: exit
2025-12-26T15:51:49.282557Z  INFO tailwindcss_oxide::scanner: Provided sources:
2025-12-26T15:51:49.282588Z  INFO tailwindcss_oxide::scanner: Source: PublicSourceEntry { base: "C:/Users/stan/Documents/Code/Web/Astro/static_portfolio", pattern: "**/*", negated: false }
2025-12-26T15:51:49.282775Z  INFO tailwindcss_oxide::scanner: Optimized sources:
2025-12-26T15:51:49.282788Z  INFO tailwindcss_oxide::scanner: Source: Auto { base: "C:\\Users\\stan\\Documents\\Code\\Web\\Astro\\static_portfolio" }
2025-12-26T15:51:49.299388Z  INFO tailwindcss_oxide::scanner: Provided sources:
2025-12-26T15:51:49.299421Z  INFO tailwindcss_oxide::scanner: Source: PublicSourceEntry { base: "C:/Users/stan/Documents/Code/Web/Astro/static_portfolio", pattern: "**/*", negated: false }
2025-12-26T15:51:49.299693Z  INFO tailwindcss_oxide::scanner: Optimized sources:
2025-12-26T15:51:49.299710Z  INFO tailwindcss_oxide::scanner: Source: Auto { base: "C:\\Users\\stan\\Documents\\Code\\Web\\Astro\\static_portfolio" }
2025-12-26T15:51:49.324036Z  INFO tailwindcss_oxide::scanner: Provided sources:
2025-12-26T15:51:49.324065Z  INFO tailwindcss_oxide::scanner: Source: PublicSourceEntry { base: "C:/Users/stan/Documents/Code/Web/Astro/static_portfolio", pattern: "**/*", negated: false }
2025-12-26T15:51:49.324293Z  INFO tailwindcss_oxide::scanner: Optimized sources:
2025-12-26T15:51:49.324306Z  INFO tailwindcss_oxide::scanner: Source: Auto { base: "C:\\Users\\stan\\Documents\\Code\\Web\\Astro\\static_portfolio" }
2025-12-26T15:51:49.347341Z  INFO tailwindcss_oxide::scanner: Provided sources:
2025-12-26T15:51:49.347371Z  INFO tailwindcss_oxide::scanner: Source: PublicSourceEntry { base: "C:/Users/stan/Documents/Code/Web/Astro/static_portfolio", pattern: "**/*", negated: false }
2025-12-26T15:51:49.347613Z  INFO tailwindcss_oxide::scanner: Optimized sources:
2025-12-26T15:51:49.347631Z  INFO tailwindcss_oxide::scanner: Source: Auto { base: "C:\\Users\\stan\\Documents\\Code\\Web\\Astro\\static_portfolio" }
2025-12-26T15:51:51.031822Z  INFO tailwindcss_oxide::scanner: Provided sources:
2025-12-26T15:51:51.031858Z  INFO tailwindcss_oxide::scanner: Source: PublicSourceEntry { base: "C:/Users/stan/Documents/Code/Web/Astro/static_portfolio", pattern: "**/*", negated: false }
2025-12-26T15:51:51.032169Z  INFO tailwindcss_oxide::scanner: Optimized sources:
2025-12-26T15:51:51.032199Z  INFO tailwindcss_oxide::scanner: Source: Auto { base: "C:\\Users\\stan\\Documents\\Code\\Web\\Astro\\static_portfolio" }
2025-12-26T15:51:51.135983Z  INFO tailwindcss_oxide::scanner: Provided sources:
2025-12-26T15:51:51.136030Z  INFO tailwindcss_oxide::scanner: Source: PublicSourceEntry { base: "C:/Users/stan/Documents/Code/Web/Astro/static_portfolio", pattern: "**/*", negated: false }
2025-12-26T15:51:51.136657Z  INFO tailwindcss_oxide::scanner: Optimized sources:
2025-12-26T15:51:51.136708Z  INFO tailwindcss_oxide::scanner: Source: Auto { base: "C:\\Users\\stan\\Documents\\Code\\Web\\Astro\\static_portfolio" }
2025-12-26T15:51:51.187042Z  INFO tailwindcss_oxide::scanner: Provided sources:
2025-12-26T15:51:51.187074Z  INFO tailwindcss_oxide::scanner: Source: PublicSourceEntry { base: "C:/Users/stan/Documents/Code/Web/Astro/static_portfolio", pattern: "**/*", negated: false }
2025-12-26T15:51:51.187363Z  INFO tailwindcss_oxide::scanner: Optimized sources:
2025-12-26T15:51:51.187385Z  INFO tailwindcss_oxide::scanner: Source: Auto { base: "C:\\Users\\stan\\Documents\\Code\\Web\\Astro\\static_portfolio" }
2025-12-26T15:51:51.235727Z  INFO tailwindcss_oxide::scanner: Provided sources:
2025-12-26T15:51:51.235776Z  INFO tailwindcss_oxide::scanner: Source: PublicSourceEntry { base: "C:/Users/stan/Documents/Code/Web/Astro/static_portfolio", pattern: "**/*", negated: false }
2025-12-26T15:51:51.236137Z  INFO tailwindcss_oxide::scanner: Optimized sources:
2025-12-26T15:51:51.236152Z  INFO tailwindcss_oxide::scanner: Source: Auto { base: "C:\\Users\\stan\\Documents\\Code\\Web\\Astro\\static_portfolio" }
2025-12-26T15:51:51.236345Z  INFO scan_sources: tailwindcss_oxide::scanner: enter
2025-12-26T15:51:51.239339Z  INFO scan_sources: tailwindcss_oxide::scanner: Discovering "C:\\Users\\stan\\Documents\\Code\\Web\\Astro\\static_portfolio\\.codetogether.ignore"
2025-12-26T15:51:51.239818Z  INFO scan_sources: tailwindcss_oxide::scanner: Discovering "C:\\Users\\stan\\Documents\\Code\\Web\\Astro\\static_portfolio\\.gitattributes"
2025-12-26T15:51:51.239957Z  INFO scan_sources: tailwindcss_oxide::scanner: Discovering "C:\\Users\\stan\\Documents\\Code\\Web\\Astro\\static_portfolio\\.gitconfig"
2025-12-26T15:51:51.240198Z  INFO scan_sources: tailwindcss_oxide::scanner: Discovering "C:\\Users\\stan\\Documents\\Code\\Web\\Astro\\static_portfolio\\.github"
2025-12-26T15:51:51.240511Z  INFO scan_sources: tailwindcss_oxide::scanner: Discovering "C:\\Users\\stan\\Documents\\Code\\Web\\Astro\\static_portfolio\\.github\\FUNDING.yml"
2025-12-26T15:51:51.240676Z  INFO scan_sources: tailwindcss_oxide::scanner: Discovering "C:\\Users\\stan\\Documents\\Code\\Web\\Astro\\static_portfolio\\.github\\pull_request_template.md"
2025-12-26T15:51:51.240918Z  INFO scan_sources: tailwindcss_oxide::scanner: Discovering "C:\\Users\\stan\\Documents\\Code\\Web\\Astro\\static_portfolio\\.github\\workflows"
2025-12-26T15:51:51.241220Z  INFO scan_sources: tailwindcss_oxide::scanner: Discovering "C:\\Users\\stan\\Documents\\Code\\Web\\Astro\\static_portfolio\\.github\\workflows\\astro.yml"
2025-12-26T15:51:51.241479Z  INFO scan_sources: tailwindcss_oxide::scanner: Discovering "C:\\Users\\stan\\Documents\\Code\\Web\\Astro\\static_portfolio\\.hintrc"
2025-12-26T15:51:51.241623Z  INFO scan_sources: tailwindcss_oxide::scanner: Discovering "C:\\Users\\stan\\Documents\\Code\\Web\\Astro\\static_portfolio\\.postcssrc.json"
2025-12-26T15:51:51.241759Z  INFO scan_sources: tailwindcss_oxide::scanner: Discovering "C:\\Users\\stan\\Documents\\Code\\Web\\Astro\\static_portfolio\\.prettierrc"
2025-12-26T15:51:51.241936Z  INFO scan_sources: tailwindcss_oxide::scanner: Discovering "C:\\Users\\stan\\Documents\\Code\\Web\\Astro\\static_portfolio\\.remarkrc.js"
2025-12-26T15:51:51.242366Z  INFO scan_sources: tailwindcss_oxide::scanner: Discovering "C:\\Users\\stan\\Documents\\Code\\Web\\Astro\\static_portfolio\\astro.config.mjs"
2025-12-26T15:51:51.242509Z  INFO scan_sources: tailwindcss_oxide::scanner: Discovering "C:\\Users\\stan\\Documents\\Code\\Web\\Astro\\static_portfolio\\components.json"
2025-12-26T15:51:51.242755Z  INFO scan_sources: tailwindcss_oxide::scanner: Discovering "C:\\Users\\stan\\Documents\\Code\\Web\\Astro\\static_portfolio\\dev"
2025-12-26T15:51:51.243148Z  INFO scan_sources: tailwindcss_oxide::scanner: Discovering "C:\\Users\\stan\\Documents\\Code\\Web\\Astro\\static_portfolio\\dev\\components"
2025-12-26T15:51:51.243472Z  INFO scan_sources: tailwindcss_oxide::scanner: Discovering "C:\\Users\\stan\\Documents\\Code\\Web\\Astro\\static_portfolio\\dev\\components\\Lorem.astro"
2025-12-26T15:51:51.243611Z  INFO scan_sources: tailwindcss_oxide::scanner: Discovering "C:\\Users\\stan\\Documents\\Code\\Web\\Astro\\static_portfolio\\dev\\components\\ScriptElem.tsx"
2025-12-26T15:51:51.243799Z  INFO scan_sources: tailwindcss_oxide::scanner: Discovering "C:\\Users\\stan\\Documents\\Code\\Web\\Astro\\static_portfolio\\dev\\event-progress.md"
2025-12-26T15:51:51.244037Z  INFO scan_sources: tailwindcss_oxide::scanner: Discovering "C:\\Users\\stan\\Documents\\Code\\Web\\Astro\\static_portfolio\\dev\\lorem_ipsum"
2025-12-26T15:51:51.244353Z  INFO scan_sources: tailwindcss_oxide::scanner: Discovering "C:\\Users\\stan\\Documents\\Code\\Web\\Astro\\static_portfolio\\dev\\lorem_ipsum\\bacon.txt"
2025-12-26T15:51:51.244488Z  INFO scan_sources: tailwindcss_oxide::scanner: Discovering "C:\\Users\\stan\\Documents\\Code\\Web\\Astro\\static_portfolio\\dev\\lorem_ipsum\\bro.txt"
2025-12-26T15:51:51.244623Z  INFO scan_sources: tailwindcss_oxide::scanner: Discovering "C:\\Users\\stan\\Documents\\Code\\Web\\Astro\\static_portfolio\\dev\\lorem_ipsum\\cat_breeds.txt"
2025-12-26T15:51:51.244753Z  INFO scan_sources: tailwindcss_oxide::scanner: Discovering "C:\\Users\\stan\\Documents\\Code\\Web\\Astro\\static_portfolio\\dev\\lorem_ipsum\\cat_latin.txt"
2025-12-26T15:51:51.244883Z  INFO scan_sources: tailwindcss_oxide::scanner: Discovering "C:\\Users\\stan\\Documents\\Code\\Web\\Astro\\static_portfolio\\dev\\lorem_ipsum\\cat_standard.txt"
2025-12-26T15:51:51.245013Z  INFO scan_sources: tailwindcss_oxide::scanner: Discovering "C:\\Users\\stan\\Documents\\Code\\Web\\Astro\\static_portfolio\\dev\\lorem_ipsum\\cheese_long.txt"
2025-12-26T15:51:51.245145Z  INFO scan_sources: tailwindcss_oxide::scanner: Discovering "C:\\Users\\stan\\Documents\\Code\\Web\\Astro\\static_portfolio\\dev\\lorem_ipsum\\cheese_med.txt"
2025-12-26T15:51:51.245275Z  INFO scan_sources: tailwindcss_oxide::scanner: Discovering "C:\\Users\\stan\\Documents\\Code\\Web\\Astro\\static_portfolio\\dev\\lorem_ipsum\\cheese_short.txt"
2025-12-26T15:51:51.245427Z  INFO scan_sources: tailwindcss_oxide::scanner: Discovering "C:\\Users\\stan\\Documents\\Code\\Web\\Astro\\static_portfolio\\dev\\lorem_ipsum\\cupcake.txt"
2025-12-26T15:51:51.245602Z  INFO scan_sources: tailwindcss_oxide::scanner: Discovering "C:\\Users\\stan\\Documents\\Code\\Web\\Astro\\static_portfolio\\dev\\lorem_ipsum\\farm.txt"
2025-12-26T15:51:51.245808Z  INFO scan_sources: tailwindcss_oxide::scanner: Discovering "C:\\Users\\stan\\Documents\\Code\\Web\\Astro\\static_portfolio\\dev\\lorem_ipsum\\hipster.txt"
2025-12-26T15:51:51.245959Z  INFO scan_sources: tailwindcss_oxide::scanner: Discovering "C:\\Users\\stan\\Documents\\Code\\Web\\Astro\\static_portfolio\\dev\\lorem_ipsum\\journo.txt"
2025-12-26T15:51:51.246097Z  INFO scan_sources: tailwindcss_oxide::scanner: Discovering "C:\\Users\\stan\\Documents\\Code\\Web\\Astro\\static_portfolio\\dev\\lorem_ipsum\\obama.txt"
2025-12-26T15:51:51.246272Z  INFO scan_sources: tailwindcss_oxide::scanner: Discovering "C:\\Users\\stan\\Documents\\Code\\Web\\Astro\\static_portfolio\\dev\\lorem_ipsum\\office_client.txt"
2025-12-26T15:51:51.246411Z  INFO scan_sources: tailwindcss_oxide::scanner: Discovering "C:\\Users\\stan\\Documents\\Code\\Web\\Astro\\static_portfolio\\dev\\lorem_ipsum\\office_office.txt"
2025-12-26T15:51:51.246578Z  INFO scan_sources: tailwindcss_oxide::scanner: Discovering "C:\\Users\\stan\\Documents\\Code\\Web\\Astro\\static_portfolio\\dev\\lorem_ipsum\\pirate.txt"
2025-12-26T15:51:51.246869Z  INFO scan_sources: tailwindcss_oxide::scanner: Discovering "C:\\Users\\stan\\Documents\\Code\\Web\\Astro\\static_portfolio\\dev\\lorem_ipsum\\space.txt"
2025-12-26T15:51:51.247028Z  INFO scan_sources: tailwindcss_oxide::scanner: Discovering "C:\\Users\\stan\\Documents\\Code\\Web\\Astro\\static_portfolio\\dev\\lorem_ipsum\\tuna.txt"
2025-12-26T15:51:51.247168Z  INFO scan_sources: tailwindcss_oxide::scanner: Discovering "C:\\Users\\stan\\Documents\\Code\\Web\\Astro\\static_portfolio\\dev\\lorem_ipsum\\webtwo.txt"
2025-12-26T15:51:51.248422Z  INFO scan_sources: tailwindcss_oxide::scanner: Discovering "C:\\Users\\stan\\Documents\\Code\\Web\\Astro\\static_portfolio\\eslint.config.js"
2025-12-26T15:51:51.248611Z  INFO scan_sources: tailwindcss_oxide::scanner: Discovering "C:\\Users\\stan\\Documents\\Code\\Web\\Astro\\static_portfolio\\flow.d2"
2025-12-26T15:51:51.248765Z  INFO scan_sources: tailwindcss_oxide::scanner: Discovering "C:\\Users\\stan\\Documents\\Code\\Web\\Astro\\static_portfolio\\LICENSE"
2025-12-26T15:51:51.249344Z  INFO scan_sources: tailwindcss_oxide::scanner: Discovering "C:\\Users\\stan\\Documents\\Code\\Web\\Astro\\static_portfolio\\package.json"
2025-12-26T15:51:51.249594Z  INFO scan_sources: tailwindcss_oxide::scanner: Discovering "C:\\Users\\stan\\Documents\\Code\\Web\\Astro\\static_portfolio\\plugins"
2025-12-26T15:51:51.249926Z  INFO scan_sources: tailwindcss_oxide::scanner: Discovering "C:\\Users\\stan\\Documents\\Code\\Web\\Astro\\static_portfolio\\plugins\\rehypeHighlight.js"
2025-12-26T15:51:51.250110Z  INFO scan_sources: tailwindcss_oxide::scanner: Discovering "C:\\Users\\stan\\Documents\\Code\\Web\\Astro\\static_portfolio\\plugins\\rehypeStarryNightLines.js"
2025-12-26T15:51:51.250254Z  INFO scan_sources: tailwindcss_oxide::scanner: Discovering "C:\\Users\\stan\\Documents\\Code\\Web\\Astro\\static_portfolio\\plugins\\remarkHighlight.js"
2025-12-26T15:51:51.250389Z  INFO scan_sources: tailwindcss_oxide::scanner: Discovering "C:\\Users\\stan\\Documents\\Code\\Web\\Astro\\static_portfolio\\plugins\\tailwindStaticCopy.js"
2025-12-26T15:51:51.250689Z  INFO scan_sources: tailwindcss_oxide::scanner: Discovering "C:\\Users\\stan\\Documents\\Code\\Web\\Astro\\static_portfolio\\public"
2025-12-26T15:51:51.251163Z  INFO scan_sources: tailwindcss_oxide::scanner: Discovering "C:\\Users\\stan\\Documents\\Code\\Web\\Astro\\static_portfolio\\public\\images"
2025-12-26T15:51:51.251605Z  INFO scan_sources: tailwindcss_oxide::scanner: Discovering "C:\\Users\\stan\\Documents\\Code\\Web\\Astro\\static_portfolio\\public\\images\\posts"
2025-12-26T15:51:51.252062Z  INFO scan_sources: tailwindcss_oxide::scanner: Discovering "C:\\Users\\stan\\Documents\\Code\\Web\\Astro\\static_portfolio\\public\\images\\projects"
2025-12-26T15:51:51.252510Z  INFO scan_sources: tailwindcss_oxide::scanner: Discovering "C:\\Users\\stan\\Documents\\Code\\Web\\Astro\\static_portfolio\\public\\images\\story"
2025-12-26T15:51:51.252900Z  INFO scan_sources: tailwindcss_oxide::scanner: Discovering "C:\\Users\\stan\\Documents\\Code\\Web\\Astro\\static_portfolio\\public\\images\\story\\backdrop"
2025-12-26T15:51:51.253250Z  INFO scan_sources: tailwindcss_oxide::scanner: Discovering "C:\\Users\\stan\\Documents\\Code\\Web\\Astro\\static_portfolio\\public\\images\\story\\backdrop\\audio-lines.svg"
2025-12-26T15:51:51.253398Z  INFO scan_sources: tailwindcss_oxide::scanner: Discovering "C:\\Users\\stan\\Documents\\Code\\Web\\Astro\\static_portfolio\\public\\images\\story\\backdrop\\backpack.svg"
2025-12-26T15:51:51.253534Z  INFO scan_sources: tailwindcss_oxide::scanner: Discovering "C:\\Users\\stan\\Documents\\Code\\Web\\Astro\\static_portfolio\\public\\images\\story\\backdrop\\ballpen.svg"
2025-12-26T15:51:51.253669Z  INFO scan_sources: tailwindcss_oxide::scanner: Discovering "C:\\Users\\stan\\Documents\\Code\\Web\\Astro\\static_portfolio\\public\\images\\story\\backdrop\\binary-tree.svg"
2025-12-26T15:51:51.253804Z  INFO scan_sources: tailwindcss_oxide::scanner: Discovering "C:\\Users\\stan\\Documents\\Code\\Web\\Astro\\static_portfolio\\public\\images\\story\\backdrop\\blender-fill.svg"
2025-12-26T15:51:51.253949Z  INFO scan_sources: tailwindcss_oxide::scanner: Discovering "C:\\Users\\stan\\Documents\\Code\\Web\\Astro\\static_portfolio\\public\\images\\story\\backdrop\\bone.svg"
2025-12-26T15:51:51.254085Z  INFO scan_sources: tailwindcss_oxide::scanner: Discovering "C:\\Users\\stan\\Documents\\Code\\Web\\Astro\\static_portfolio\\public\\images\\story\\backdrop\\books.svg"
2025-12-26T15:51:51.254222Z  INFO scan_sources: tailwindcss_oxide::scanner: Discovering "C:\\Users\\stan\\Documents\\Code\\Web\\Astro\\static_portfolio\\public\\images\\story\\backdrop\\brand-python.svg"
2025-12-26T15:51:51.254355Z  INFO scan_sources: tailwindcss_oxide::scanner: Discovering "C:\\Users\\stan\\Documents\\Code\\Web\\Astro\\static_portfolio\\public\\images\\story\\backdrop\\circuit-bulb.svg"
2025-12-26T15:51:51.254490Z  INFO scan_sources: tailwindcss_oxide::scanner: Discovering "C:\\Users\\stan\\Documents\\Code\\Web\\Astro\\static_portfolio\\public\\images\\story\\backdrop\\circuit-capacitor.svg"
2025-12-26T15:51:51.254623Z  INFO scan_sources: tailwindcss_oxide::scanner: Discovering "C:\\Users\\stan\\Documents\\Code\\Web\\Astro\\static_portfolio\\public\\images\\story\\backdrop\\circuit-cell-plus.svg"
2025-12-26T15:51:51.254759Z  INFO scan_sources: tailwindcss_oxide::scanner: Discovering "C:\\Users\\stan\\Documents\\Code\\Web\\Astro\\static_portfolio\\public\\images\\story\\backdrop\\circuit-changeover.svg"
2025-12-26T15:51:51.254897Z  INFO scan_sources: tailwindcss_oxide::scanner: Discovering "C:\\Users\\stan\\Documents\\Code\\Web\\Astro\\static_portfolio\\public\\images\\story\\backdrop\\circuit-diode-zener.svg"
2025-12-26T15:51:51.255049Z  INFO scan_sources: tailwindcss_oxide::scanner: Discovering "C:\\Users\\stan\\Documents\\Code\\Web\\Astro\\static_portfolio\\public\\images\\story\\backdrop\\circuit-ground.svg"
2025-12-26T15:51:51.255200Z  INFO scan_sources: tailwindcss_oxide::scanner: Discovering "C:\\Users\\stan\\Documents\\Code\\Web\\Astro\\static_portfolio\\public\\images\\story\\backdrop\\circuit-inductor.svg"
2025-12-26T15:51:51.255335Z  INFO scan_sources: tailwindcss_oxide::scanner: Discovering "C:\\Users\\stan\\Documents\\Code\\Web\\Astro\\static_portfolio\\public\\images\\story\\backdrop\\circuit-resistor.svg"
2025-12-26T15:51:51.255473Z  INFO scan_sources: tailwindcss_oxide::scanner: Discovering "C:\\Users\\stan\\Documents\\Code\\Web\\Astro\\static_portfolio\\public\\images\\story\\backdrop\\git-branch.svg"
2025-12-26T15:51:51.255606Z  INFO scan_sources: tailwindcss_oxide::scanner: Discovering "C:\\Users\\stan\\Documents\\Code\\Web\\Astro\\static_portfolio\\public\\images\\story\\backdrop\\matrix.svg"
2025-12-26T15:51:51.255740Z  INFO scan_sources: tailwindcss_oxide::scanner: Discovering "C:\\Users\\stan\\Documents\\Code\\Web\\Astro\\static_portfolio\\public\\images\\story\\backdrop\\microchip.svg"
2025-12-26T15:51:51.255877Z  INFO scan_sources: tailwindcss_oxide::scanner: Discovering "C:\\Users\\stan\\Documents\\Code\\Web\\Astro\\static_portfolio\\public\\images\\story\\backdrop\\music-1.svg"
2025-12-26T15:51:51.256008Z  INFO scan_sources: tailwindcss_oxide::scanner: Discovering "C:\\Users\\stan\\Documents\\Code\\Web\\Astro\\static_portfolio\\public\\images\\story\\backdrop\\music.svg"
2025-12-26T15:51:51.256193Z  INFO scan_sources: tailwindcss_oxide::scanner: Discovering "C:\\Users\\stan\\Documents\\Code\\Web\\Astro\\static_portfolio\\public\\images\\story\\backdrop\\school.svg"
2025-12-26T15:51:51.256325Z  INFO scan_sources: tailwindcss_oxide::scanner: Discovering "C:\\Users\\stan\\Documents\\Code\\Web\\Astro\\static_portfolio\\public\\images\\story\\backdrop\\topology-star-ring-3.svg"
2025-12-26T15:51:51.256615Z  INFO scan_sources: tailwindcss_oxide::scanner: Discovering "C:\\Users\\stan\\Documents\\Code\\Web\\Astro\\static_portfolio\\public\\images\\story\\inline"
2025-12-26T15:51:51.257109Z  INFO scan_sources: tailwindcss_oxide::scanner: Discovering "C:\\Users\\stan\\Documents\\Code\\Web\\Astro\\static_portfolio\\public\\images\\story\\sidebar"
2025-12-26T15:51:51.257622Z  INFO scan_sources: tailwindcss_oxide::scanner: Discovering "C:\\Users\\stan\\Documents\\Code\\Web\\Astro\\static_portfolio\\public\\site.webmanifest"
2025-12-26T15:51:51.257857Z  INFO scan_sources: tailwindcss_oxide::scanner: Discovering "C:\\Users\\stan\\Documents\\Code\\Web\\Astro\\static_portfolio\\public\\styles"
2025-12-26T15:51:51.258242Z  INFO scan_sources: tailwindcss_oxide::scanner: Discovering "C:\\Users\\stan\\Documents\\Code\\Web\\Astro\\static_portfolio\\public\\styles\\starry-night"
2025-12-26T15:51:51.258562Z  INFO scan_sources: tailwindcss_oxide::scanner: Discovering "C:\\Users\\stan\\Documents\\Code\\Web\\Astro\\static_portfolio\\public\\styles\\starry-night\\both.css"
2025-12-26T15:51:51.258702Z  INFO scan_sources: tailwindcss_oxide::scanner: Discovering "C:\\Users\\stan\\Documents\\Code\\Web\\Astro\\static_portfolio\\public\\styles\\starry-night\\colorblind-dark.css"
2025-12-26T15:51:51.258840Z  INFO scan_sources: tailwindcss_oxide::scanner: Discovering "C:\\Users\\stan\\Documents\\Code\\Web\\Astro\\static_portfolio\\public\\styles\\starry-night\\colorblind-light.css"
2025-12-26T15:51:51.258974Z  INFO scan_sources: tailwindcss_oxide::scanner: Discovering "C:\\Users\\stan\\Documents\\Code\\Web\\Astro\\static_portfolio\\public\\styles\\starry-night\\colorblind.css"
2025-12-26T15:51:51.259121Z  INFO scan_sources: tailwindcss_oxide::scanner: Discovering "C:\\Users\\stan\\Documents\\Code\\Web\\Astro\\static_portfolio\\public\\styles\\starry-night\\core.css"
2025-12-26T15:51:51.259261Z  INFO scan_sources: tailwindcss_oxide::scanner: Discovering "C:\\Users\\stan\\Documents\\Code\\Web\\Astro\\static_portfolio\\public\\styles\\starry-night\\dark.css"
2025-12-26T15:51:51.259392Z  INFO scan_sources: tailwindcss_oxide::scanner: Discovering "C:\\Users\\stan\\Documents\\Code\\Web\\Astro\\static_portfolio\\public\\styles\\starry-night\\default-dark.css"
2025-12-26T15:51:51.259526Z  INFO scan_sources: tailwindcss_oxide::scanner: Discovering "C:\\Users\\stan\\Documents\\Code\\Web\\Astro\\static_portfolio\\public\\styles\\starry-night\\default-light.css"
2025-12-26T15:51:51.259661Z  INFO scan_sources: tailwindcss_oxide::scanner: Discovering "C:\\Users\\stan\\Documents\\Code\\Web\\Astro\\static_portfolio\\public\\styles\\starry-night\\dimmed-dark.css"
2025-12-26T15:51:51.259793Z  INFO scan_sources: tailwindcss_oxide::scanner: Discovering "C:\\Users\\stan\\Documents\\Code\\Web\\Astro\\static_portfolio\\public\\styles\\starry-night\\dimmed.css"
2025-12-26T15:51:51.259926Z  INFO scan_sources: tailwindcss_oxide::scanner: Discovering "C:\\Users\\stan\\Documents\\Code\\Web\\Astro\\static_portfolio\\public\\styles\\starry-night\\high-contrast-dark.css"
2025-12-26T15:51:51.260067Z  INFO scan_sources: tailwindcss_oxide::scanner: Discovering "C:\\Users\\stan\\Documents\\Code\\Web\\Astro\\static_portfolio\\public\\styles\\starry-night\\high-contrast-light.css"
2025-12-26T15:51:51.260200Z  INFO scan_sources: tailwindcss_oxide::scanner: Discovering "C:\\Users\\stan\\Documents\\Code\\Web\\Astro\\static_portfolio\\public\\styles\\starry-night\\high-contrast.css"
2025-12-26T15:51:51.260333Z  INFO scan_sources: tailwindcss_oxide::scanner: Discovering "C:\\Users\\stan\\Documents\\Code\\Web\\Astro\\static_portfolio\\public\\styles\\starry-night\\light.css"
2025-12-26T15:51:51.260466Z  INFO scan_sources: tailwindcss_oxide::scanner: Discovering "C:\\Users\\stan\\Documents\\Code\\Web\\Astro\\static_portfolio\\public\\styles\\starry-night\\tritanopia-dark.css"
2025-12-26T15:51:51.260600Z  INFO scan_sources: tailwindcss_oxide::scanner: Discovering "C:\\Users\\stan\\Documents\\Code\\Web\\Astro\\static_portfolio\\public\\styles\\starry-night\\tritanopia-light.css"
2025-12-26T15:51:51.260733Z  INFO scan_sources: tailwindcss_oxide::scanner: Discovering "C:\\Users\\stan\\Documents\\Code\\Web\\Astro\\static_portfolio\\public\\styles\\starry-night\\tritanopia.css"
2025-12-26T15:51:51.261072Z  INFO scan_sources: tailwindcss_oxide::scanner: Discovering "C:\\Users\\stan\\Documents\\Code\\Web\\Astro\\static_portfolio\\README.md"
2025-12-26T15:51:51.261310Z  INFO scan_sources: tailwindcss_oxide::scanner: Discovering "C:\\Users\\stan\\Documents\\Code\\Web\\Astro\\static_portfolio\\src"
2025-12-26T15:51:51.261713Z  INFO scan_sources: tailwindcss_oxide::scanner: Discovering "C:\\Users\\stan\\Documents\\Code\\Web\\Astro\\static_portfolio\\src\\components"
2025-12-26T15:51:51.262131Z  INFO scan_sources: tailwindcss_oxide::scanner: Discovering "C:\\Users\\stan\\Documents\\Code\\Web\\Astro\\static_portfolio\\src\\components\\blog"
2025-12-26T15:51:51.262584Z  INFO scan_sources: tailwindcss_oxide::scanner: Discovering "C:\\Users\\stan\\Documents\\Code\\Web\\Astro\\static_portfolio\\src\\components\\blog\\BlogPost.astro"
2025-12-26T15:51:51.262771Z  INFO scan_sources: tailwindcss_oxide::scanner: Discovering "C:\\Users\\stan\\Documents\\Code\\Web\\Astro\\static_portfolio\\src\\components\\blog\\DatePub.astro"
2025-12-26T15:51:51.262919Z  INFO scan_sources: tailwindcss_oxide::scanner: Discovering "C:\\Users\\stan\\Documents\\Code\\Web\\Astro\\static_portfolio\\src\\components\\blog\\Hero.astro"
2025-12-26T15:51:51.263121Z  INFO scan_sources: tailwindcss_oxide::scanner: Discovering "C:\\Users\\stan\\Documents\\Code\\Web\\Astro\\static_portfolio\\src\\components\\blog\\Languages.astro"
2025-12-26T15:51:51.263362Z  INFO scan_sources: tailwindcss_oxide::scanner: Discovering "C:\\Users\\stan\\Documents\\Code\\Web\\Astro\\static_portfolio\\src\\components\\blog\\LastPost.astro"
2025-12-26T15:51:51.263569Z  INFO scan_sources: tailwindcss_oxide::scanner: Discovering "C:\\Users\\stan\\Documents\\Code\\Web\\Astro\\static_portfolio\\src\\components\\blog\\ListPosts.astro"
2025-12-26T15:51:51.263770Z  INFO scan_sources: tailwindcss_oxide::scanner: Discovering "C:\\Users\\stan\\Documents\\Code\\Web\\Astro\\static_portfolio\\src\\components\\blog\\Tags.astro"
2025-12-26T15:51:51.264620Z  INFO scan_sources: tailwindcss_oxide::scanner: Discovering "C:\\Users\\stan\\Documents\\Code\\Web\\Astro\\static_portfolio\\src\\components\\layout"
2025-12-26T15:51:51.264999Z  INFO scan_sources: tailwindcss_oxide::scanner: Discovering "C:\\Users\\stan\\Documents\\Code\\Web\\Astro\\static_portfolio\\src\\components\\layout\\Footer.astro"
2025-12-26T15:51:51.265155Z  INFO scan_sources: tailwindcss_oxide::scanner: Discovering "C:\\Users\\stan\\Documents\\Code\\Web\\Astro\\static_portfolio\\src\\components\\layout\\Header.astro"
2025-12-26T15:51:51.265296Z  INFO scan_sources: tailwindcss_oxide::scanner: Discovering "C:\\Users\\stan\\Documents\\Code\\Web\\Astro\\static_portfolio\\src\\components\\layout\\NavArticle.astro"
2025-12-26T15:51:51.265430Z  INFO scan_sources: tailwindcss_oxide::scanner: Discovering "C:\\Users\\stan\\Documents\\Code\\Web\\Astro\\static_portfolio\\src\\components\\layout\\Navigation.astro"
2025-12-26T15:51:51.265566Z  INFO scan_sources: tailwindcss_oxide::scanner: Discovering "C:\\Users\\stan\\Documents\\Code\\Web\\Astro\\static_portfolio\\src\\components\\layout\\NavigationArticles.astro"
2025-12-26T15:51:51.265759Z  INFO scan_sources: tailwindcss_oxide::scanner: Discovering "C:\\Users\\stan\\Documents\\Code\\Web\\Astro\\static_portfolio\\src\\components\\mdx.ts"
2025-12-26T15:51:51.266006Z  INFO scan_sources: tailwindcss_oxide::scanner: Discovering "C:\\Users\\stan\\Documents\\Code\\Web\\Astro\\static_portfolio\\src\\components\\portfolio"
2025-12-26T15:51:51.266342Z  INFO scan_sources: tailwindcss_oxide::scanner: Discovering "C:\\Users\\stan\\Documents\\Code\\Web\\Astro\\static_portfolio\\src\\components\\portfolio\\Contact.astro"
2025-12-26T15:51:51.266480Z  INFO scan_sources: tailwindcss_oxide::scanner: Discovering "C:\\Users\\stan\\Documents\\Code\\Web\\Astro\\static_portfolio\\src\\components\\portfolio\\Experience.astro"
2025-12-26T15:51:51.266617Z  INFO scan_sources: tailwindcss_oxide::scanner: Discovering "C:\\Users\\stan\\Documents\\Code\\Web\\Astro\\static_portfolio\\src\\components\\portfolio\\ExperienceItem.astro"
2025-12-26T15:51:51.266752Z  INFO scan_sources: tailwindcss_oxide::scanner: Discovering "C:\\Users\\stan\\Documents\\Code\\Web\\Astro\\static_portfolio\\src\\components\\portfolio\\HeroIndex.astro"
2025-12-26T15:51:51.266901Z  INFO scan_sources: tailwindcss_oxide::scanner: Discovering "C:\\Users\\stan\\Documents\\Code\\Web\\Astro\\static_portfolio\\src\\components\\portfolio\\Hobbies.astro"
2025-12-26T15:51:51.267037Z  INFO scan_sources: tailwindcss_oxide::scanner: Discovering "C:\\Users\\stan\\Documents\\Code\\Web\\Astro\\static_portfolio\\src\\components\\portfolio\\Hobby.astro"
2025-12-26T15:51:51.267189Z  INFO scan_sources: tailwindcss_oxide::scanner: Discovering "C:\\Users\\stan\\Documents\\Code\\Web\\Astro\\static_portfolio\\src\\components\\portfolio\\ListProjects.astro"
2025-12-26T15:51:51.267324Z  INFO scan_sources: tailwindcss_oxide::scanner: Discovering "C:\\Users\\stan\\Documents\\Code\\Web\\Astro\\static_portfolio\\src\\components\\portfolio\\Project.astro"
2025-12-26T15:51:51.267455Z  INFO scan_sources: tailwindcss_oxide::scanner: Discovering "C:\\Users\\stan\\Documents\\Code\\Web\\Astro\\static_portfolio\\src\\components\\portfolio\\Tools.astro"
2025-12-26T15:51:51.267805Z  INFO scan_sources: tailwindcss_oxide::scanner: Discovering "C:\\Users\\stan\\Documents\\Code\\Web\\Astro\\static_portfolio\\src\\components\\projects"
2025-12-26T15:51:51.268147Z  INFO scan_sources: tailwindcss_oxide::scanner: Discovering "C:\\Users\\stan\\Documents\\Code\\Web\\Astro\\static_portfolio\\src\\components\\projects\\CaptionedLightbox.tsx"
2025-12-26T15:51:51.268289Z  INFO scan_sources: tailwindcss_oxide::scanner: Discovering "C:\\Users\\stan\\Documents\\Code\\Web\\Astro\\static_portfolio\\src\\components\\projects\\CaptionedLightboxProvider.tsx"
2025-12-26T15:51:51.268424Z  INFO scan_sources: tailwindcss_oxide::scanner: Discovering "C:\\Users\\stan\\Documents\\Code\\Web\\Astro\\static_portfolio\\src\\components\\projects\\ClientOnly.astro"
2025-12-26T15:51:51.268562Z  INFO scan_sources: tailwindcss_oxide::scanner: Discovering "C:\\Users\\stan\\Documents\\Code\\Web\\Astro\\static_portfolio\\src\\components\\projects\\Deferral.tsx"
2025-12-26T15:51:51.268800Z  INFO scan_sources: tailwindcss_oxide::scanner: Discovering "C:\\Users\\stan\\Documents\\Code\\Web\\Astro\\static_portfolio\\src\\components\\projects\\details"
2025-12-26T15:51:51.269143Z  INFO scan_sources: tailwindcss_oxide::scanner: Discovering "C:\\Users\\stan\\Documents\\Code\\Web\\Astro\\static_portfolio\\src\\components\\projects\\details\\CollapsibleCode.tsx"
2025-12-26T15:51:51.269284Z  INFO scan_sources: tailwindcss_oxide::scanner: Discovering "C:\\Users\\stan\\Documents\\Code\\Web\\Astro\\static_portfolio\\src\\components\\projects\\details\\CollapsibleCodeHydrator.tsx"
2025-12-26T15:51:51.269459Z  INFO scan_sources: tailwindcss_oxide::scanner: Discovering "C:\\Users\\stan\\Documents\\Code\\Web\\Astro\\static_portfolio\\src\\components\\projects\\details\\CollapsibleCodeHydratorWrapper.astro"
2025-12-26T15:51:51.269596Z  INFO scan_sources: tailwindcss_oxide::scanner: Discovering "C:\\Users\\stan\\Documents\\Code\\Web\\Astro\\static_portfolio\\src\\components\\projects\\details\\CollapsibleCodeWrapper.astro"
2025-12-26T15:51:51.269729Z  INFO scan_sources: tailwindcss_oxide::scanner: Discovering "C:\\Users\\stan\\Documents\\Code\\Web\\Astro\\static_portfolio\\src\\components\\projects\\details\\FactoryRenderer.astro"
2025-12-26T15:51:51.269861Z  INFO scan_sources: tailwindcss_oxide::scanner: Discovering "C:\\Users\\stan\\Documents\\Code\\Web\\Astro\\static_portfolio\\src\\components\\projects\\details\\getYoutubeThumbnail.ts"
2025-12-26T15:51:51.270112Z  INFO scan_sources: tailwindcss_oxide::scanner: Discovering "C:\\Users\\stan\\Documents\\Code\\Web\\Astro\\static_portfolio\\src\\components\\projects\\details\\interp"
2025-12-26T15:51:51.270427Z  INFO scan_sources: tailwindcss_oxide::scanner: Discovering "C:\\Users\\stan\\Documents\\Code\\Web\\Astro\\static_portfolio\\src\\components\\projects\\details\\interp\\HoverDetails.tsx"
2025-12-26T15:51:51.270563Z  INFO scan_sources: tailwindcss_oxide::scanner: Discovering "C:\\Users\\stan\\Documents\\Code\\Web\\Astro\\static_portfolio\\src\\components\\projects\\details\\interp\\Interp.tsx"
2025-12-26T15:51:51.270706Z  INFO scan_sources: tailwindcss_oxide::scanner: Discovering "C:\\Users\\stan\\Documents\\Code\\Web\\Astro\\static_portfolio\\src\\components\\projects\\details\\interp\\interpContext.ts"
2025-12-26T15:51:51.270846Z  INFO scan_sources: tailwindcss_oxide::scanner: Discovering "C:\\Users\\stan\\Documents\\Code\\Web\\Astro\\static_portfolio\\src\\components\\projects\\details\\interp\\InterpContextProvider.tsx"
2025-12-26T15:51:51.271069Z  INFO scan_sources: tailwindcss_oxide::scanner: Discovering "C:\\Users\\stan\\Documents\\Code\\Web\\Astro\\static_portfolio\\src\\components\\projects\\details\\ProjectMedia.tsx"
2025-12-26T15:51:51.271210Z  INFO scan_sources: tailwindcss_oxide::scanner: Discovering "C:\\Users\\stan\\Documents\\Code\\Web\\Astro\\static_portfolio\\src\\components\\projects\\details\\ProjectProvider.tsx"
2025-12-26T15:51:51.271346Z  INFO scan_sources: tailwindcss_oxide::scanner: Discovering "C:\\Users\\stan\\Documents\\Code\\Web\\Astro\\static_portfolio\\src\\components\\projects\\details\\ProjectProviderBase.tsx"
2025-12-26T15:51:51.271480Z  INFO scan_sources: tailwindcss_oxide::scanner: Discovering "C:\\Users\\stan\\Documents\\Code\\Web\\Astro\\static_portfolio\\src\\components\\projects\\details\\scopeSelectors.ts"
2025-12-26T15:51:51.271617Z  INFO scan_sources: tailwindcss_oxide::scanner: Discovering "C:\\Users\\stan\\Documents\\Code\\Web\\Astro\\static_portfolio\\src\\components\\projects\\details\\StarryNightStyleInjector.tsx"
2025-12-26T15:51:51.271750Z  INFO scan_sources: tailwindcss_oxide::scanner: Discovering "C:\\Users\\stan\\Documents\\Code\\Web\\Astro\\static_portfolio\\src\\components\\projects\\details\\SyntaxHighlightContext.tsx"
2025-12-26T15:51:51.271931Z  INFO scan_sources: tailwindcss_oxide::scanner: Discovering "C:\\Users\\stan\\Documents\\Code\\Web\\Astro\\static_portfolio\\src\\components\\projects\\details\\transformTree.ts"
2025-12-26T15:51:51.272073Z  INFO scan_sources: tailwindcss_oxide::scanner: Discovering "C:\\Users\\stan\\Documents\\Code\\Web\\Astro\\static_portfolio\\src\\components\\projects\\details\\useInterp.ts"
2025-12-26T15:51:51.272208Z  INFO scan_sources: tailwindcss_oxide::scanner: Discovering "C:\\Users\\stan\\Documents\\Code\\Web\\Astro\\static_portfolio\\src\\components\\projects\\details\\useProject.ts"
2025-12-26T15:51:51.272500Z  INFO scan_sources: tailwindcss_oxide::scanner: Discovering "C:\\Users\\stan\\Documents\\Code\\Web\\Astro\\static_portfolio\\src\\components\\projects\\filtering"
2025-12-26T15:51:51.272916Z  INFO scan_sources: tailwindcss_oxide::scanner: Discovering "C:\\Users\\stan\\Documents\\Code\\Web\\Astro\\static_portfolio\\src\\components\\projects\\filtering\\common"
2025-12-26T15:51:51.273246Z  INFO scan_sources: tailwindcss_oxide::scanner: Discovering "C:\\Users\\stan\\Documents\\Code\\Web\\Astro\\static_portfolio\\src\\components\\projects\\filtering\\common\\browserContext.tsx"
2025-12-26T15:51:51.273384Z  INFO scan_sources: tailwindcss_oxide::scanner: Discovering "C:\\Users\\stan\\Documents\\Code\\Web\\Astro\\static_portfolio\\src\\components\\projects\\filtering\\common\\filterContext.tsx"
2025-12-26T15:51:51.273521Z  INFO scan_sources: tailwindcss_oxide::scanner: Discovering "C:\\Users\\stan\\Documents\\Code\\Web\\Astro\\static_portfolio\\src\\components\\projects\\filtering\\common\\filterTypes.ts"
2025-12-26T15:51:51.273654Z  INFO scan_sources: tailwindcss_oxide::scanner: Discovering "C:\\Users\\stan\\Documents\\Code\\Web\\Astro\\static_portfolio\\src\\components\\projects\\filtering\\common\\ResetButton.tsx"
2025-12-26T15:51:51.273891Z  INFO scan_sources: tailwindcss_oxide::scanner: Discovering "C:\\Users\\stan\\Documents\\Code\\Web\\Astro\\static_portfolio\\src\\components\\projects\\filtering\\common\\stores"
2025-12-26T15:51:51.274214Z  INFO scan_sources: tailwindcss_oxide::scanner: Discovering "C:\\Users\\stan\\Documents\\Code\\Web\\Astro\\static_portfolio\\src\\components\\projects\\filtering\\common\\stores\\browserStore.ts"
2025-12-26T15:51:51.274352Z  INFO scan_sources: tailwindcss_oxide::scanner: Discovering "C:\\Users\\stan\\Documents\\Code\\Web\\Astro\\static_portfolio\\src\\components\\projects\\filtering\\common\\stores\\countStore.ts"
2025-12-26T15:51:51.274500Z  INFO scan_sources: tailwindcss_oxide::scanner: Discovering "C:\\Users\\stan\\Documents\\Code\\Web\\Astro\\static_portfolio\\src\\components\\projects\\filtering\\common\\stores\\countStoreContext.tsx"
2025-12-26T15:51:51.274637Z  INFO scan_sources: tailwindcss_oxide::scanner: Discovering "C:\\Users\\stan\\Documents\\Code\\Web\\Astro\\static_portfolio\\src\\components\\projects\\filtering\\common\\stores\\derived.ts"
2025-12-26T15:51:51.274771Z  INFO scan_sources: tailwindcss_oxide::scanner: Discovering "C:\\Users\\stan\\Documents\\Code\\Web\\Astro\\static_portfolio\\src\\components\\projects\\filtering\\common\\stores\\filterFormStore.ts"
2025-12-26T15:51:51.274907Z  INFO scan_sources: tailwindcss_oxide::scanner: Discovering "C:\\Users\\stan\\Documents\\Code\\Web\\Astro\\static_portfolio\\src\\components\\projects\\filtering\\common\\stores\\filterFormStoreContext.ts"
2025-12-26T15:51:51.275043Z  INFO scan_sources: tailwindcss_oxide::scanner: Discovering "C:\\Users\\stan\\Documents\\Code\\Web\\Astro\\static_portfolio\\src\\components\\projects\\filtering\\common\\stores\\FilterFormStoreProvider.tsx"
2025-12-26T15:51:51.275199Z  INFO scan_sources: tailwindcss_oxide::scanner: Discovering "C:\\Users\\stan\\Documents\\Code\\Web\\Astro\\static_portfolio\\src\\components\\projects\\filtering\\common\\stores\\filterStore.ts"
2025-12-26T15:51:51.275334Z  INFO scan_sources: tailwindcss_oxide::scanner: Discovering "C:\\Users\\stan\\Documents\\Code\\Web\\Astro\\static_portfolio\\src\\components\\projects\\filtering\\common\\stores\\tagSectionStore.ts"
2025-12-26T15:51:51.275519Z  INFO scan_sources: tailwindcss_oxide::scanner: Discovering "C:\\Users\\stan\\Documents\\Code\\Web\\Astro\\static_portfolio\\src\\components\\projects\\filtering\\common\\TagButton.tsx"
2025-12-26T15:51:51.275653Z  INFO scan_sources: tailwindcss_oxide::scanner: Discovering "C:\\Users\\stan\\Documents\\Code\\Web\\Astro\\static_portfolio\\src\\components\\projects\\filtering\\common\\TagButtons.tsx"
2025-12-26T15:51:51.275784Z  INFO scan_sources: tailwindcss_oxide::scanner: Discovering "C:\\Users\\stan\\Documents\\Code\\Web\\Astro\\static_portfolio\\src\\components\\projects\\filtering\\common\\TagButtons2.tsx"
2025-12-26T15:51:51.275916Z  INFO scan_sources: tailwindcss_oxide::scanner: Discovering "C:\\Users\\stan\\Documents\\Code\\Web\\Astro\\static_portfolio\\src\\components\\projects\\filtering\\common\\WrappingToggleGroup.tsx"
2025-12-26T15:51:51.276102Z  INFO scan_sources: tailwindcss_oxide::scanner: Discovering "C:\\Users\\stan\\Documents\\Code\\Web\\Astro\\static_portfolio\\src\\components\\projects\\filtering\\FilterForm.tsx"
2025-12-26T15:51:51.276234Z  INFO scan_sources: tailwindcss_oxide::scanner: Discovering "C:\\Users\\stan\\Documents\\Code\\Web\\Astro\\static_portfolio\\src\\components\\projects\\filtering\\FilterForm2.tsx"
2025-12-26T15:51:51.276369Z  INFO scan_sources: tailwindcss_oxide::scanner: Discovering "C:\\Users\\stan\\Documents\\Code\\Web\\Astro\\static_portfolio\\src\\components\\projects\\filtering\\FilterShareButton.tsx"
2025-12-26T15:51:51.276501Z  INFO scan_sources: tailwindcss_oxide::scanner: Discovering "C:\\Users\\stan\\Documents\\Code\\Web\\Astro\\static_portfolio\\src\\components\\projects\\filtering\\FilterSheet.tsx"
2025-12-26T15:51:51.276631Z  INFO scan_sources: tailwindcss_oxide::scanner: Discovering "C:\\Users\\stan\\Documents\\Code\\Web\\Astro\\static_portfolio\\src\\components\\projects\\filtering\\FilterSheet2.tsx"
2025-12-26T15:51:51.276873Z  INFO scan_sources: tailwindcss_oxide::scanner: Discovering "C:\\Users\\stan\\Documents\\Code\\Web\\Astro\\static_portfolio\\src\\components\\projects\\filtering\\sections"
2025-12-26T15:51:51.277185Z  INFO scan_sources: tailwindcss_oxide::scanner: Discovering "C:\\Users\\stan\\Documents\\Code\\Web\\Astro\\static_portfolio\\src\\components\\projects\\filtering\\sections\\BoolSwitch.tsx"
2025-12-26T15:51:51.277321Z  INFO scan_sources: tailwindcss_oxide::scanner: Discovering "C:\\Users\\stan\\Documents\\Code\\Web\\Astro\\static_portfolio\\src\\components\\projects\\filtering\\sections\\SliderTooltip.tsx"
2025-12-26T15:51:51.277451Z  INFO scan_sources: tailwindcss_oxide::scanner: Discovering "C:\\Users\\stan\\Documents\\Code\\Web\\Astro\\static_portfolio\\src\\components\\projects\\filtering\\sections\\TagFilterSection.tsx"
2025-12-26T15:51:51.277578Z  INFO scan_sources: tailwindcss_oxide::scanner: Discovering "C:\\Users\\stan\\Documents\\Code\\Web\\Astro\\static_portfolio\\src\\components\\projects\\filtering\\sections\\TagFilterSection2.tsx"
2025-12-26T15:51:51.277712Z  INFO scan_sources: tailwindcss_oxide::scanner: Discovering "C:\\Users\\stan\\Documents\\Code\\Web\\Astro\\static_portfolio\\src\\components\\projects\\filtering\\sections\\YearSlider.tsx"
2025-12-26T15:51:51.277869Z  INFO scan_sources: tailwindcss_oxide::scanner: Discovering "C:\\Users\\stan\\Documents\\Code\\Web\\Astro\\static_portfolio\\src\\components\\projects\\filtering\\sections\\YearValue.tsx"
2025-12-26T15:51:51.278043Z  INFO scan_sources: tailwindcss_oxide::scanner: Discovering "C:\\Users\\stan\\Documents\\Code\\Web\\Astro\\static_portfolio\\src\\components\\projects\\filtering\\sync.tsx"
2025-12-26T15:51:51.278307Z  INFO scan_sources: tailwindcss_oxide::scanner: Discovering "C:\\Users\\stan\\Documents\\Code\\Web\\Astro\\static_portfolio\\src\\components\\projects\\grid"
2025-12-26T15:51:51.279229Z  INFO scan_sources: tailwindcss_oxide::scanner: Discovering "C:\\Users\\stan\\Documents\\Code\\Web\\Astro\\static_portfolio\\src\\components\\projects\\grid\\items"
2025-12-26T15:51:51.280079Z  INFO scan_sources: tailwindcss_oxide::scanner: Discovering "C:\\Users\\stan\\Documents\\Code\\Web\\Astro\\static_portfolio\\src\\components\\projects\\grid\\items\\badges"
2025-12-26T15:51:51.280559Z  INFO scan_sources: tailwindcss_oxide::scanner: Discovering "C:\\Users\\stan\\Documents\\Code\\Web\\Astro\\static_portfolio\\src\\components\\projects\\grid\\items\\badges\\BadgeRow.tsx"
2025-12-26T15:51:51.280719Z  INFO scan_sources: tailwindcss_oxide::scanner: Discovering "C:\\Users\\stan\\Documents\\Code\\Web\\Astro\\static_portfolio\\src\\components\\projects\\grid\\items\\badges\\BadgeRows.tsx"
2025-12-26T15:51:51.281126Z  INFO scan_sources: tailwindcss_oxide::scanner: Discovering "C:\\Users\\stan\\Documents\\Code\\Web\\Astro\\static_portfolio\\src\\components\\projects\\grid\\items\\badges\\badgeTypes.tsx"
2025-12-26T15:51:51.281485Z  INFO scan_sources: tailwindcss_oxide::scanner: Discovering "C:\\Users\\stan\\Documents\\Code\\Web\\Astro\\static_portfolio\\src\\components\\projects\\grid\\items\\expansion"
2025-12-26T15:51:51.281839Z  INFO scan_sources: tailwindcss_oxide::scanner: Discovering "C:\\Users\\stan\\Documents\\Code\\Web\\Astro\\static_portfolio\\src\\components\\projects\\grid\\items\\expansion\\ExpandedPart.tsx"
2025-12-26T15:51:51.281976Z  INFO scan_sources: tailwindcss_oxide::scanner: Discovering "C:\\Users\\stan\\Documents\\Code\\Web\\Astro\\static_portfolio\\src\\components\\projects\\grid\\items\\expansion\\ImageRow.tsx"
2025-12-26T15:51:51.282129Z  INFO scan_sources: tailwindcss_oxide::scanner: Discovering "C:\\Users\\stan\\Documents\\Code\\Web\\Astro\\static_portfolio\\src\\components\\projects\\grid\\items\\expansion\\PaddedScrollArea.tsx"
2025-12-26T15:51:51.282268Z  INFO scan_sources: tailwindcss_oxide::scanner: Discovering "C:\\Users\\stan\\Documents\\Code\\Web\\Astro\\static_portfolio\\src\\components\\projects\\grid\\items\\expansion\\ThumbnailRow.tsx"
2025-12-26T15:51:51.282491Z  INFO scan_sources: tailwindcss_oxide::scanner: Discovering "C:\\Users\\stan\\Documents\\Code\\Web\\Astro\\static_portfolio\\src\\components\\projects\\grid\\items\\ProjectItem.tsx"
2025-12-26T15:51:51.282819Z  INFO scan_sources: tailwindcss_oxide::scanner: Discovering "C:\\Users\\stan\\Documents\\Code\\Web\\Astro\\static_portfolio\\src\\components\\projects\\grid\\items\\sharing"
2025-12-26T15:51:51.283219Z  INFO scan_sources: tailwindcss_oxide::scanner: Discovering "C:\\Users\\stan\\Documents\\Code\\Web\\Astro\\static_portfolio\\src\\components\\projects\\grid\\items\\sharing\\ShareCard.tsx"
2025-12-26T15:51:51.283554Z  INFO scan_sources: tailwindcss_oxide::scanner: Discovering "C:\\Users\\stan\\Documents\\Code\\Web\\Astro\\static_portfolio\\src\\components\\projects\\grid\\ProjectGrid.tsx"
2025-12-26T15:51:51.283717Z  INFO scan_sources: tailwindcss_oxide::scanner: Discovering "C:\\Users\\stan\\Documents\\Code\\Web\\Astro\\static_portfolio\\src\\components\\projects\\grid\\ProjectGridSkeleton.tsx"
2025-12-26T15:51:51.283860Z  INFO scan_sources: tailwindcss_oxide::scanner: Discovering "C:\\Users\\stan\\Documents\\Code\\Web\\Astro\\static_portfolio\\src\\components\\projects\\grid\\useStagger.ts"
2025-12-26T15:51:51.284069Z  INFO scan_sources: tailwindcss_oxide::scanner: Discovering "C:\\Users\\stan\\Documents\\Code\\Web\\Astro\\static_portfolio\\src\\components\\projects\\GSAPContextProvider.tsx"
2025-12-26T15:51:51.284228Z  INFO scan_sources: tailwindcss_oxide::scanner: Discovering "C:\\Users\\stan\\Documents\\Code\\Web\\Astro\\static_portfolio\\src\\components\\projects\\lightbox.ts"
2025-12-26T15:51:51.284508Z  INFO scan_sources: tailwindcss_oxide::scanner: Discovering "C:\\Users\\stan\\Documents\\Code\\Web\\Astro\\static_portfolio\\src\\components\\projects\\overlay"
2025-12-26T15:51:51.284846Z  INFO scan_sources: tailwindcss_oxide::scanner: Discovering "C:\\Users\\stan\\Documents\\Code\\Web\\Astro\\static_portfolio\\src\\components\\projects\\overlay\\CarouselSlider.tsx"
2025-12-26T15:51:51.284982Z  INFO scan_sources: tailwindcss_oxide::scanner: Discovering "C:\\Users\\stan\\Documents\\Code\\Web\\Astro\\static_portfolio\\src\\components\\projects\\overlay\\contextMenu.tsx"
2025-12-26T15:51:51.285129Z  INFO scan_sources: tailwindcss_oxide::scanner: Discovering "C:\\Users\\stan\\Documents\\Code\\Web\\Astro\\static_portfolio\\src\\components\\projects\\overlay\\DotButton.tsx"
2025-12-26T15:51:51.285294Z  INFO scan_sources: tailwindcss_oxide::scanner: Discovering "C:\\Users\\stan\\Documents\\Code\\Web\\Astro\\static_portfolio\\src\\components\\projects\\overlay\\MultiAccordion.tsx"
2025-12-26T15:51:51.285433Z  INFO scan_sources: tailwindcss_oxide::scanner: Discovering "C:\\Users\\stan\\Documents\\Code\\Web\\Astro\\static_portfolio\\src\\components\\projects\\overlay\\ProjectCarousel.tsx"
2025-12-26T15:51:51.285570Z  INFO scan_sources: tailwindcss_oxide::scanner: Discovering "C:\\Users\\stan\\Documents\\Code\\Web\\Astro\\static_portfolio\\src\\components\\projects\\overlay\\ProjectCarouselDialog.tsx"
2025-12-26T15:51:51.285704Z  INFO scan_sources: tailwindcss_oxide::scanner: Discovering "C:\\Users\\stan\\Documents\\Code\\Web\\Astro\\static_portfolio\\src\\components\\projects\\overlay\\selection.ts"
2025-12-26T15:51:51.285837Z  INFO scan_sources: tailwindcss_oxide::scanner: Discovering "C:\\Users\\stan\\Documents\\Code\\Web\\Astro\\static_portfolio\\src\\components\\projects\\overlay\\SelectionToolbar.tsx"
2025-12-26T15:51:51.285980Z  INFO scan_sources: tailwindcss_oxide::scanner: Discovering "C:\\Users\\stan\\Documents\\Code\\Web\\Astro\\static_portfolio\\src\\components\\projects\\overlay\\TransparentDialog.tsx"
2025-12-26T15:51:51.286113Z  INFO scan_sources: tailwindcss_oxide::scanner: Discovering "C:\\Users\\stan\\Documents\\Code\\Web\\Astro\\static_portfolio\\src\\components\\projects\\overlay\\useDotButton.ts"
2025-12-26T15:51:51.286297Z  INFO scan_sources: tailwindcss_oxide::scanner: Discovering "C:\\Users\\stan\\Documents\\Code\\Web\\Astro\\static_portfolio\\src\\components\\projects\\overlay\\useSelection.ts"
2025-12-26T15:51:51.286508Z  INFO scan_sources: tailwindcss_oxide::scanner: Discovering "C:\\Users\\stan\\Documents\\Code\\Web\\Astro\\static_portfolio\\src\\components\\projects\\parseMdx.ts"
2025-12-26T15:51:51.286641Z  INFO scan_sources: tailwindcss_oxide::scanner: Discovering "C:\\Users\\stan\\Documents\\Code\\Web\\Astro\\static_portfolio\\src\\components\\projects\\ProjectBrowser.astro"
2025-12-26T15:51:51.286774Z  INFO scan_sources: tailwindcss_oxide::scanner: Discovering "C:\\Users\\stan\\Documents\\Code\\Web\\Astro\\static_portfolio\\src\\components\\projects\\ProjectBrowserEmpty.tsx"
2025-12-26T15:51:51.286932Z  INFO scan_sources: tailwindcss_oxide::scanner: Discovering "C:\\Users\\stan\\Documents\\Code\\Web\\Astro\\static_portfolio\\src\\components\\projects\\ProjectBrowserInner.astro"
2025-12-26T15:51:51.287069Z  INFO scan_sources: tailwindcss_oxide::scanner: Discovering "C:\\Users\\stan\\Documents\\Code\\Web\\Astro\\static_portfolio\\src\\components\\projects\\ProjectBrowserReact.tsx"
2025-12-26T15:51:51.287201Z  INFO scan_sources: tailwindcss_oxide::scanner: Discovering "C:\\Users\\stan\\Documents\\Code\\Web\\Astro\\static_portfolio\\src\\components\\projects\\scrolling.tsx"
2025-12-26T15:51:51.287333Z  INFO scan_sources: tailwindcss_oxide::scanner: Discovering "C:\\Users\\stan\\Documents\\Code\\Web\\Astro\\static_portfolio\\src\\components\\projects\\StickyDiv.tsx"
2025-12-26T15:51:51.287465Z  INFO scan_sources: tailwindcss_oxide::scanner: Discovering "C:\\Users\\stan\\Documents\\Code\\Web\\Astro\\static_portfolio\\src\\components\\projects\\SuspenseTest.tsx"
2025-12-26T15:51:51.287596Z  INFO scan_sources: tailwindcss_oxide::scanner: Discovering "C:\\Users\\stan\\Documents\\Code\\Web\\Astro\\static_portfolio\\src\\components\\projects\\toasts.tsx"
2025-12-26T15:51:51.287727Z  INFO scan_sources: tailwindcss_oxide::scanner: Discovering "C:\\Users\\stan\\Documents\\Code\\Web\\Astro\\static_portfolio\\src\\components\\projects\\types.ts"
2025-12-26T15:51:51.287866Z  INFO scan_sources: tailwindcss_oxide::scanner: Discovering "C:\\Users\\stan\\Documents\\Code\\Web\\Astro\\static_portfolio\\src\\components\\projects\\useGSAPContext.ts"
2025-12-26T15:51:51.288150Z  INFO scan_sources: tailwindcss_oxide::scanner: Discovering "C:\\Users\\stan\\Documents\\Code\\Web\\Astro\\static_portfolio\\src\\components\\projects\\util"
2025-12-26T15:51:51.288473Z  INFO scan_sources: tailwindcss_oxide::scanner: Discovering "C:\\Users\\stan\\Documents\\Code\\Web\\Astro\\static_portfolio\\src\\components\\projects\\util\\comparison.ts"
2025-12-26T15:51:51.288651Z  INFO scan_sources: tailwindcss_oxide::scanner: Discovering "C:\\Users\\stan\\Documents\\Code\\Web\\Astro\\static_portfolio\\src\\components\\projects\\ZustandTest.tsx"
2025-12-26T15:51:51.288931Z  INFO scan_sources: tailwindcss_oxide::scanner: Discovering "C:\\Users\\stan\\Documents\\Code\\Web\\Astro\\static_portfolio\\src\\components\\story"
2025-12-26T15:51:51.289335Z  INFO scan_sources: tailwindcss_oxide::scanner: Discovering "C:\\Users\\stan\\Documents\\Code\\Web\\Astro\\static_portfolio\\src\\components\\story\\client"
2025-12-26T15:51:51.289622Z  INFO scan_sources: tailwindcss_oxide::scanner: Discovering "C:\\Users\\stan\\Documents\\Code\\Web\\Astro\\static_portfolio\\src\\components\\story\\client\\StoryTimeline.tsx"
2025-12-26T15:51:51.289802Z  INFO scan_sources: tailwindcss_oxide::scanner: Discovering "C:\\Users\\stan\\Documents\\Code\\Web\\Astro\\static_portfolio\\src\\components\\story\\Columns.astro"
2025-12-26T15:51:51.289938Z  INFO scan_sources: tailwindcss_oxide::scanner: Discovering "C:\\Users\\stan\\Documents\\Code\\Web\\Astro\\static_portfolio\\src\\components\\story\\Columns.tsx"
2025-12-26T15:51:51.290069Z  INFO scan_sources: tailwindcss_oxide::scanner: Discovering "C:\\Users\\stan\\Documents\\Code\\Web\\Astro\\static_portfolio\\src\\components\\story\\ContentMarker.astro"
2025-12-26T15:51:51.290223Z  INFO scan_sources: tailwindcss_oxide::scanner: Discovering "C:\\Users\\stan\\Documents\\Code\\Web\\Astro\\static_portfolio\\src\\components\\story\\ContentMarkerPreact.tsx"
2025-12-26T15:51:51.290354Z  INFO scan_sources: tailwindcss_oxide::scanner: Discovering "C:\\Users\\stan\\Documents\\Code\\Web\\Astro\\static_portfolio\\src\\components\\story\\FloatingNav.astro"
2025-12-26T15:51:51.290484Z  INFO scan_sources: tailwindcss_oxide::scanner: Discovering "C:\\Users\\stan\\Documents\\Code\\Web\\Astro\\static_portfolio\\src\\components\\story\\ParallaxBackdrop.astro"
2025-12-26T15:51:51.290611Z  INFO scan_sources: tailwindcss_oxide::scanner: Discovering "C:\\Users\\stan\\Documents\\Code\\Web\\Astro\\static_portfolio\\src\\components\\story\\ParallaxWindow.astro"
2025-12-26T15:51:51.290745Z  INFO scan_sources: tailwindcss_oxide::scanner: Discovering "C:\\Users\\stan\\Documents\\Code\\Web\\Astro\\static_portfolio\\src\\components\\story\\SafeDrawer.tsx"
2025-12-26T15:51:51.290875Z  INFO scan_sources: tailwindcss_oxide::scanner: Discovering "C:\\Users\\stan\\Documents\\Code\\Web\\Astro\\static_portfolio\\src\\components\\story\\SidebarItem.astro"
2025-12-26T15:51:51.291011Z  INFO scan_sources: tailwindcss_oxide::scanner: Discovering "C:\\Users\\stan\\Documents\\Code\\Web\\Astro\\static_portfolio\\src\\components\\story\\SidebarSection.astro"
2025-12-26T15:51:51.291145Z  INFO scan_sources: tailwindcss_oxide::scanner: Discovering "C:\\Users\\stan\\Documents\\Code\\Web\\Astro\\static_portfolio\\src\\components\\story\\Story.astro"
2025-12-26T15:51:51.291273Z  INFO scan_sources: tailwindcss_oxide::scanner: Discovering "C:\\Users\\stan\\Documents\\Code\\Web\\Astro\\static_portfolio\\src\\components\\story\\StoryAnimator.tsx"
2025-12-26T15:51:51.291401Z  INFO scan_sources: tailwindcss_oxide::scanner: Discovering "C:\\Users\\stan\\Documents\\Code\\Web\\Astro\\static_portfolio\\src\\components\\story\\StoryDrawer.tsx"
2025-12-26T15:51:51.291531Z  INFO scan_sources: tailwindcss_oxide::scanner: Discovering "C:\\Users\\stan\\Documents\\Code\\Web\\Astro\\static_portfolio\\src\\components\\story\\StorySection.astro"
2025-12-26T15:51:51.291662Z  INFO scan_sources: tailwindcss_oxide::scanner: Discovering "C:\\Users\\stan\\Documents\\Code\\Web\\Astro\\static_portfolio\\src\\components\\story\\StorySidebar.astro"
2025-12-26T15:51:51.291793Z  INFO scan_sources: tailwindcss_oxide::scanner: Discovering "C:\\Users\\stan\\Documents\\Code\\Web\\Astro\\static_portfolio\\src\\components\\story\\StorySidebarOld.astro"
2025-12-26T15:51:51.291921Z  INFO scan_sources: tailwindcss_oxide::scanner: Discovering "C:\\Users\\stan\\Documents\\Code\\Web\\Astro\\static_portfolio\\src\\components\\story\\StorySubsection.astro"
2025-12-26T15:51:51.292048Z  INFO scan_sources: tailwindcss_oxide::scanner: Discovering "C:\\Users\\stan\\Documents\\Code\\Web\\Astro\\static_portfolio\\src\\components\\story\\StoryTimeline.astro"
2025-12-26T15:51:51.292188Z  INFO scan_sources: tailwindcss_oxide::scanner: Discovering "C:\\Users\\stan\\Documents\\Code\\Web\\Astro\\static_portfolio\\src\\components\\story\\types.ts"
2025-12-26T15:51:51.292435Z  INFO scan_sources: tailwindcss_oxide::scanner: Discovering "C:\\Users\\stan\\Documents\\Code\\Web\\Astro\\static_portfolio\\src\\components\\story\\util"
2025-12-26T15:51:51.292761Z  INFO scan_sources: tailwindcss_oxide::scanner: Discovering "C:\\Users\\stan\\Documents\\Code\\Web\\Astro\\static_portfolio\\src\\components\\story\\util\\fixPreactRef.ts"
2025-12-26T15:51:51.292897Z  INFO scan_sources: tailwindcss_oxide::scanner: Discovering "C:\\Users\\stan\\Documents\\Code\\Web\\Astro\\static_portfolio\\src\\components\\story\\util\\loadImageMetadata.ts"
2025-12-26T15:51:51.293029Z  INFO scan_sources: tailwindcss_oxide::scanner: Discovering "C:\\Users\\stan\\Documents\\Code\\Web\\Astro\\static_portfolio\\src\\components\\story\\util\\loadImages.ts"
2025-12-26T15:51:51.293161Z  INFO scan_sources: tailwindcss_oxide::scanner: Discovering "C:\\Users\\stan\\Documents\\Code\\Web\\Astro\\static_portfolio\\src\\components\\story\\util\\loadSections.ts"
2025-12-26T15:51:51.293289Z  INFO scan_sources: tailwindcss_oxide::scanner: Discovering "C:\\Users\\stan\\Documents\\Code\\Web\\Astro\\static_portfolio\\src\\components\\story\\util\\parseDate.ts"
2025-12-26T15:51:51.293416Z  INFO scan_sources: tailwindcss_oxide::scanner: Discovering "C:\\Users\\stan\\Documents\\Code\\Web\\Astro\\static_portfolio\\src\\components\\story\\util\\typeCheck.ts"
2025-12-26T15:51:51.293646Z  INFO scan_sources: tailwindcss_oxide::scanner: Discovering "C:\\Users\\stan\\Documents\\Code\\Web\\Astro\\static_portfolio\\src\\components\\story\\util\\types"
2025-12-26T15:51:51.293945Z  INFO scan_sources: tailwindcss_oxide::scanner: Discovering "C:\\Users\\stan\\Documents\\Code\\Web\\Astro\\static_portfolio\\src\\components\\story\\util\\types\\types.ts"
2025-12-26T15:51:51.294418Z  INFO scan_sources: tailwindcss_oxide::scanner: Discovering "C:\\Users\\stan\\Documents\\Code\\Web\\Astro\\static_portfolio\\src\\components\\ui"
2025-12-26T15:51:51.294743Z  INFO scan_sources: tailwindcss_oxide::scanner: Discovering "C:\\Users\\stan\\Documents\\Code\\Web\\Astro\\static_portfolio\\src\\components\\ui\\accordion.tsx"
2025-12-26T15:51:51.294945Z  INFO scan_sources: tailwindcss_oxide::scanner: Discovering "C:\\Users\\stan\\Documents\\Code\\Web\\Astro\\static_portfolio\\src\\components\\ui\\alert-dialog.tsx"
2025-12-26T15:51:51.295077Z  INFO scan_sources: tailwindcss_oxide::scanner: Discovering "C:\\Users\\stan\\Documents\\Code\\Web\\Astro\\static_portfolio\\src\\components\\ui\\alert.tsx"
2025-12-26T15:51:51.295204Z  INFO scan_sources: tailwindcss_oxide::scanner: Discovering "C:\\Users\\stan\\Documents\\Code\\Web\\Astro\\static_portfolio\\src\\components\\ui\\aspect-ratio.tsx"
2025-12-26T15:51:51.295334Z  INFO scan_sources: tailwindcss_oxide::scanner: Discovering "C:\\Users\\stan\\Documents\\Code\\Web\\Astro\\static_portfolio\\src\\components\\ui\\badge.tsx"
2025-12-26T15:51:51.295530Z  INFO scan_sources: tailwindcss_oxide::scanner: Discovering "C:\\Users\\stan\\Documents\\Code\\Web\\Astro\\static_portfolio\\src\\components\\ui\\breadcrumb.tsx"
2025-12-26T15:51:51.295671Z  INFO scan_sources: tailwindcss_oxide::scanner: Discovering "C:\\Users\\stan\\Documents\\Code\\Web\\Astro\\static_portfolio\\src\\components\\ui\\button-group.tsx"
2025-12-26T15:51:51.295802Z  INFO scan_sources: tailwindcss_oxide::scanner: Discovering "C:\\Users\\stan\\Documents\\Code\\Web\\Astro\\static_portfolio\\src\\components\\ui\\Button.astro"
2025-12-26T15:51:51.295931Z  INFO scan_sources: tailwindcss_oxide::scanner: Discovering "C:\\Users\\stan\\Documents\\Code\\Web\\Astro\\static_portfolio\\src\\components\\ui\\button.tsx"
2025-12-26T15:51:51.296061Z  INFO scan_sources: tailwindcss_oxide::scanner: Discovering "C:\\Users\\stan\\Documents\\Code\\Web\\Astro\\static_portfolio\\src\\components\\ui\\Capsule.astro"
2025-12-26T15:51:51.296207Z  INFO scan_sources: tailwindcss_oxide::scanner: Discovering "C:\\Users\\stan\\Documents\\Code\\Web\\Astro\\static_portfolio\\src\\components\\ui\\card.tsx"
2025-12-26T15:51:51.296383Z  INFO scan_sources: tailwindcss_oxide::scanner: Discovering "C:\\Users\\stan\\Documents\\Code\\Web\\Astro\\static_portfolio\\src\\components\\ui\\carousel.tsx"
2025-12-26T15:51:51.296648Z  INFO scan_sources: tailwindcss_oxide::scanner: Discovering "C:\\Users\\stan\\Documents\\Code\\Web\\Astro\\static_portfolio\\src\\components\\ui\\collapsible.tsx"
2025-12-26T15:51:51.296780Z  INFO scan_sources: tailwindcss_oxide::scanner: Discovering "C:\\Users\\stan\\Documents\\Code\\Web\\Astro\\static_portfolio\\src\\components\\ui\\context-menu.tsx"
2025-12-26T15:51:51.296910Z  INFO scan_sources: tailwindcss_oxide::scanner: Discovering "C:\\Users\\stan\\Documents\\Code\\Web\\Astro\\static_portfolio\\src\\components\\ui\\CustomSpinner.tsx"
2025-12-26T15:51:51.297039Z  INFO scan_sources: tailwindcss_oxide::scanner: Discovering "C:\\Users\\stan\\Documents\\Code\\Web\\Astro\\static_portfolio\\src\\components\\ui\\dialog.tsx"
2025-12-26T15:51:51.297198Z  INFO scan_sources: tailwindcss_oxide::scanner: Discovering "C:\\Users\\stan\\Documents\\Code\\Web\\Astro\\static_portfolio\\src\\components\\ui\\drawer.tsx"
2025-12-26T15:51:51.297328Z  INFO scan_sources: tailwindcss_oxide::scanner: Discovering "C:\\Users\\stan\\Documents\\Code\\Web\\Astro\\static_portfolio\\src\\components\\ui\\dropdown-menu.tsx"
2025-12-26T15:51:51.297481Z  INFO scan_sources: tailwindcss_oxide::scanner: Discovering "C:\\Users\\stan\\Documents\\Code\\Web\\Astro\\static_portfolio\\src\\components\\ui\\empty.tsx"
2025-12-26T15:51:51.297642Z  INFO scan_sources: tailwindcss_oxide::scanner: Discovering "C:\\Users\\stan\\Documents\\Code\\Web\\Astro\\static_portfolio\\src\\components\\ui\\Heading.astro"
2025-12-26T15:51:51.297783Z  INFO scan_sources: tailwindcss_oxide::scanner: Discovering "C:\\Users\\stan\\Documents\\Code\\Web\\Astro\\static_portfolio\\src\\components\\ui\\hover-card.tsx"
2025-12-26T15:51:51.297917Z  INFO scan_sources: tailwindcss_oxide::scanner: Discovering "C:\\Users\\stan\\Documents\\Code\\Web\\Astro\\static_portfolio\\src\\components\\ui\\Icon.astro"
2025-12-26T15:51:51.298047Z  INFO scan_sources: tailwindcss_oxide::scanner: Discovering "C:\\Users\\stan\\Documents\\Code\\Web\\Astro\\static_portfolio\\src\\components\\ui\\input-group.tsx"
2025-12-26T15:51:51.298275Z  INFO scan_sources: tailwindcss_oxide::scanner: Discovering "C:\\Users\\stan\\Documents\\Code\\Web\\Astro\\static_portfolio\\src\\components\\ui\\input.tsx"
2025-12-26T15:51:51.298415Z  INFO scan_sources: tailwindcss_oxide::scanner: Discovering "C:\\Users\\stan\\Documents\\Code\\Web\\Astro\\static_portfolio\\src\\components\\ui\\item.tsx"
2025-12-26T15:51:51.298549Z  INFO scan_sources: tailwindcss_oxide::scanner: Discovering "C:\\Users\\stan\\Documents\\Code\\Web\\Astro\\static_portfolio\\src\\components\\ui\\kbd.tsx"
2025-12-26T15:51:51.298676Z  INFO scan_sources: tailwindcss_oxide::scanner: Discovering "C:\\Users\\stan\\Documents\\Code\\Web\\Astro\\static_portfolio\\src\\components\\ui\\label.tsx"
2025-12-26T15:51:51.298804Z  INFO scan_sources: tailwindcss_oxide::scanner: Discovering "C:\\Users\\stan\\Documents\\Code\\Web\\Astro\\static_portfolio\\src\\components\\ui\\menubar.tsx"
2025-12-26T15:51:51.298940Z  INFO scan_sources: tailwindcss_oxide::scanner: Discovering "C:\\Users\\stan\\Documents\\Code\\Web\\Astro\\static_portfolio\\src\\components\\ui\\navigation-menu.tsx"
2025-12-26T15:51:51.299071Z  INFO scan_sources: tailwindcss_oxide::scanner: Discovering "C:\\Users\\stan\\Documents\\Code\\Web\\Astro\\static_portfolio\\src\\components\\ui\\popover.tsx"
2025-12-26T15:51:51.299200Z  INFO scan_sources: tailwindcss_oxide::scanner: Discovering "C:\\Users\\stan\\Documents\\Code\\Web\\Astro\\static_portfolio\\src\\components\\ui\\ReadMore.astro"
2025-12-26T15:51:51.299326Z  INFO scan_sources: tailwindcss_oxide::scanner: Discovering "C:\\Users\\stan\\Documents\\Code\\Web\\Astro\\static_portfolio\\src\\components\\ui\\resizable.tsx"
2025-12-26T15:51:51.299452Z  INFO scan_sources: tailwindcss_oxide::scanner: Discovering "C:\\Users\\stan\\Documents\\Code\\Web\\Astro\\static_portfolio\\src\\components\\ui\\scroll-area.tsx"
2025-12-26T15:51:51.299577Z  INFO scan_sources: tailwindcss_oxide::scanner: Discovering "C:\\Users\\stan\\Documents\\Code\\Web\\Astro\\static_portfolio\\src\\components\\ui\\select.tsx"
2025-12-26T15:51:51.299706Z  INFO scan_sources: tailwindcss_oxide::scanner: Discovering "C:\\Users\\stan\\Documents\\Code\\Web\\Astro\\static_portfolio\\src\\components\\ui\\separator.tsx"
2025-12-26T15:51:51.299831Z  INFO scan_sources: tailwindcss_oxide::scanner: Discovering "C:\\Users\\stan\\Documents\\Code\\Web\\Astro\\static_portfolio\\src\\components\\ui\\Share.astro"
2025-12-26T15:51:51.299958Z  INFO scan_sources: tailwindcss_oxide::scanner: Discovering "C:\\Users\\stan\\Documents\\Code\\Web\\Astro\\static_portfolio\\src\\components\\ui\\sheet.tsx"
2025-12-26T15:51:51.300150Z  INFO scan_sources: tailwindcss_oxide::scanner: Discovering "C:\\Users\\stan\\Documents\\Code\\Web\\Astro\\static_portfolio\\src\\components\\ui\\sidebar.tsx"
2025-12-26T15:51:51.300291Z  INFO scan_sources: tailwindcss_oxide::scanner: Discovering "C:\\Users\\stan\\Documents\\Code\\Web\\Astro\\static_portfolio\\src\\components\\ui\\skeleton.tsx"
2025-12-26T15:51:51.300417Z  INFO scan_sources: tailwindcss_oxide::scanner: Discovering "C:\\Users\\stan\\Documents\\Code\\Web\\Astro\\static_portfolio\\src\\components\\ui\\slider.tsx"
2025-12-26T15:51:51.300543Z  INFO scan_sources: tailwindcss_oxide::scanner: Discovering "C:\\Users\\stan\\Documents\\Code\\Web\\Astro\\static_portfolio\\src\\components\\ui\\Social.astro"
2025-12-26T15:51:51.300669Z  INFO scan_sources: tailwindcss_oxide::scanner: Discovering "C:\\Users\\stan\\Documents\\Code\\Web\\Astro\\static_portfolio\\src\\components\\ui\\sonner.tsx"
2025-12-26T15:51:51.300805Z  INFO scan_sources: tailwindcss_oxide::scanner: Discovering "C:\\Users\\stan\\Documents\\Code\\Web\\Astro\\static_portfolio\\src\\components\\ui\\spinner.tsx"
2025-12-26T15:51:51.300941Z  INFO scan_sources: tailwindcss_oxide::scanner: Discovering "C:\\Users\\stan\\Documents\\Code\\Web\\Astro\\static_portfolio\\src\\components\\ui\\switch.tsx"
2025-12-26T15:51:51.301068Z  INFO scan_sources: tailwindcss_oxide::scanner: Discovering "C:\\Users\\stan\\Documents\\Code\\Web\\Astro\\static_portfolio\\src\\components\\ui\\tabs.tsx"
2025-12-26T15:51:51.301195Z  INFO scan_sources: tailwindcss_oxide::scanner: Discovering "C:\\Users\\stan\\Documents\\Code\\Web\\Astro\\static_portfolio\\src\\components\\ui\\Tag.astro"
2025-12-26T15:51:51.301321Z  INFO scan_sources: tailwindcss_oxide::scanner: Discovering "C:\\Users\\stan\\Documents\\Code\\Web\\Astro\\static_portfolio\\src\\components\\ui\\textarea.tsx"
2025-12-26T15:51:51.301447Z  INFO scan_sources: tailwindcss_oxide::scanner: Discovering "C:\\Users\\stan\\Documents\\Code\\Web\\Astro\\static_portfolio\\src\\components\\ui\\ThemeIcon.astro"
2025-12-26T15:51:51.301576Z  INFO scan_sources: tailwindcss_oxide::scanner: Discovering "C:\\Users\\stan\\Documents\\Code\\Web\\Astro\\static_portfolio\\src\\components\\ui\\toggle-group.tsx"
2025-12-26T15:51:51.301749Z  INFO scan_sources: tailwindcss_oxide::scanner: Discovering "C:\\Users\\stan\\Documents\\Code\\Web\\Astro\\static_portfolio\\src\\components\\ui\\toggle.tsx"
2025-12-26T15:51:51.301876Z  INFO scan_sources: tailwindcss_oxide::scanner: Discovering "C:\\Users\\stan\\Documents\\Code\\Web\\Astro\\static_portfolio\\src\\components\\ui\\tooltip.tsx"
2025-12-26T15:51:51.302242Z  INFO scan_sources: tailwindcss_oxide::scanner: Discovering "C:\\Users\\stan\\Documents\\Code\\Web\\Astro\\static_portfolio\\src\\content"
2025-12-26T15:51:51.302697Z  INFO scan_sources: tailwindcss_oxide::scanner: Discovering "C:\\Users\\stan\\Documents\\Code\\Web\\Astro\\static_portfolio\\src\\content\\captions"
2025-12-26T15:51:51.302989Z  INFO scan_sources: tailwindcss_oxide::scanner: Discovering "C:\\Users\\stan\\Documents\\Code\\Web\\Astro\\static_portfolio\\src\\content\\captions\\testCaption.mdx"
2025-12-26T15:51:51.303167Z  INFO scan_sources: tailwindcss_oxide::scanner: Discovering "C:\\Users\\stan\\Documents\\Code\\Web\\Astro\\static_portfolio\\src\\content\\config.ts"
2025-12-26T15:51:51.303302Z  INFO scan_sources: tailwindcss_oxide::scanner: Discovering "C:\\Users\\stan\\Documents\\Code\\Web\\Astro\\static_portfolio\\src\\content\\figure"
2025-12-26T15:51:51.303526Z  INFO scan_sources: tailwindcss_oxide::scanner: Discovering "C:\\Users\\stan\\Documents\\Code\\Web\\Astro\\static_portfolio\\src\\content\\figures"
2025-12-26T15:51:51.303811Z  INFO scan_sources: tailwindcss_oxide::scanner: Discovering "C:\\Users\\stan\\Documents\\Code\\Web\\Astro\\static_portfolio\\src\\content\\figures\\testFigure.mdx"
2025-12-26T15:51:51.304093Z  INFO scan_sources: tailwindcss_oxide::scanner: Discovering "C:\\Users\\stan\\Documents\\Code\\Web\\Astro\\static_portfolio\\src\\content\\projects"
2025-12-26T15:51:51.304413Z  INFO scan_sources: tailwindcss_oxide::scanner: Discovering "C:\\Users\\stan\\Documents\\Code\\Web\\Astro\\static_portfolio\\src\\content\\projects\\clip2gif.mdx"
2025-12-26T15:51:51.304544Z  INFO scan_sources: tailwindcss_oxide::scanner: Discovering "C:\\Users\\stan\\Documents\\Code\\Web\\Astro\\static_portfolio\\src\\content\\projects\\dodgy-car.mdx"
2025-12-26T15:51:51.304672Z  INFO scan_sources: tailwindcss_oxide::scanner: Discovering "C:\\Users\\stan\\Documents\\Code\\Web\\Astro\\static_portfolio\\src\\content\\projects\\iklimit-viz.mdx"
2025-12-26T15:51:51.304800Z  INFO scan_sources: tailwindcss_oxide::scanner: Discovering "C:\\Users\\stan\\Documents\\Code\\Web\\Astro\\static_portfolio\\src\\content\\projects\\ikrig.mdx"
2025-12-26T15:51:51.304935Z  INFO scan_sources: tailwindcss_oxide::scanner: Discovering "C:\\Users\\stan\\Documents\\Code\\Web\\Astro\\static_portfolio\\src\\content\\projects\\irish-morph.mdx"
2025-12-26T15:51:51.305068Z  INFO scan_sources: tailwindcss_oxide::scanner: Discovering "C:\\Users\\stan\\Documents\\Code\\Web\\Astro\\static_portfolio\\src\\content\\projects\\mandarin-freq.mdx"
2025-12-26T15:51:51.305200Z  INFO scan_sources: tailwindcss_oxide::scanner: Discovering "C:\\Users\\stan\\Documents\\Code\\Web\\Astro\\static_portfolio\\src\\content\\projects\\obsidian-plugin.mdx"
2025-12-26T15:51:51.305335Z  INFO scan_sources: tailwindcss_oxide::scanner: Discovering "C:\\Users\\stan\\Documents\\Code\\Web\\Astro\\static_portfolio\\src\\content\\projects\\param-matrix.mdx"
2025-12-26T15:51:51.305462Z  INFO scan_sources: tailwindcss_oxide::scanner: Discovering "C:\\Users\\stan\\Documents\\Code\\Web\\Astro\\static_portfolio\\src\\content\\projects\\portfolio-site.mdx"
2025-12-26T15:51:51.305596Z  INFO scan_sources: tailwindcss_oxide::scanner: Discovering "C:\\Users\\stan\\Documents\\Code\\Web\\Astro\\static_portfolio\\src\\content\\projects\\proj-biomed.mdx"
2025-12-26T15:51:51.305724Z  INFO scan_sources: tailwindcss_oxide::scanner: Discovering "C:\\Users\\stan\\Documents\\Code\\Web\\Astro\\static_portfolio\\src\\content\\projects\\proj-colpa.mdx"
2025-12-26T15:51:51.305851Z  INFO scan_sources: tailwindcss_oxide::scanner: Discovering "C:\\Users\\stan\\Documents\\Code\\Web\\Astro\\static_portfolio\\src\\content\\projects\\proj-nlp.mdx"
2025-12-26T15:51:51.305978Z  INFO scan_sources: tailwindcss_oxide::scanner: Discovering "C:\\Users\\stan\\Documents\\Code\\Web\\Astro\\static_portfolio\\src\\content\\projects\\proj-phonphon.mdx"
2025-12-26T15:51:51.306106Z  INFO scan_sources: tailwindcss_oxide::scanner: Discovering "C:\\Users\\stan\\Documents\\Code\\Web\\Astro\\static_portfolio\\src\\content\\projects\\proj-pointerjump.mdx"
2025-12-26T15:51:51.306244Z  INFO scan_sources: tailwindcss_oxide::scanner: Discovering "C:\\Users\\stan\\Documents\\Code\\Web\\Astro\\static_portfolio\\src\\content\\projects\\pub-llms.mdx"
2025-12-26T15:51:51.306373Z  INFO scan_sources: tailwindcss_oxide::scanner: Discovering "C:\\Users\\stan\\Documents\\Code\\Web\\Astro\\static_portfolio\\src\\content\\projects\\pub-prions.mdx"
2025-12-26T15:51:51.306500Z  INFO scan_sources: tailwindcss_oxide::scanner: Discovering "C:\\Users\\stan\\Documents\\Code\\Web\\Astro\\static_portfolio\\src\\content\\projects\\pubmed-scrape.mdx"
2025-12-26T15:51:51.306633Z  INFO scan_sources: tailwindcss_oxide::scanner: Discovering "C:\\Users\\stan\\Documents\\Code\\Web\\Astro\\static_portfolio\\src\\content\\projects\\pubmed-search.mdx"
2025-12-26T15:51:51.306760Z  INFO scan_sources: tailwindcss_oxide::scanner: Discovering "C:\\Users\\stan\\Documents\\Code\\Web\\Astro\\static_portfolio\\src\\content\\projects\\rocq-modal.mdx"
2025-12-26T15:51:51.306887Z  INFO scan_sources: tailwindcss_oxide::scanner: Discovering "C:\\Users\\stan\\Documents\\Code\\Web\\Astro\\static_portfolio\\src\\content\\projects\\senior-design.mdx"
2025-12-26T15:51:51.307015Z  INFO scan_sources: tailwindcss_oxide::scanner: Discovering "C:\\Users\\stan\\Documents\\Code\\Web\\Astro\\static_portfolio\\src\\content\\projects\\swipl-recursion.mdx"
2025-12-26T15:51:51.307148Z  INFO scan_sources: tailwindcss_oxide::scanner: Discovering "C:\\Users\\stan\\Documents\\Code\\Web\\Astro\\static_portfolio\\src\\content\\projects\\testproj.mdx"
2025-12-26T15:51:51.307275Z  INFO scan_sources: tailwindcss_oxide::scanner: Discovering "C:\\Users\\stan\\Documents\\Code\\Web\\Astro\\static_portfolio\\src\\content\\projects\\testproj2.mdx"
2025-12-26T15:51:51.307402Z  INFO scan_sources: tailwindcss_oxide::scanner: Discovering "C:\\Users\\stan\\Documents\\Code\\Web\\Astro\\static_portfolio\\src\\content\\projects\\testproj3.mdx"
2025-12-26T15:51:51.307529Z  INFO scan_sources: tailwindcss_oxide::scanner: Discovering "C:\\Users\\stan\\Documents\\Code\\Web\\Astro\\static_portfolio\\src\\content\\projects\\testproj4.mdx"
2025-12-26T15:51:51.307657Z  INFO scan_sources: tailwindcss_oxide::scanner: Discovering "C:\\Users\\stan\\Documents\\Code\\Web\\Astro\\static_portfolio\\src\\content\\projects\\typst-coverletter.mdx"
2025-12-26T15:51:51.307788Z  INFO scan_sources: tailwindcss_oxide::scanner: Discovering "C:\\Users\\stan\\Documents\\Code\\Web\\Astro\\static_portfolio\\src\\content\\projects\\typst-resume.mdx"
2025-12-26T15:51:51.307924Z  INFO scan_sources: tailwindcss_oxide::scanner: Discovering "C:\\Users\\stan\\Documents\\Code\\Web\\Astro\\static_portfolio\\src\\content\\projects\\visual-interactive-ml.mdx"
2025-12-26T15:51:51.308234Z  INFO scan_sources: tailwindcss_oxide::scanner: Discovering "C:\\Users\\stan\\Documents\\Code\\Web\\Astro\\static_portfolio\\src\\content\\staticData"
2025-12-26T15:51:51.308534Z  INFO scan_sources: tailwindcss_oxide::scanner: Discovering "C:\\Users\\stan\\Documents\\Code\\Web\\Astro\\static_portfolio\\src\\content\\staticData\\allStaticData.json"
2025-12-26T15:51:51.308750Z  INFO scan_sources: tailwindcss_oxide::scanner: Discovering "C:\\Users\\stan\\Documents\\Code\\Web\\Astro\\static_portfolio\\src\\env.d.ts"
2025-12-26T15:51:51.309042Z  INFO scan_sources: tailwindcss_oxide::scanner: Discovering "C:\\Users\\stan\\Documents\\Code\\Web\\Astro\\static_portfolio\\src\\hooks"
2025-12-26T15:51:51.309354Z  INFO scan_sources: tailwindcss_oxide::scanner: Discovering "C:\\Users\\stan\\Documents\\Code\\Web\\Astro\\static_portfolio\\src\\hooks\\ErrorBoundary.tsx"
2025-12-26T15:51:51.309484Z  INFO scan_sources: tailwindcss_oxide::scanner: Discovering "C:\\Users\\stan\\Documents\\Code\\Web\\Astro\\static_portfolio\\src\\hooks\\use-auto-scroll.ts"
2025-12-26T15:51:51.309617Z  INFO scan_sources: tailwindcss_oxide::scanner: Discovering "C:\\Users\\stan\\Documents\\Code\\Web\\Astro\\static_portfolio\\src\\hooks\\use-copy-to-clipboard.ts"
2025-12-26T15:51:51.309870Z  INFO scan_sources: tailwindcss_oxide::scanner: Discovering "C:\\Users\\stan\\Documents\\Code\\Web\\Astro\\static_portfolio\\src\\hooks\\use-debounce-callback.ts"
2025-12-26T15:51:51.310061Z  INFO scan_sources: tailwindcss_oxide::scanner: Discovering "C:\\Users\\stan\\Documents\\Code\\Web\\Astro\\static_portfolio\\src\\hooks\\use-device-detect.ts"
2025-12-26T15:51:51.310229Z  INFO scan_sources: tailwindcss_oxide::scanner: Discovering "C:\\Users\\stan\\Documents\\Code\\Web\\Astro\\static_portfolio\\src\\hooks\\use-dom-ready.ts"
2025-12-26T15:51:51.310361Z  INFO scan_sources: tailwindcss_oxide::scanner: Discovering "C:\\Users\\stan\\Documents\\Code\\Web\\Astro\\static_portfolio\\src\\hooks\\use-error-boundary.tsx"
2025-12-26T15:51:51.310507Z  INFO scan_sources: tailwindcss_oxide::scanner: Discovering "C:\\Users\\stan\\Documents\\Code\\Web\\Astro\\static_portfolio\\src\\hooks\\use-focus-trap.ts"
2025-12-26T15:51:51.310635Z  INFO scan_sources: tailwindcss_oxide::scanner: Discovering "C:\\Users\\stan\\Documents\\Code\\Web\\Astro\\static_portfolio\\src\\hooks\\use-in-view.ts"
2025-12-26T15:51:51.310771Z  INFO scan_sources: tailwindcss_oxide::scanner: Discovering "C:\\Users\\stan\\Documents\\Code\\Web\\Astro\\static_portfolio\\src\\hooks\\use-intersection-observer.ts"
2025-12-26T15:51:51.310899Z  INFO scan_sources: tailwindcss_oxide::scanner: Discovering "C:\\Users\\stan\\Documents\\Code\\Web\\Astro\\static_portfolio\\src\\hooks\\use-is-client.ts"
2025-12-26T15:51:51.311026Z  INFO scan_sources: tailwindcss_oxide::scanner: Discovering "C:\\Users\\stan\\Documents\\Code\\Web\\Astro\\static_portfolio\\src\\hooks\\use-is-first-render.ts"
2025-12-26T15:51:51.311151Z  INFO scan_sources: tailwindcss_oxide::scanner: Discovering "C:\\Users\\stan\\Documents\\Code\\Web\\Astro\\static_portfolio\\src\\hooks\\use-long-press.ts"
2025-12-26T15:51:51.311284Z  INFO scan_sources: tailwindcss_oxide::scanner: Discovering "C:\\Users\\stan\\Documents\\Code\\Web\\Astro\\static_portfolio\\src\\hooks\\use-media-query.tsx"
2025-12-26T15:51:51.311423Z  INFO scan_sources: tailwindcss_oxide::scanner: Discovering "C:\\Users\\stan\\Documents\\Code\\Web\\Astro\\static_portfolio\\src\\hooks\\use-merge-refs.ts"
2025-12-26T15:51:51.311553Z  INFO scan_sources: tailwindcss_oxide::scanner: Discovering "C:\\Users\\stan\\Documents\\Code\\Web\\Astro\\static_portfolio\\src\\hooks\\use-mobile.ts"
2025-12-26T15:51:51.311685Z  INFO scan_sources: tailwindcss_oxide::scanner: Discovering "C:\\Users\\stan\\Documents\\Code\\Web\\Astro\\static_portfolio\\src\\hooks\\use-mounted.ts"
2025-12-26T15:51:51.311813Z  INFO scan_sources: tailwindcss_oxide::scanner: Discovering "C:\\Users\\stan\\Documents\\Code\\Web\\Astro\\static_portfolio\\src\\hooks\\use-mutation-observer.ts"
2025-12-26T15:51:51.311939Z  INFO scan_sources: tailwindcss_oxide::scanner: Discovering "C:\\Users\\stan\\Documents\\Code\\Web\\Astro\\static_portfolio\\src\\hooks\\use-render-debugger.ts"
2025-12-26T15:51:51.312071Z  INFO scan_sources: tailwindcss_oxide::scanner: Discovering "C:\\Users\\stan\\Documents\\Code\\Web\\Astro\\static_portfolio\\src\\hooks\\use-scramble.ts"
2025-12-26T15:51:51.312240Z  INFO scan_sources: tailwindcss_oxide::scanner: Discovering "C:\\Users\\stan\\Documents\\Code\\Web\\Astro\\static_portfolio\\src\\hooks\\use-scroll-to-top.ts"
2025-12-26T15:51:51.312375Z  INFO scan_sources: tailwindcss_oxide::scanner: Discovering "C:\\Users\\stan\\Documents\\Code\\Web\\Astro\\static_portfolio\\src\\hooks\\use-session-storage.ts"
2025-12-26T15:51:51.312510Z  INFO scan_sources: tailwindcss_oxide::scanner: Discovering "C:\\Users\\stan\\Documents\\Code\\Web\\Astro\\static_portfolio\\src\\hooks\\use-speakup.ts"
2025-12-26T15:51:51.312639Z  INFO scan_sources: tailwindcss_oxide::scanner: Discovering "C:\\Users\\stan\\Documents\\Code\\Web\\Astro\\static_portfolio\\src\\hooks\\use-throttle.ts"
2025-12-26T15:51:51.312767Z  INFO scan_sources: tailwindcss_oxide::scanner: Discovering "C:\\Users\\stan\\Documents\\Code\\Web\\Astro\\static_portfolio\\src\\hooks\\use-unmount.ts"
2025-12-26T15:51:51.312893Z  INFO scan_sources: tailwindcss_oxide::scanner: Discovering "C:\\Users\\stan\\Documents\\Code\\Web\\Astro\\static_portfolio\\src\\hooks\\use-update-effect.ts"
2025-12-26T15:51:51.313020Z  INFO scan_sources: tailwindcss_oxide::scanner: Discovering "C:\\Users\\stan\\Documents\\Code\\Web\\Astro\\static_portfolio\\src\\hooks\\use-window-scroll.ts"
2025-12-26T15:51:51.313146Z  INFO scan_sources: tailwindcss_oxide::scanner: Discovering "C:\\Users\\stan\\Documents\\Code\\Web\\Astro\\static_portfolio\\src\\hooks\\useAnimateHeight.ts"
2025-12-26T15:51:51.313355Z  INFO scan_sources: tailwindcss_oxide::scanner: Discovering "C:\\Users\\stan\\Documents\\Code\\Web\\Astro\\static_portfolio\\src\\hooks\\useCallbackRequest.ts"
2025-12-26T15:51:51.313545Z  INFO scan_sources: tailwindcss_oxide::scanner: Discovering "C:\\Users\\stan\\Documents\\Code\\Web\\Astro\\static_portfolio\\src\\hooks\\useChangeSubcription.ts"
2025-12-26T15:51:51.313670Z  INFO scan_sources: tailwindcss_oxide::scanner: Discovering "C:\\Users\\stan\\Documents\\Code\\Web\\Astro\\static_portfolio\\src\\hooks\\useDeferredValueSwitch.ts"
2025-12-26T15:51:51.313796Z  INFO scan_sources: tailwindcss_oxide::scanner: Discovering "C:\\Users\\stan\\Documents\\Code\\Web\\Astro\\static_portfolio\\src\\hooks\\useDeferredValueWithStatus.ts"
2025-12-26T15:51:51.313920Z  INFO scan_sources: tailwindcss_oxide::scanner: Discovering "C:\\Users\\stan\\Documents\\Code\\Web\\Astro\\static_portfolio\\src\\hooks\\useDelayedFunc.ts"
2025-12-26T15:51:51.314142Z  INFO scan_sources: tailwindcss_oxide::scanner: Discovering "C:\\Users\\stan\\Documents\\Code\\Web\\Astro\\static_portfolio\\src\\hooks\\useEnsureRef.ts"
2025-12-26T15:51:51.314270Z  INFO scan_sources: tailwindcss_oxide::scanner: Discovering "C:\\Users\\stan\\Documents\\Code\\Web\\Astro\\static_portfolio\\src\\hooks\\useFlip.ts"
2025-12-26T15:51:51.314395Z  INFO scan_sources: tailwindcss_oxide::scanner: Discovering "C:\\Users\\stan\\Documents\\Code\\Web\\Astro\\static_portfolio\\src\\hooks\\useGSAPContext.ts"
2025-12-26T15:51:51.314544Z  INFO scan_sources: tailwindcss_oxide::scanner: Discovering "C:\\Users\\stan\\Documents\\Code\\Web\\Astro\\static_portfolio\\src\\hooks\\useImagesLoaded.ts"
2025-12-26T15:51:51.314669Z  INFO scan_sources: tailwindcss_oxide::scanner: Discovering "C:\\Users\\stan\\Documents\\Code\\Web\\Astro\\static_portfolio\\src\\hooks\\usePromise.ts"
2025-12-26T15:51:51.314801Z  INFO scan_sources: tailwindcss_oxide::scanner: Discovering "C:\\Users\\stan\\Documents\\Code\\Web\\Astro\\static_portfolio\\src\\hooks\\usePromiseTransition.ts"
2025-12-26T15:51:51.314933Z  INFO scan_sources: tailwindcss_oxide::scanner: Discovering "C:\\Users\\stan\\Documents\\Code\\Web\\Astro\\static_portfolio\\src\\hooks\\useReportingMemo.ts"
2025-12-26T15:51:51.315058Z  INFO scan_sources: tailwindcss_oxide::scanner: Discovering "C:\\Users\\stan\\Documents\\Code\\Web\\Astro\\static_portfolio\\src\\hooks\\useResizeObserver.ts"
2025-12-26T15:51:51.315183Z  INFO scan_sources: tailwindcss_oxide::scanner: Discovering "C:\\Users\\stan\\Documents\\Code\\Web\\Astro\\static_portfolio\\src\\hooks\\useScrollToRow.tsx"
2025-12-26T15:51:51.315309Z  INFO scan_sources: tailwindcss_oxide::scanner: Discovering "C:\\Users\\stan\\Documents\\Code\\Web\\Astro\\static_portfolio\\src\\hooks\\useSyncedRef.ts"
2025-12-26T15:51:51.315445Z  INFO scan_sources: tailwindcss_oxide::scanner: Discovering "C:\\Users\\stan\\Documents\\Code\\Web\\Astro\\static_portfolio\\src\\hooks\\useThrottledDebounce.ts"
2025-12-26T15:51:51.315574Z  INFO scan_sources: tailwindcss_oxide::scanner: Discovering "C:\\Users\\stan\\Documents\\Code\\Web\\Astro\\static_portfolio\\src\\hooks\\useValueChanged.tsx"
2025-12-26T15:51:51.315703Z  INFO scan_sources: tailwindcss_oxide::scanner: Discovering "C:\\Users\\stan\\Documents\\Code\\Web\\Astro\\static_portfolio\\src\\hooks\\useWindowSize.ts"
2025-12-26T15:51:51.316005Z  INFO scan_sources: tailwindcss_oxide::scanner: Discovering "C:\\Users\\stan\\Documents\\Code\\Web\\Astro\\static_portfolio\\src\\icons"
2025-12-26T15:51:51.316330Z  INFO scan_sources: tailwindcss_oxide::scanner: Discovering "C:\\Users\\stan\\Documents\\Code\\Web\\Astro\\static_portfolio\\src\\icons\\AArch64.svg"
2025-12-26T15:51:51.316470Z  INFO scan_sources: tailwindcss_oxide::scanner: Discovering "C:\\Users\\stan\\Documents\\Code\\Web\\Astro\\static_portfolio\\src\\icons\\angular.svg"
2025-12-26T15:51:51.316598Z  INFO scan_sources: tailwindcss_oxide::scanner: Discovering "C:\\Users\\stan\\Documents\\Code\\Web\\Astro\\static_portfolio\\src\\icons\\arrow-left.svg"
2025-12-26T15:51:51.316722Z  INFO scan_sources: tailwindcss_oxide::scanner: Discovering "C:\\Users\\stan\\Documents\\Code\\Web\\Astro\\static_portfolio\\src\\icons\\astro.svg"
2025-12-26T15:51:51.316847Z  INFO scan_sources: tailwindcss_oxide::scanner: Discovering "C:\\Users\\stan\\Documents\\Code\\Web\\Astro\\static_portfolio\\src\\icons\\bars.svg"
2025-12-26T15:51:51.316972Z  INFO scan_sources: tailwindcss_oxide::scanner: Discovering "C:\\Users\\stan\\Documents\\Code\\Web\\Astro\\static_portfolio\\src\\icons\\Bash.svg"
2025-12-26T15:51:51.317098Z  INFO scan_sources: tailwindcss_oxide::scanner: Discovering "C:\\Users\\stan\\Documents\\Code\\Web\\Astro\\static_portfolio\\src\\icons\\bitwarden.svg"
2025-12-26T15:51:51.317225Z  INFO scan_sources: tailwindcss_oxide::scanner: Discovering "C:\\Users\\stan\\Documents\\Code\\Web\\Astro\\static_portfolio\\src\\icons\\Blender.svg"
2025-12-26T15:51:51.317352Z  INFO scan_sources: tailwindcss_oxide::scanner: Discovering "C:\\Users\\stan\\Documents\\Code\\Web\\Astro\\static_portfolio\\src\\icons\\bootstrap.svg"
2025-12-26T15:51:51.317492Z  INFO scan_sources: tailwindcss_oxide::scanner: Discovering "C:\\Users\\stan\\Documents\\Code\\Web\\Astro\\static_portfolio\\src\\icons\\briefcase.svg"
2025-12-26T15:51:51.317618Z  INFO scan_sources: tailwindcss_oxide::scanner: Discovering "C:\\Users\\stan\\Documents\\Code\\Web\\Astro\\static_portfolio\\src\\icons\\C.svg"
2025-12-26T15:51:51.317742Z  INFO scan_sources: tailwindcss_oxide::scanner: Discovering "C:\\Users\\stan\\Documents\\Code\\Web\\Astro\\static_portfolio\\src\\icons\\cloudflare.svg"
2025-12-26T15:51:51.317867Z  INFO scan_sources: tailwindcss_oxide::scanner: Discovering "C:\\Users\\stan\\Documents\\Code\\Web\\Astro\\static_portfolio\\src\\icons\\code.svg"
2025-12-26T15:51:51.317992Z  INFO scan_sources: tailwindcss_oxide::scanner: Discovering "C:\\Users\\stan\\Documents\\Code\\Web\\Astro\\static_portfolio\\src\\icons\\copilot.svg"
2025-12-26T15:51:51.318123Z  INFO scan_sources: tailwindcss_oxide::scanner: Discovering "C:\\Users\\stan\\Documents\\Code\\Web\\Astro\\static_portfolio\\src\\icons\\csharp.svg"
2025-12-26T15:51:51.318255Z  INFO scan_sources: tailwindcss_oxide::scanner: Discovering "C:\\Users\\stan\\Documents\\Code\\Web\\Astro\\static_portfolio\\src\\icons\\css.svg"
2025-12-26T15:51:51.318381Z  INFO scan_sources: tailwindcss_oxide::scanner: Discovering "C:\\Users\\stan\\Documents\\Code\\Web\\Astro\\static_portfolio\\src\\icons\\cursor-ia.svg"
2025-12-26T15:51:51.318510Z  INFO scan_sources: tailwindcss_oxide::scanner: Discovering "C:\\Users\\stan\\Documents\\Code\\Web\\Astro\\static_portfolio\\src\\icons\\dashboard.svg"
2025-12-26T15:51:51.318651Z  INFO scan_sources: tailwindcss_oxide::scanner: Discovering "C:\\Users\\stan\\Documents\\Code\\Web\\Astro\\static_portfolio\\src\\icons\\deepseek.svg"
2025-12-26T15:51:51.318800Z  INFO scan_sources: tailwindcss_oxide::scanner: Discovering "C:\\Users\\stan\\Documents\\Code\\Web\\Astro\\static_portfolio\\src\\icons\\envelope.svg"
2025-12-26T15:51:51.318926Z  INFO scan_sources: tailwindcss_oxide::scanner: Discovering "C:\\Users\\stan\\Documents\\Code\\Web\\Astro\\static_portfolio\\src\\icons\\facebook.svg"
2025-12-26T15:51:51.319062Z  INFO scan_sources: tailwindcss_oxide::scanner: Discovering "C:\\Users\\stan\\Documents\\Code\\Web\\Astro\\static_portfolio\\src\\icons\\figma.svg"
2025-12-26T15:51:51.319186Z  INFO scan_sources: tailwindcss_oxide::scanner: Discovering "C:\\Users\\stan\\Documents\\Code\\Web\\Astro\\static_portfolio\\src\\icons\\firebase.svg"
2025-12-26T15:51:51.319311Z  INFO scan_sources: tailwindcss_oxide::scanner: Discovering "C:\\Users\\stan\\Documents\\Code\\Web\\Astro\\static_portfolio\\src\\icons\\gatsby.svg"
2025-12-26T15:51:51.319436Z  INFO scan_sources: tailwindcss_oxide::scanner: Discovering "C:\\Users\\stan\\Documents\\Code\\Web\\Astro\\static_portfolio\\src\\icons\\git.svg"
2025-12-26T15:51:51.319575Z  INFO scan_sources: tailwindcss_oxide::scanner: Discovering "C:\\Users\\stan\\Documents\\Code\\Web\\Astro\\static_portfolio\\src\\icons\\github-svg.svg"
2025-12-26T15:51:51.319698Z  INFO scan_sources: tailwindcss_oxide::scanner: Discovering "C:\\Users\\stan\\Documents\\Code\\Web\\Astro\\static_portfolio\\src\\icons\\github.svg"
2025-12-26T15:51:51.319843Z  INFO scan_sources: tailwindcss_oxide::scanner: Discovering "C:\\Users\\stan\\Documents\\Code\\Web\\Astro\\static_portfolio\\src\\icons\\GNU Emacs.svg"
2025-12-26T15:51:51.319970Z  INFO scan_sources: tailwindcss_oxide::scanner: Discovering "C:\\Users\\stan\\Documents\\Code\\Web\\Astro\\static_portfolio\\src\\icons\\html.svg"
2025-12-26T15:51:51.320096Z  INFO scan_sources: tailwindcss_oxide::scanner: Discovering "C:\\Users\\stan\\Documents\\Code\\Web\\Astro\\static_portfolio\\src\\icons\\icon-rocq-orange.svg"
2025-12-26T15:51:51.320220Z  INFO scan_sources: tailwindcss_oxide::scanner: Discovering "C:\\Users\\stan\\Documents\\Code\\Web\\Astro\\static_portfolio\\src\\icons\\info.svg"
2025-12-26T15:51:51.320342Z  INFO scan_sources: tailwindcss_oxide::scanner: Discovering "C:\\Users\\stan\\Documents\\Code\\Web\\Astro\\static_portfolio\\src\\icons\\instagram.svg"
2025-12-26T15:51:51.320465Z  INFO scan_sources: tailwindcss_oxide::scanner: Discovering "C:\\Users\\stan\\Documents\\Code\\Web\\Astro\\static_portfolio\\src\\icons\\javascript.svg"
2025-12-26T15:51:51.320586Z  INFO scan_sources: tailwindcss_oxide::scanner: Discovering "C:\\Users\\stan\\Documents\\Code\\Web\\Astro\\static_portfolio\\src\\icons\\LaTeX.svg"
2025-12-26T15:51:51.320717Z  INFO scan_sources: tailwindcss_oxide::scanner: Discovering "C:\\Users\\stan\\Documents\\Code\\Web\\Astro\\static_portfolio\\src\\icons\\linkedin.svg"
2025-12-26T15:51:51.320843Z  INFO scan_sources: tailwindcss_oxide::scanner: Discovering "C:\\Users\\stan\\Documents\\Code\\Web\\Astro\\static_portfolio\\src\\icons\\logo-rocq-vertical-orange.svg"
2025-12-26T15:51:51.320967Z  INFO scan_sources: tailwindcss_oxide::scanner: Discovering "C:\\Users\\stan\\Documents\\Code\\Web\\Astro\\static_portfolio\\src\\icons\\logo.svg"
2025-12-26T15:51:51.321248Z  INFO scan_sources: tailwindcss_oxide::scanner: Discovering "C:\\Users\\stan\\Documents\\Code\\Web\\Astro\\static_portfolio\\src\\icons\\Lua.svg"
2025-12-26T15:51:51.321374Z  INFO scan_sources: tailwindcss_oxide::scanner: Discovering "C:\\Users\\stan\\Documents\\Code\\Web\\Astro\\static_portfolio\\src\\icons\\markdown.svg"
2025-12-26T15:51:51.321512Z  INFO scan_sources: tailwindcss_oxide::scanner: Discovering "C:\\Users\\stan\\Documents\\Code\\Web\\Astro\\static_portfolio\\src\\icons\\MATLAB.svg"
2025-12-26T15:51:51.321638Z  INFO scan_sources: tailwindcss_oxide::scanner: Discovering "C:\\Users\\stan\\Documents\\Code\\Web\\Astro\\static_portfolio\\src\\icons\\md.svg"
2025-12-26T15:51:51.321762Z  INFO scan_sources: tailwindcss_oxide::scanner: Discovering "C:\\Users\\stan\\Documents\\Code\\Web\\Astro\\static_portfolio\\src\\icons\\mongo.svg"
2025-12-26T15:51:51.321886Z  INFO scan_sources: tailwindcss_oxide::scanner: Discovering "C:\\Users\\stan\\Documents\\Code\\Web\\Astro\\static_portfolio\\src\\icons\\moon.svg"
2025-12-26T15:51:51.322010Z  INFO scan_sources: tailwindcss_oxide::scanner: Discovering "C:\\Users\\stan\\Documents\\Code\\Web\\Astro\\static_portfolio\\src\\icons\\mysql.svg"
2025-12-26T15:51:51.322136Z  INFO scan_sources: tailwindcss_oxide::scanner: Discovering "C:\\Users\\stan\\Documents\\Code\\Web\\Astro\\static_portfolio\\src\\icons\\Neovim-mark.svg"
2025-12-26T15:51:51.322263Z  INFO scan_sources: tailwindcss_oxide::scanner: Discovering "C:\\Users\\stan\\Documents\\Code\\Web\\Astro\\static_portfolio\\src\\icons\\netlify.svg"
2025-12-26T15:51:51.322401Z  INFO scan_sources: tailwindcss_oxide::scanner: Discovering "C:\\Users\\stan\\Documents\\Code\\Web\\Astro\\static_portfolio\\src\\icons\\node.svg"
2025-12-26T15:51:51.322525Z  INFO scan_sources: tailwindcss_oxide::scanner: Discovering "C:\\Users\\stan\\Documents\\Code\\Web\\Astro\\static_portfolio\\src\\icons\\NumPy.svg"
2025-12-26T15:51:51.322648Z  INFO scan_sources: tailwindcss_oxide::scanner: Discovering "C:\\Users\\stan\\Documents\\Code\\Web\\Astro\\static_portfolio\\src\\icons\\Pandas.svg"
2025-12-26T15:51:51.322775Z  INFO scan_sources: tailwindcss_oxide::scanner: Discovering "C:\\Users\\stan\\Documents\\Code\\Web\\Astro\\static_portfolio\\src\\icons\\paperplane.svg"
2025-12-26T15:51:51.322900Z  INFO scan_sources: tailwindcss_oxide::scanner: Discovering "C:\\Users\\stan\\Documents\\Code\\Web\\Astro\\static_portfolio\\src\\icons\\person.svg"
2025-12-26T15:51:51.323026Z  INFO scan_sources: tailwindcss_oxide::scanner: Discovering "C:\\Users\\stan\\Documents\\Code\\Web\\Astro\\static_portfolio\\src\\icons\\php.svg"
2025-12-26T15:51:51.323149Z  INFO scan_sources: tailwindcss_oxide::scanner: Discovering "C:\\Users\\stan\\Documents\\Code\\Web\\Astro\\static_portfolio\\src\\icons\\Powershell.svg"
2025-12-26T15:51:51.323276Z  INFO scan_sources: tailwindcss_oxide::scanner: Discovering "C:\\Users\\stan\\Documents\\Code\\Web\\Astro\\static_portfolio\\src\\icons\\python.svg"
2025-12-26T15:51:51.323398Z  INFO scan_sources: tailwindcss_oxide::scanner: Discovering "C:\\Users\\stan\\Documents\\Code\\Web\\Astro\\static_portfolio\\src\\icons\\Python2.svg"
2025-12-26T15:51:51.323546Z  INFO scan_sources: tailwindcss_oxide::scanner: Discovering "C:\\Users\\stan\\Documents\\Code\\Web\\Astro\\static_portfolio\\src\\icons\\PyTorch.svg"
2025-12-26T15:51:51.323670Z  INFO scan_sources: tailwindcss_oxide::scanner: Discovering "C:\\Users\\stan\\Documents\\Code\\Web\\Astro\\static_portfolio\\src\\icons\\rocket.svg"
2025-12-26T15:51:51.323792Z  INFO scan_sources: tailwindcss_oxide::scanner: Discovering "C:\\Users\\stan\\Documents\\Code\\Web\\Astro\\static_portfolio\\src\\icons\\sass.svg"
2025-12-26T15:51:51.323916Z  INFO scan_sources: tailwindcss_oxide::scanner: Discovering "C:\\Users\\stan\\Documents\\Code\\Web\\Astro\\static_portfolio\\src\\icons\\sun.svg"
2025-12-26T15:51:51.324053Z  INFO scan_sources: tailwindcss_oxide::scanner: Discovering "C:\\Users\\stan\\Documents\\Code\\Web\\Astro\\static_portfolio\\src\\icons\\tailwind.svg"
2025-12-26T15:51:51.324217Z  INFO scan_sources: tailwindcss_oxide::scanner: Discovering "C:\\Users\\stan\\Documents\\Code\\Web\\Astro\\static_portfolio\\src\\icons\\twitter.svg"
2025-12-26T15:51:51.324340Z  INFO scan_sources: tailwindcss_oxide::scanner: Discovering "C:\\Users\\stan\\Documents\\Code\\Web\\Astro\\static_portfolio\\src\\icons\\typescript.svg"
2025-12-26T15:51:51.324472Z  INFO scan_sources: tailwindcss_oxide::scanner: Discovering "C:\\Users\\stan\\Documents\\Code\\Web\\Astro\\static_portfolio\\src\\icons\\Ubuntu.svg"
2025-12-26T15:51:51.324601Z  INFO scan_sources: tailwindcss_oxide::scanner: Discovering "C:\\Users\\stan\\Documents\\Code\\Web\\Astro\\static_portfolio\\src\\icons\\vercel.svg"
2025-12-26T15:51:51.324724Z  INFO scan_sources: tailwindcss_oxide::scanner: Discovering "C:\\Users\\stan\\Documents\\Code\\Web\\Astro\\static_portfolio\\src\\icons\\whatsapp.svg"
2025-12-26T15:51:51.324890Z  INFO scan_sources: tailwindcss_oxide::scanner: Discovering "C:\\Users\\stan\\Documents\\Code\\Web\\Astro\\static_portfolio\\src\\icons\\windsurf-logo.svg"
2025-12-26T15:51:51.325014Z  INFO scan_sources: tailwindcss_oxide::scanner: Discovering "C:\\Users\\stan\\Documents\\Code\\Web\\Astro\\static_portfolio\\src\\icons\\wordpress.svg"
2025-12-26T15:51:51.325139Z  INFO scan_sources: tailwindcss_oxide::scanner: Discovering "C:\\Users\\stan\\Documents\\Code\\Web\\Astro\\static_portfolio\\src\\icons\\xmark.svg"
2025-12-26T15:51:51.325271Z  INFO scan_sources: tailwindcss_oxide::scanner: Discovering "C:\\Users\\stan\\Documents\\Code\\Web\\Astro\\static_portfolio\\src\\icons\\youtube.svg"
2025-12-26T15:51:51.325571Z  INFO scan_sources: tailwindcss_oxide::scanner: Discovering "C:\\Users\\stan\\Documents\\Code\\Web\\Astro\\static_portfolio\\src\\layouts"
2025-12-26T15:51:51.325931Z  INFO scan_sources: tailwindcss_oxide::scanner: Discovering "C:\\Users\\stan\\Documents\\Code\\Web\\Astro\\static_portfolio\\src\\layouts\\Layout.astro"
2025-12-26T15:51:51.326162Z  INFO scan_sources: tailwindcss_oxide::scanner: Discovering "C:\\Users\\stan\\Documents\\Code\\Web\\Astro\\static_portfolio\\src\\layouts\\MarkdownAbout.astro"
2025-12-26T15:51:51.326363Z  INFO scan_sources: tailwindcss_oxide::scanner: Discovering "C:\\Users\\stan\\Documents\\Code\\Web\\Astro\\static_portfolio\\src\\layouts\\MarkdownPostLayout.astro"
2025-12-26T15:51:51.326563Z  INFO scan_sources: tailwindcss_oxide::scanner: Discovering "C:\\Users\\stan\\Documents\\Code\\Web\\Astro\\static_portfolio\\src\\layouts\\ProjectLayout.astro"
2025-12-26T15:51:51.326882Z  INFO scan_sources: tailwindcss_oxide::scanner: Discovering "C:\\Users\\stan\\Documents\\Code\\Web\\Astro\\static_portfolio\\src\\lib"
2025-12-26T15:51:51.327296Z  INFO scan_sources: tailwindcss_oxide::scanner: Discovering "C:\\Users\\stan\\Documents\\Code\\Web\\Astro\\static_portfolio\\src\\lib\\objutil.ts"
2025-12-26T15:51:51.327520Z  INFO scan_sources: tailwindcss_oxide::scanner: Discovering "C:\\Users\\stan\\Documents\\Code\\Web\\Astro\\static_portfolio\\src\\lib\\type-utils.ts"
2025-12-26T15:51:51.327704Z  INFO scan_sources: tailwindcss_oxide::scanner: Discovering "C:\\Users\\stan\\Documents\\Code\\Web\\Astro\\static_portfolio\\src\\lib\\utils.ts"
2025-12-26T15:51:51.328122Z  INFO scan_sources: tailwindcss_oxide::scanner: Discovering "C:\\Users\\stan\\Documents\\Code\\Web\\Astro\\static_portfolio\\src\\pages"
2025-12-26T15:51:51.328644Z  INFO scan_sources: tailwindcss_oxide::scanner: Discovering "C:\\Users\\stan\\Documents\\Code\\Web\\Astro\\static_portfolio\\src\\pages\\about-me.md"
2025-12-26T15:51:51.328952Z  INFO scan_sources: tailwindcss_oxide::scanner: Discovering "C:\\Users\\stan\\Documents\\Code\\Web\\Astro\\static_portfolio\\src\\pages\\blog"
2025-12-26T15:51:51.329288Z  INFO scan_sources: tailwindcss_oxide::scanner: Discovering "C:\\Users\\stan\\Documents\\Code\\Web\\Astro\\static_portfolio\\src\\pages\\blog\\index.astro"
2025-12-26T15:51:51.329534Z  INFO scan_sources: tailwindcss_oxide::scanner: Discovering "C:\\Users\\stan\\Documents\\Code\\Web\\Astro\\static_portfolio\\src\\pages\\blog\\posts"
2025-12-26T15:51:51.329921Z  INFO scan_sources: tailwindcss_oxide::scanner: Discovering "C:\\Users\\stan\\Documents\\Code\\Web\\Astro\\static_portfolio\\src\\pages\\blog\\posts\\how-to-create-an-animated-border-with-tailwind.md"
2025-12-26T15:51:51.330057Z  INFO scan_sources: tailwindcss_oxide::scanner: Discovering "C:\\Users\\stan\\Documents\\Code\\Web\\Astro\\static_portfolio\\src\\pages\\blog\\posts\\index.astro"
2025-12-26T15:51:51.330185Z  INFO scan_sources: tailwindcss_oxide::scanner: Discovering "C:\\Users\\stan\\Documents\\Code\\Web\\Astro\\static_portfolio\\src\\pages\\blog\\posts\\markdown-tutorial.md"
2025-12-26T15:51:51.330312Z  INFO scan_sources: tailwindcss_oxide::scanner: Discovering "C:\\Users\\stan\\Documents\\Code\\Web\\Astro\\static_portfolio\\src\\pages\\blog\\posts\\readme-neonmint.md"
2025-12-26T15:51:51.330583Z  INFO scan_sources: tailwindcss_oxide::scanner: Discovering "C:\\Users\\stan\\Documents\\Code\\Web\\Astro\\static_portfolio\\src\\pages\\blog\\tags"
2025-12-26T15:51:51.330873Z  INFO scan_sources: tailwindcss_oxide::scanner: Discovering "C:\\Users\\stan\\Documents\\Code\\Web\\Astro\\static_portfolio\\src\\pages\\blog\\tags\\index.astro"
2025-12-26T15:51:51.330999Z  INFO scan_sources: tailwindcss_oxide::scanner: Discovering "C:\\Users\\stan\\Documents\\Code\\Web\\Astro\\static_portfolio\\src\\pages\\blog\\tags\\[tag].astro"
2025-12-26T15:51:51.331302Z  INFO scan_sources: tailwindcss_oxide::scanner: Discovering "C:\\Users\\stan\\Documents\\Code\\Web\\Astro\\static_portfolio\\src\\pages\\blog\\techs"
2025-12-26T15:51:51.331599Z  INFO scan_sources: tailwindcss_oxide::scanner: Discovering "C:\\Users\\stan\\Documents\\Code\\Web\\Astro\\static_portfolio\\src\\pages\\blog\\techs\\index.astro"
2025-12-26T15:51:51.331728Z  INFO scan_sources: tailwindcss_oxide::scanner: Discovering "C:\\Users\\stan\\Documents\\Code\\Web\\Astro\\static_portfolio\\src\\pages\\blog\\techs\\[category].astro"
2025-12-26T15:51:51.331938Z  INFO scan_sources: tailwindcss_oxide::scanner: Discovering "C:\\Users\\stan\\Documents\\Code\\Web\\Astro\\static_portfolio\\src\\pages\\index.astro"
2025-12-26T15:51:51.332166Z  INFO scan_sources: tailwindcss_oxide::scanner: Discovering "C:\\Users\\stan\\Documents\\Code\\Web\\Astro\\static_portfolio\\src\\pages\\portfolio"
2025-12-26T15:51:51.332547Z  INFO scan_sources: tailwindcss_oxide::scanner: Discovering "C:\\Users\\stan\\Documents\\Code\\Web\\Astro\\static_portfolio\\src\\pages\\portfolio\\projects"
2025-12-26T15:51:51.332826Z  INFO scan_sources: tailwindcss_oxide::scanner: Discovering "C:\\Users\\stan\\Documents\\Code\\Web\\Astro\\static_portfolio\\src\\pages\\portfolio\\projects\\neonmint.md"
2025-12-26T15:51:51.333035Z  INFO scan_sources: tailwindcss_oxide::scanner: Discovering "C:\\Users\\stan\\Documents\\Code\\Web\\Astro\\static_portfolio\\src\\pages\\robots.txt.ts"
2025-12-26T15:51:51.333180Z  INFO scan_sources: tailwindcss_oxide::scanner: Discovering "C:\\Users\\stan\\Documents\\Code\\Web\\Astro\\static_portfolio\\src\\pages\\rss.xml.js"
2025-12-26T15:51:51.333307Z  INFO scan_sources: tailwindcss_oxide::scanner: Discovering "C:\\Users\\stan\\Documents\\Code\\Web\\Astro\\static_portfolio\\src\\pages\\scratch.astro"
2025-12-26T15:51:51.333431Z  INFO scan_sources: tailwindcss_oxide::scanner: Discovering "C:\\Users\\stan\\Documents\\Code\\Web\\Astro\\static_portfolio\\src\\pages\\scratch2.astro"
2025-12-26T15:51:51.333660Z  INFO scan_sources: tailwindcss_oxide::scanner: Discovering "C:\\Users\\stan\\Documents\\Code\\Web\\Astro\\static_portfolio\\src\\pages\\story"
2025-12-26T15:51:51.334028Z  INFO scan_sources: tailwindcss_oxide::scanner: Discovering "C:\\Users\\stan\\Documents\\Code\\Web\\Astro\\static_portfolio\\src\\pages\\story\\sections"
2025-12-26T15:51:51.334323Z  INFO scan_sources: tailwindcss_oxide::scanner: Discovering "C:\\Users\\stan\\Documents\\Code\\Web\\Astro\\static_portfolio\\src\\pages\\story\\sections\\section_three.mdx"
2025-12-26T15:51:51.334454Z  INFO scan_sources: tailwindcss_oxide::scanner: Discovering "C:\\Users\\stan\\Documents\\Code\\Web\\Astro\\static_portfolio\\src\\pages\\story\\sections\\section_two.mdx"
2025-12-26T15:51:51.334749Z  INFO scan_sources: tailwindcss_oxide::scanner: Discovering "C:\\Users\\stan\\Documents\\Code\\Web\\Astro\\static_portfolio\\src\\pages\\story\\sections\\test_section.mdx"
2025-12-26T15:51:51.335026Z  INFO scan_sources: tailwindcss_oxide::scanner: Discovering "C:\\Users\\stan\\Documents\\Code\\Web\\Astro\\static_portfolio\\src\\pages\\story\\sidebar"
2025-12-26T15:51:51.335316Z  INFO scan_sources: tailwindcss_oxide::scanner: Discovering "C:\\Users\\stan\\Documents\\Code\\Web\\Astro\\static_portfolio\\src\\pages\\story\\sidebar\\section_two.mdx"
2025-12-26T15:51:51.335449Z  INFO scan_sources: tailwindcss_oxide::scanner: Discovering "C:\\Users\\stan\\Documents\\Code\\Web\\Astro\\static_portfolio\\src\\pages\\story\\sidebar\\testFile.mdx"
2025-12-26T15:51:51.335590Z  INFO scan_sources: tailwindcss_oxide::scanner: Discovering "C:\\Users\\stan\\Documents\\Code\\Web\\Astro\\static_portfolio\\src\\pages\\story\\sidebar\\test_section.mdx"
2025-12-26T15:51:51.335930Z  INFO scan_sources: tailwindcss_oxide::scanner: Discovering "C:\\Users\\stan\\Documents\\Code\\Web\\Astro\\static_portfolio\\src\\scripts"
2025-12-26T15:51:51.336208Z  INFO scan_sources: tailwindcss_oxide::scanner: Discovering "C:\\Users\\stan\\Documents\\Code\\Web\\Astro\\static_portfolio\\src\\scripts\\menu.js"
2025-12-26T15:51:51.336469Z  INFO scan_sources: tailwindcss_oxide::scanner: Discovering "C:\\Users\\stan\\Documents\\Code\\Web\\Astro\\static_portfolio\\src\\styles"
2025-12-26T15:51:51.336754Z  INFO scan_sources: tailwindcss_oxide::scanner: Discovering "C:\\Users\\stan\\Documents\\Code\\Web\\Astro\\static_portfolio\\src\\styles\\carousel.css"
2025-12-26T15:51:51.336882Z  INFO scan_sources: tailwindcss_oxide::scanner: Discovering "C:\\Users\\stan\\Documents\\Code\\Web\\Astro\\static_portfolio\\src\\styles\\details.css"
2025-12-26T15:51:51.337010Z  INFO scan_sources: tailwindcss_oxide::scanner: Discovering "C:\\Users\\stan\\Documents\\Code\\Web\\Astro\\static_portfolio\\src\\styles\\global.css"
2025-12-26T15:51:51.337141Z  INFO scan_sources: tailwindcss_oxide::scanner: Discovering "C:\\Users\\stan\\Documents\\Code\\Web\\Astro\\static_portfolio\\src\\styles\\projects.css"
2025-12-26T15:51:51.337265Z  INFO scan_sources: tailwindcss_oxide::scanner: Discovering "C:\\Users\\stan\\Documents\\Code\\Web\\Astro\\static_portfolio\\src\\styles\\scratch2.css"
2025-12-26T15:51:51.337486Z  INFO scan_sources: tailwindcss_oxide::scanner: Discovering "C:\\Users\\stan\\Documents\\Code\\Web\\Astro\\static_portfolio\\src\\styles\\starry-night"
2025-12-26T15:51:51.337798Z  INFO scan_sources: tailwindcss_oxide::scanner: Discovering "C:\\Users\\stan\\Documents\\Code\\Web\\Astro\\static_portfolio\\src\\styles\\starry-night\\both.css"
2025-12-26T15:51:51.337927Z  INFO scan_sources: tailwindcss_oxide::scanner: Discovering "C:\\Users\\stan\\Documents\\Code\\Web\\Astro\\static_portfolio\\src\\styles\\starry-night\\colorblind-dark.css"
2025-12-26T15:51:51.338054Z  INFO scan_sources: tailwindcss_oxide::scanner: Discovering "C:\\Users\\stan\\Documents\\Code\\Web\\Astro\\static_portfolio\\src\\styles\\starry-night\\colorblind-light.css"
2025-12-26T15:51:51.338184Z  INFO scan_sources: tailwindcss_oxide::scanner: Discovering "C:\\Users\\stan\\Documents\\Code\\Web\\Astro\\static_portfolio\\src\\styles\\starry-night\\colorblind.css"
2025-12-26T15:51:51.338309Z  INFO scan_sources: tailwindcss_oxide::scanner: Discovering "C:\\Users\\stan\\Documents\\Code\\Web\\Astro\\static_portfolio\\src\\styles\\starry-night\\core.css"
2025-12-26T15:51:51.338433Z  INFO scan_sources: tailwindcss_oxide::scanner: Discovering "C:\\Users\\stan\\Documents\\Code\\Web\\Astro\\static_portfolio\\src\\styles\\starry-night\\dark.css"
2025-12-26T15:51:51.338558Z  INFO scan_sources: tailwindcss_oxide::scanner: Discovering "C:\\Users\\stan\\Documents\\Code\\Web\\Astro\\static_portfolio\\src\\styles\\starry-night\\default-dark.css"
2025-12-26T15:51:51.338682Z  INFO scan_sources: tailwindcss_oxide::scanner: Discovering "C:\\Users\\stan\\Documents\\Code\\Web\\Astro\\static_portfolio\\src\\styles\\starry-night\\default-light.css"
2025-12-26T15:51:51.338917Z  INFO scan_sources: tailwindcss_oxide::scanner: Discovering "C:\\Users\\stan\\Documents\\Code\\Web\\Astro\\static_portfolio\\src\\styles\\starry-night\\dimmed-dark.css"
2025-12-26T15:51:51.339042Z  INFO scan_sources: tailwindcss_oxide::scanner: Discovering "C:\\Users\\stan\\Documents\\Code\\Web\\Astro\\static_portfolio\\src\\styles\\starry-night\\dimmed.css"
2025-12-26T15:51:51.339168Z  INFO scan_sources: tailwindcss_oxide::scanner: Discovering "C:\\Users\\stan\\Documents\\Code\\Web\\Astro\\static_portfolio\\src\\styles\\starry-night\\high-contrast-dark.css"
2025-12-26T15:51:51.339295Z  INFO scan_sources: tailwindcss_oxide::scanner: Discovering "C:\\Users\\stan\\Documents\\Code\\Web\\Astro\\static_portfolio\\src\\styles\\starry-night\\high-contrast-light.css"
2025-12-26T15:51:51.339420Z  INFO scan_sources: tailwindcss_oxide::scanner: Discovering "C:\\Users\\stan\\Documents\\Code\\Web\\Astro\\static_portfolio\\src\\styles\\starry-night\\high-contrast.css"
2025-12-26T15:51:51.339560Z  INFO scan_sources: tailwindcss_oxide::scanner: Discovering "C:\\Users\\stan\\Documents\\Code\\Web\\Astro\\static_portfolio\\src\\styles\\starry-night\\light.css"
2025-12-26T15:51:51.339694Z  INFO scan_sources: tailwindcss_oxide::scanner: Discovering "C:\\Users\\stan\\Documents\\Code\\Web\\Astro\\static_portfolio\\src\\styles\\starry-night\\tritanopia-dark.css"
2025-12-26T15:51:51.339820Z  INFO scan_sources: tailwindcss_oxide::scanner: Discovering "C:\\Users\\stan\\Documents\\Code\\Web\\Astro\\static_portfolio\\src\\styles\\starry-night\\tritanopia-light.css"
2025-12-26T15:51:51.339949Z  INFO scan_sources: tailwindcss_oxide::scanner: Discovering "C:\\Users\\stan\\Documents\\Code\\Web\\Astro\\static_portfolio\\src\\styles\\starry-night\\tritanopia.css"
2025-12-26T15:51:51.340124Z  INFO scan_sources: tailwindcss_oxide::scanner: Discovering "C:\\Users\\stan\\Documents\\Code\\Web\\Astro\\static_portfolio\\src\\styles\\starry-night-tailwind.css"
2025-12-26T15:51:51.340248Z  INFO scan_sources: tailwindcss_oxide::scanner: Discovering "C:\\Users\\stan\\Documents\\Code\\Web\\Astro\\static_portfolio\\src\\styles\\story.css"
2025-12-26T15:51:51.340515Z  INFO scan_sources: tailwindcss_oxide::scanner: Discovering "C:\\Users\\stan\\Documents\\Code\\Web\\Astro\\static_portfolio\\src\\types"
2025-12-26T15:51:51.340799Z  INFO scan_sources: tailwindcss_oxide::scanner: Discovering "C:\\Users\\stan\\Documents\\Code\\Web\\Astro\\static_portfolio\\src\\types\\gsap-react.d.ts"
2025-12-26T15:51:51.340925Z  INFO scan_sources: tailwindcss_oxide::scanner: Discovering "C:\\Users\\stan\\Documents\\Code\\Web\\Astro\\static_portfolio\\src\\types\\mdx.d.ts"
2025-12-26T15:51:51.341093Z  INFO scan_sources: tailwindcss_oxide::scanner: Discovering "C:\\Users\\stan\\Documents\\Code\\Web\\Astro\\static_portfolio\\src\\types.d.ts"
2025-12-26T15:51:51.341309Z  INFO scan_sources: tailwindcss_oxide::scanner: Discovering "C:\\Users\\stan\\Documents\\Code\\Web\\Astro\\static_portfolio\\src\\utils"
2025-12-26T15:51:51.341863Z  INFO scan_sources: tailwindcss_oxide::scanner: Discovering "C:\\Users\\stan\\Documents\\Code\\Web\\Astro\\static_portfolio\\src\\utils\\languages.ts"
2025-12-26T15:51:51.342043Z  INFO scan_sources: tailwindcss_oxide::scanner: Discovering "C:\\Users\\stan\\Documents\\Code\\Web\\Astro\\static_portfolio\\src\\utils\\textloader.ts"
2025-12-26T15:51:51.342320Z  INFO scan_sources: tailwindcss_oxide::scanner: Discovering "C:\\Users\\stan\\Documents\\Code\\Web\\Astro\\static_portfolio\\stateFlow.txt"
2025-12-26T15:51:51.342458Z  INFO scan_sources: tailwindcss_oxide::scanner: Discovering "C:\\Users\\stan\\Documents\\Code\\Web\\Astro\\static_portfolio\\static_portfolio.code-workspace"
2025-12-26T15:51:51.342623Z  INFO scan_sources: tailwindcss_oxide::scanner: Discovering "C:\\Users\\stan\\Documents\\Code\\Web\\Astro\\static_portfolio\\todo.md"
2025-12-26T15:51:51.342753Z  INFO scan_sources: tailwindcss_oxide::scanner: Discovering "C:\\Users\\stan\\Documents\\Code\\Web\\Astro\\static_portfolio\\tsconfig.json"
2025-12-26T15:51:51.342896Z  INFO scan_sources: tailwindcss_oxide::scanner: Discovering "C:\\Users\\stan\\Documents\\Code\\Web\\Astro\\static_portfolio\\_tailwind.config.cjs"
2025-12-26T15:51:51.343103Z  INFO scan_sources: tailwindcss_oxide::scanner: exit
2025-12-26T15:51:51.343119Z  INFO extract_candidates: tailwindcss_oxide::scanner: enter
2025-12-26T15:51:51.343149Z  INFO extract_candidates:read_all_files: tailwindcss_oxide::scanner: enter
2025-12-26T15:51:51.343157Z  INFO extract_candidates:read_all_files: tailwindcss_oxide::scanner: Reading 446 file(s)
2025-12-26T15:51:51.343464Z  INFO tailwindcss_oxide::scanner: Reading "C:\\Users\\stan\\Documents\\Code\\Web\\Astro\\static_portfolio\\.hintrc"
2025-12-26T15:51:51.343475Z  INFO tailwindcss_oxide::scanner: Reading "C:\\Users\\stan\\Documents\\Code\\Web\\Astro\\static_portfolio\\plugins\\tailwindStaticCopy.js"
2025-12-26T15:51:51.343498Z  INFO tailwindcss_oxide::scanner: Reading "C:\\Users\\stan\\Documents\\Code\\Web\\Astro\\static_portfolio\\public\\images\\story\\backdrop\\circuit-ground.svg"
2025-12-26T15:51:51.343513Z  INFO tailwindcss_oxide::scanner: Reading "C:\\Users\\stan\\Documents\\Code\\Web\\Astro\\static_portfolio\\.codetogether.ignore"
2025-12-26T15:51:51.343475Z  INFO tailwindcss_oxide::scanner: Reading "C:\\Users\\stan\\Documents\\Code\\Web\\Astro\\static_portfolio\\src\\components\\ui\\dropdown-menu.tsx"
2025-12-26T15:51:51.343477Z  INFO tailwindcss_oxide::scanner: Reading "C:\\Users\\stan\\Documents\\Code\\Web\\Astro\\static_portfolio\\dev\\components\\ScriptElem.tsx"
2025-12-26T15:51:51.343484Z  INFO tailwindcss_oxide::scanner: Reading "C:\\Users\\stan\\Documents\\Code\\Web\\Astro\\static_portfolio\\dev\\lorem_ipsum\\obama.txt"
2025-12-26T15:51:51.343475Z  INFO tailwindcss_oxide::scanner: Reading "C:\\Users\\stan\\Documents\\Code\\Web\\Astro\\static_portfolio\\src\\components\\projects\\details\\useProject.ts"
2025-12-26T15:51:51.343684Z  INFO tailwindcss_oxide::scanner: Reading "C:\\Users\\stan\\Documents\\Code\\Web\\Astro\\static_portfolio\\public\\images\\story\\backdrop\\circuit-inductor.svg"
2025-12-26T15:51:51.343699Z  INFO tailwindcss_oxide::scanner: Reading "C:\\Users\\stan\\Documents\\Code\\Web\\Astro\\static_portfolio\\.gitattributes"
2025-12-26T15:51:51.343665Z  INFO tailwindcss_oxide::scanner: Reading "C:\\Users\\stan\\Documents\\Code\\Web\\Astro\\static_portfolio\\public\\images\\story\\backdrop\\audio-lines.svg"
2025-12-26T15:51:51.343636Z  INFO tailwindcss_oxide::scanner: Reading "C:\\Users\\stan\\Documents\\Code\\Web\\Astro\\static_portfolio\\.postcssrc.json"
2025-12-26T15:51:51.343783Z  INFO tailwindcss_oxide::scanner: Reading "C:\\Users\\stan\\Documents\\Code\\Web\\Astro\\static_portfolio\\dev\\event-progress.md"
2025-12-26T15:51:51.343750Z  INFO tailwindcss_oxide::scanner: Reading "C:\\Users\\stan\\Documents\\Code\\Web\\Astro\\static_portfolio\\src\\components\\ui\\empty.tsx"
2025-12-26T15:51:51.343849Z  INFO tailwindcss_oxide::scanner: Reading "C:\\Users\\stan\\Documents\\Code\\Web\\Astro\\static_portfolio\\dev\\lorem_ipsum\\office_client.txt"
2025-12-26T15:51:51.343888Z  INFO tailwindcss_oxide::scanner: Reading "C:\\Users\\stan\\Documents\\Code\\Web\\Astro\\static_portfolio\\public\\images\\story\\backdrop\\circuit-resistor.svg"
2025-12-26T15:51:51.343891Z  INFO tailwindcss_oxide::scanner: Reading "C:\\Users\\stan\\Documents\\Code\\Web\\Astro\\static_portfolio\\.gitconfig"
2025-12-26T15:51:51.343926Z  INFO tailwindcss_oxide::scanner: Reading "C:\\Users\\stan\\Documents\\Code\\Web\\Astro\\static_portfolio\\public\\images\\story\\backdrop\\backpack.svg"
2025-12-26T15:51:51.343893Z  INFO tailwindcss_oxide::scanner: Reading "C:\\Users\\stan\\Documents\\Code\\Web\\Astro\\static_portfolio\\src\\components\\projects\\filtering\\common\\browserContext.tsx"
2025-12-26T15:51:51.343952Z  INFO tailwindcss_oxide::scanner: Reading "C:\\Users\\stan\\Documents\\Code\\Web\\Astro\\static_portfolio\\.prettierrc"
2025-12-26T15:51:51.343986Z  INFO tailwindcss_oxide::scanner: Reading "C:\\Users\\stan\\Documents\\Code\\Web\\Astro\\static_portfolio\\src\\components\\ui\\Heading.astro"
2025-12-26T15:51:51.344045Z  INFO tailwindcss_oxide::scanner: Reading "C:\\Users\\stan\\Documents\\Code\\Web\\Astro\\static_portfolio\\public\\images\\story\\backdrop\\git-branch.svg"
2025-12-26T15:51:51.344020Z  INFO tailwindcss_oxide::scanner: Reading "C:\\Users\\stan\\Documents\\Code\\Web\\Astro\\static_portfolio\\dev\\lorem_ipsum\\office_office.txt"
2025-12-26T15:51:51.344020Z  INFO tailwindcss_oxide::scanner: Reading "C:\\Users\\stan\\Documents\\Code\\Web\\Astro\\static_portfolio\\dev\\lorem_ipsum\\bacon.txt"
2025-12-26T15:51:51.344116Z  INFO tailwindcss_oxide::scanner: Reading "C:\\Users\\stan\\Documents\\Code\\Web\\Astro\\static_portfolio\\.github\\FUNDING.yml"
2025-12-26T15:51:51.344087Z  INFO tailwindcss_oxide::scanner: Reading "C:\\Users\\stan\\Documents\\Code\\Web\\Astro\\static_portfolio\\public\\images\\story\\backdrop\\ballpen.svg"
2025-12-26T15:51:51.344153Z  INFO tailwindcss_oxide::scanner: Reading "C:\\Users\\stan\\Documents\\Code\\Web\\Astro\\static_portfolio\\.remarkrc.js"
2025-12-26T15:51:51.344132Z  INFO tailwindcss_oxide::scanner: Reading "C:\\Users\\stan\\Documents\\Code\\Web\\Astro\\static_portfolio\\src\\components\\projects\\filtering\\common\\filterContext.tsx"
2025-12-26T15:51:51.344192Z  INFO tailwindcss_oxide::scanner: Reading "C:\\Users\\stan\\Documents\\Code\\Web\\Astro\\static_portfolio\\src\\components\\ui\\hover-card.tsx"
2025-12-26T15:51:51.344201Z  INFO tailwindcss_oxide::scanner: Reading "C:\\Users\\stan\\Documents\\Code\\Web\\Astro\\static_portfolio\\public\\images\\story\\backdrop\\matrix.svg"
2025-12-26T15:51:51.344245Z  INFO tailwindcss_oxide::scanner: Reading "C:\\Users\\stan\\Documents\\Code\\Web\\Astro\\static_portfolio\\dev\\lorem_ipsum\\pirate.txt"
2025-12-26T15:51:51.344271Z  INFO tailwindcss_oxide::scanner: Reading "C:\\Users\\stan\\Documents\\Code\\Web\\Astro\\static_portfolio\\.github\\pull_request_template.md"
2025-12-26T15:51:51.344271Z  INFO tailwindcss_oxide::scanner: Reading "C:\\Users\\stan\\Documents\\Code\\Web\\Astro\\static_portfolio\\dev\\lorem_ipsum\\bro.txt"
2025-12-26T15:51:51.344316Z  INFO tailwindcss_oxide::scanner: Reading "C:\\Users\\stan\\Documents\\Code\\Web\\Astro\\static_portfolio\\public\\images\\story\\backdrop\\binary-tree.svg"
2025-12-26T15:51:51.344347Z  INFO tailwindcss_oxide::scanner: Reading "C:\\Users\\stan\\Documents\\Code\\Web\\Astro\\static_portfolio\\src\\components\\projects\\filtering\\common\\filterTypes.ts"
2025-12-26T15:51:51.344350Z  INFO tailwindcss_oxide::scanner: Reading "C:\\Users\\stan\\Documents\\Code\\Web\\Astro\\static_portfolio\\src\\components\\ui\\Icon.astro"
2025-12-26T15:51:51.344350Z  INFO tailwindcss_oxide::scanner: Reading "C:\\Users\\stan\\Documents\\Code\\Web\\Astro\\static_portfolio\\public\\images\\story\\backdrop\\microchip.svg"
2025-12-26T15:51:51.344409Z  INFO tailwindcss_oxide::scanner: Reading "C:\\Users\\stan\\Documents\\Code\\Web\\Astro\\static_portfolio\\dev\\lorem_ipsum\\space.txt"
2025-12-26T15:51:51.344324Z  INFO tailwindcss_oxide::scanner: Reading "C:\\Users\\stan\\Documents\\Code\\Web\\Astro\\static_portfolio\\astro.config.mjs"
2025-12-26T15:51:51.344444Z  INFO tailwindcss_oxide::scanner: Reading "C:\\Users\\stan\\Documents\\Code\\Web\\Astro\\static_portfolio\\.github\\workflows\\astro.yml"
2025-12-26T15:51:51.344486Z  INFO tailwindcss_oxide::scanner: Reading "C:\\Users\\stan\\Documents\\Code\\Web\\Astro\\static_portfolio\\dev\\lorem_ipsum\\cat_breeds.txt"
2025-12-26T15:51:51.344491Z  INFO tailwindcss_oxide::scanner: Reading "C:\\Users\\stan\\Documents\\Code\\Web\\Astro\\static_portfolio\\public\\images\\story\\backdrop\\blender-fill.svg"
2025-12-26T15:51:51.344511Z  INFO tailwindcss_oxide::scanner: Reading "C:\\Users\\stan\\Documents\\Code\\Web\\Astro\\static_portfolio\\src\\components\\projects\\filtering\\common\\ResetButton.tsx"
2025-12-26T15:51:51.344525Z  INFO tailwindcss_oxide::scanner: Reading "C:\\Users\\stan\\Documents\\Code\\Web\\Astro\\static_portfolio\\src\\components\\ui\\input-group.tsx"
2025-12-26T15:51:51.344559Z  INFO tailwindcss_oxide::scanner: Reading "C:\\Users\\stan\\Documents\\Code\\Web\\Astro\\static_portfolio\\public\\images\\story\\backdrop\\music-1.svg"
2025-12-26T15:51:51.344572Z  INFO tailwindcss_oxide::scanner: Reading "C:\\Users\\stan\\Documents\\Code\\Web\\Astro\\static_portfolio\\dev\\lorem_ipsum\\tuna.txt"
2025-12-26T15:51:51.344589Z  INFO tailwindcss_oxide::scanner: Reading "C:\\Users\\stan\\Documents\\Code\\Web\\Astro\\static_portfolio\\components.json"
2025-12-26T15:51:51.344618Z  INFO tailwindcss_oxide::scanner: Reading "C:\\Users\\stan\\Documents\\Code\\Web\\Astro\\static_portfolio\\src\\hooks\\useThrottledDebounce.ts"
2025-12-26T15:51:51.344658Z  INFO tailwindcss_oxide::scanner: Reading "C:\\Users\\stan\\Documents\\Code\\Web\\Astro\\static_portfolio\\dev\\lorem_ipsum\\cat_latin.txt"
2025-12-26T15:51:51.344694Z  INFO tailwindcss_oxide::scanner: Reading "C:\\Users\\stan\\Documents\\Code\\Web\\Astro\\static_portfolio\\public\\images\\story\\backdrop\\bone.svg"
2025-12-26T15:51:51.344699Z  INFO tailwindcss_oxide::scanner: Reading "C:\\Users\\stan\\Documents\\Code\\Web\\Astro\\static_portfolio\\src\\components\\ui\\input.tsx"
2025-12-26T15:51:51.344703Z  INFO tailwindcss_oxide::scanner: Reading "C:\\Users\\stan\\Documents\\Code\\Web\\Astro\\static_portfolio\\src\\components\\projects\\filtering\\common\\stores\\browserStore.ts"
2025-12-26T15:51:51.344751Z  INFO tailwindcss_oxide::scanner: Reading "C:\\Users\\stan\\Documents\\Code\\Web\\Astro\\static_portfolio\\public\\images\\story\\backdrop\\music.svg"
2025-12-26T15:51:51.344764Z  INFO tailwindcss_oxide::scanner: Reading "C:\\Users\\stan\\Documents\\Code\\Web\\Astro\\static_portfolio\\dev\\lorem_ipsum\\webtwo.txt"
2025-12-26T15:51:51.344774Z  INFO tailwindcss_oxide::scanner: Reading "C:\\Users\\stan\\Documents\\Code\\Web\\Astro\\static_portfolio\\dev\\components\\Lorem.astro"
2025-12-26T15:51:51.344793Z  INFO tailwindcss_oxide::scanner: Reading "C:\\Users\\stan\\Documents\\Code\\Web\\Astro\\static_portfolio\\src\\hooks\\useValueChanged.tsx"
2025-12-26T15:51:51.344826Z  INFO tailwindcss_oxide::scanner: Reading "C:\\Users\\stan\\Documents\\Code\\Web\\Astro\\static_portfolio\\dev\\lorem_ipsum\\cat_standard.txt"
2025-12-26T15:51:51.344853Z  INFO tailwindcss_oxide::scanner: Reading "C:\\Users\\stan\\Documents\\Code\\Web\\Astro\\static_portfolio\\public\\images\\story\\backdrop\\books.svg"
2025-12-26T15:51:51.344883Z  INFO tailwindcss_oxide::scanner: Reading "C:\\Users\\stan\\Documents\\Code\\Web\\Astro\\static_portfolio\\src\\components\\ui\\item.tsx"
2025-12-26T15:51:51.344917Z  INFO tailwindcss_oxide::scanner: Reading "C:\\Users\\stan\\Documents\\Code\\Web\\Astro\\static_portfolio\\public\\images\\story\\backdrop\\school.svg"
2025-12-26T15:51:51.344926Z  INFO tailwindcss_oxide::scanner: Reading "C:\\Users\\stan\\Documents\\Code\\Web\\Astro\\static_portfolio\\src\\components\\projects\\filtering\\common\\stores\\countStore.ts"
2025-12-26T15:51:51.344942Z  INFO tailwindcss_oxide::scanner: Reading "C:\\Users\\stan\\Documents\\Code\\Web\\Astro\\static_portfolio\\src\\icons\\python.svg"
2025-12-26T15:51:51.344954Z  INFO tailwindcss_oxide::scanner: Reading "C:\\Users\\stan\\Documents\\Code\\Web\\Astro\\static_portfolio\\src\\hooks\\useWindowSize.ts"
2025-12-26T15:51:51.344942Z  INFO tailwindcss_oxide::scanner: Reading "C:\\Users\\stan\\Documents\\Code\\Web\\Astro\\static_portfolio\\eslint.config.js"
2025-12-26T15:51:51.344990Z  INFO tailwindcss_oxide::scanner: Reading "C:\\Users\\stan\\Documents\\Code\\Web\\Astro\\static_portfolio\\dev\\lorem_ipsum\\cheese_long.txt"
2025-12-26T15:51:51.345027Z  INFO tailwindcss_oxide::scanner: Reading "C:\\Users\\stan\\Documents\\Code\\Web\\Astro\\static_portfolio\\public\\images\\story\\backdrop\\brand-python.svg"
2025-12-26T15:51:51.345074Z  INFO tailwindcss_oxide::scanner: Reading "C:\\Users\\stan\\Documents\\Code\\Web\\Astro\\static_portfolio\\public\\images\\story\\backdrop\\topology-star-ring-3.svg"
2025-12-26T15:51:51.345112Z  INFO tailwindcss_oxide::scanner: Reading "C:\\Users\\stan\\Documents\\Code\\Web\\Astro\\static_portfolio\\src\\icons\\Python2.svg"
2025-12-26T15:51:51.345125Z  INFO tailwindcss_oxide::scanner: Reading "C:\\Users\\stan\\Documents\\Code\\Web\\Astro\\static_portfolio\\src\\components\\projects\\filtering\\common\\stores\\countStoreContext.tsx"
2025-12-26T15:51:51.345169Z  INFO tailwindcss_oxide::scanner: Reading "C:\\Users\\stan\\Documents\\Code\\Web\\Astro\\static_portfolio\\flow.d2"
2025-12-26T15:51:51.345174Z  INFO tailwindcss_oxide::scanner: Reading "C:\\Users\\stan\\Documents\\Code\\Web\\Astro\\static_portfolio\\dev\\lorem_ipsum\\cheese_med.txt"
2025-12-26T15:51:51.345199Z  INFO tailwindcss_oxide::scanner: Reading "C:\\Users\\stan\\Documents\\Code\\Web\\Astro\\static_portfolio\\public\\images\\story\\backdrop\\circuit-bulb.svg"
2025-12-26T15:51:51.345237Z  INFO tailwindcss_oxide::scanner: Reading "C:\\Users\\stan\\Documents\\Code\\Web\\Astro\\static_portfolio\\src\\components\\ui\\kbd.tsx"
2025-12-26T15:51:51.345291Z  INFO tailwindcss_oxide::scanner: Reading "C:\\Users\\stan\\Documents\\Code\\Web\\Astro\\static_portfolio\\src\\icons\\PyTorch.svg"
2025-12-26T15:51:51.345301Z  INFO tailwindcss_oxide::scanner: Reading "C:\\Users\\stan\\Documents\\Code\\Web\\Astro\\static_portfolio\\src\\components\\projects\\filtering\\common\\stores\\derived.ts"
2025-12-26T15:51:51.345379Z  INFO tailwindcss_oxide::scanner: Reading "C:\\Users\\stan\\Documents\\Code\\Web\\Astro\\static_portfolio\\public\\images\\story\\backdrop\\circuit-capacitor.svg"
2025-12-26T15:51:51.345414Z  INFO tailwindcss_oxide::scanner: Reading "C:\\Users\\stan\\Documents\\Code\\Web\\Astro\\static_portfolio\\dev\\lorem_ipsum\\cheese_short.txt"
2025-12-26T15:51:51.345432Z  INFO tailwindcss_oxide::scanner: Reading "C:\\Users\\stan\\Documents\\Code\\Web\\Astro\\static_portfolio\\LICENSE"
2025-12-26T15:51:51.345472Z  INFO tailwindcss_oxide::scanner: Reading "C:\\Users\\stan\\Documents\\Code\\Web\\Astro\\static_portfolio\\src\\components\\projects\\filtering\\common\\stores\\filterFormStore.ts"
2025-12-26T15:51:51.345506Z  INFO tailwindcss_oxide::scanner: Reading "C:\\Users\\stan\\Documents\\Code\\Web\\Astro\\static_portfolio\\src\\icons\\rocket.svg"
2025-12-26T15:51:51.345536Z  INFO tailwindcss_oxide::scanner: Reading "C:\\Users\\stan\\Documents\\Code\\Web\\Astro\\static_portfolio\\public\\images\\story\\backdrop\\circuit-cell-plus.svg"
2025-12-26T15:51:51.345571Z  INFO tailwindcss_oxide::scanner: Reading "C:\\Users\\stan\\Documents\\Code\\Web\\Astro\\static_portfolio\\src\\components\\ui\\label.tsx"
2025-12-26T15:51:51.345583Z  INFO tailwindcss_oxide::scanner: Reading "C:\\Users\\stan\\Documents\\Code\\Web\\Astro\\static_portfolio\\dev\\lorem_ipsum\\cupcake.txt"
2025-12-26T15:51:51.345609Z  INFO tailwindcss_oxide::scanner: Reading "C:\\Users\\stan\\Documents\\Code\\Web\\Astro\\static_portfolio\\package.json"
2025-12-26T15:51:51.345647Z  INFO tailwindcss_oxide::scanner: Reading "C:\\Users\\stan\\Documents\\Code\\Web\\Astro\\static_portfolio\\src\\components\\projects\\filtering\\common\\stores\\filterFormStoreContext.ts"
2025-12-26T15:51:51.345728Z  INFO tailwindcss_oxide::scanner: Reading "C:\\Users\\stan\\Documents\\Code\\Web\\Astro\\static_portfolio\\public\\site.webmanifest"
2025-12-26T15:51:51.345752Z  INFO tailwindcss_oxide::scanner: Reading "C:\\Users\\stan\\Documents\\Code\\Web\\Astro\\static_portfolio\\dev\\lorem_ipsum\\farm.txt"
2025-12-26T15:51:51.345706Z  INFO tailwindcss_oxide::scanner: Reading "C:\\Users\\stan\\Documents\\Code\\Web\\Astro\\static_portfolio\\public\\images\\story\\backdrop\\circuit-changeover.svg"
2025-12-26T15:51:51.345673Z  INFO tailwindcss_oxide::scanner: Reading "C:\\Users\\stan\\Documents\\Code\\Web\\Astro\\static_portfolio\\src\\icons\\sass.svg"
2025-12-26T15:51:51.345579Z  INFO tailwindcss_oxide::scanner: Reading "C:\\Users\\stan\\Documents\\Code\\Web\\Astro\\static_portfolio\\src\\icons\\AArch64.svg"
2025-12-26T15:51:51.345886Z  INFO tailwindcss_oxide::scanner: Reading "C:\\Users\\stan\\Documents\\Code\\Web\\Astro\\static_portfolio\\plugins\\rehypeHighlight.js"
2025-12-26T15:51:51.345904Z  INFO tailwindcss_oxide::scanner: Reading "C:\\Users\\stan\\Documents\\Code\\Web\\Astro\\static_portfolio\\src\\components\\projects\\filtering\\common\\stores\\FilterFormStoreProvider.tsx"
2025-12-26T15:51:51.345952Z  INFO tailwindcss_oxide::scanner: Reading "C:\\Users\\stan\\Documents\\Code\\Web\\Astro\\static_portfolio\\public\\images\\story\\backdrop\\circuit-diode-zener.svg"
2025-12-26T15:51:51.345913Z  INFO tailwindcss_oxide::scanner: Reading "C:\\Users\\stan\\Documents\\Code\\Web\\Astro\\static_portfolio\\dev\\lorem_ipsum\\hipster.txt"
2025-12-26T15:51:51.346005Z  INFO tailwindcss_oxide::scanner: Reading "C:\\Users\\stan\\Documents\\Code\\Web\\Astro\\static_portfolio\\src\\icons\\angular.svg"
2025-12-26T15:51:51.345778Z  INFO tailwindcss_oxide::scanner: Reading "C:\\Users\\stan\\Documents\\Code\\Web\\Astro\\static_portfolio\\src\\components\\ui\\menubar.tsx"
2025-12-26T15:51:51.346067Z  INFO tailwindcss_oxide::scanner: Reading "C:\\Users\\stan\\Documents\\Code\\Web\\Astro\\static_portfolio\\plugins\\rehypeStarryNightLines.js"
2025-12-26T15:51:51.346114Z  INFO tailwindcss_oxide::scanner: Reading "C:\\Users\\stan\\Documents\\Code\\Web\\Astro\\static_portfolio\\src\\components\\projects\\filtering\\common\\stores\\filterStore.ts"
2025-12-26T15:51:51.346128Z  INFO tailwindcss_oxide::scanner: Reading "C:\\Users\\stan\\Documents\\Code\\Web\\Astro\\static_portfolio\\src\\content\\projects\\pubmed-search.mdx"
2025-12-26T15:51:51.346160Z  INFO tailwindcss_oxide::scanner: Reading "C:\\Users\\stan\\Documents\\Code\\Web\\Astro\\static_portfolio\\dev\\lorem_ipsum\\journo.txt"
2025-12-26T15:51:51.345983Z  INFO tailwindcss_oxide::scanner: Reading "C:\\Users\\stan\\Documents\\Code\\Web\\Astro\\static_portfolio\\src\\icons\\sun.svg"
2025-12-26T15:51:51.345981Z  INFO tailwindcss_oxide::scanner: Reading "C:\\Users\\stan\\Documents\\Code\\Web\\Astro\\static_portfolio\\README.md"
2025-12-26T15:51:51.346163Z  INFO tailwindcss_oxide::scanner: Reading "C:\\Users\\stan\\Documents\\Code\\Web\\Astro\\static_portfolio\\src\\icons\\arrow-left.svg"
2025-12-26T15:51:51.346234Z  INFO tailwindcss_oxide::scanner: Reading "C:\\Users\\stan\\Documents\\Code\\Web\\Astro\\static_portfolio\\src\\components\\ui\\navigation-menu.tsx"
2025-12-26T15:51:51.346267Z  INFO tailwindcss_oxide::scanner: Reading "C:\\Users\\stan\\Documents\\Code\\Web\\Astro\\static_portfolio\\plugins\\remarkHighlight.js"
2025-12-26T15:51:51.346408Z  INFO tailwindcss_oxide::scanner: Reading "C:\\Users\\stan\\Documents\\Code\\Web\\Astro\\static_portfolio\\src\\icons\\tailwind.svg"
2025-12-26T15:51:51.346344Z  INFO tailwindcss_oxide::scanner: Reading "C:\\Users\\stan\\Documents\\Code\\Web\\Astro\\static_portfolio\\src\\content\\projects\\rocq-modal.mdx"
2025-12-26T15:51:51.346478Z  INFO tailwindcss_oxide::scanner: Reading "C:\\Users\\stan\\Documents\\Code\\Web\\Astro\\static_portfolio\\src\\icons\\astro.svg"
2025-12-26T15:51:51.346347Z  INFO tailwindcss_oxide::scanner: Reading "C:\\Users\\stan\\Documents\\Code\\Web\\Astro\\static_portfolio\\src\\components\\projects\\filtering\\common\\stores\\tagSectionStore.ts"
2025-12-26T15:51:51.346517Z  INFO tailwindcss_oxide::scanner: Reading "C:\\Users\\stan\\Documents\\Code\\Web\\Astro\\static_portfolio\\src\\components\\ui\\popover.tsx"
2025-12-26T15:51:51.346372Z  INFO tailwindcss_oxide::scanner: Reading "C:\\Users\\stan\\Documents\\Code\\Web\\Astro\\static_portfolio\\src\\pages\\blog\\posts\\readme-neonmint.md"
2025-12-26T15:51:51.346532Z  INFO tailwindcss_oxide::scanner: Reading "C:\\Users\\stan\\Documents\\Code\\Web\\Astro\\static_portfolio\\src\\components\\blog\\BlogPost.astro"
2025-12-26T15:51:51.346575Z  INFO tailwindcss_oxide::scanner: Reading "C:\\Users\\stan\\Documents\\Code\\Web\\Astro\\static_portfolio\\src\\icons\\twitter.svg"
2025-12-26T15:51:51.346608Z  INFO tailwindcss_oxide::scanner: Reading "C:\\Users\\stan\\Documents\\Code\\Web\\Astro\\static_portfolio\\src\\content\\projects\\senior-design.mdx"
2025-12-26T15:51:51.346616Z  INFO tailwindcss_oxide::scanner: Reading "C:\\Users\\stan\\Documents\\Code\\Web\\Astro\\static_portfolio\\src\\pages\\story\\sidebar\\section_two.mdx"
2025-12-26T15:51:51.346639Z  INFO tailwindcss_oxide::scanner: Reading "C:\\Users\\stan\\Documents\\Code\\Web\\Astro\\static_portfolio\\src\\icons\\bars.svg"
2025-12-26T15:51:51.346689Z  INFO tailwindcss_oxide::scanner: Reading "C:\\Users\\stan\\Documents\\Code\\Web\\Astro\\static_portfolio\\src\\components\\ui\\ReadMore.astro"
2025-12-26T15:51:51.346693Z  INFO tailwindcss_oxide::scanner: Reading "C:\\Users\\stan\\Documents\\Code\\Web\\Astro\\static_portfolio\\src\\components\\projects\\filtering\\common\\TagButton.tsx"
2025-12-26T15:51:51.346752Z  INFO tailwindcss_oxide::scanner: Reading "C:\\Users\\stan\\Documents\\Code\\Web\\Astro\\static_portfolio\\src\\pages\\blog\\tags\\index.astro"
2025-12-26T15:51:51.346776Z  INFO tailwindcss_oxide::scanner: Reading "C:\\Users\\stan\\Documents\\Code\\Web\\Astro\\static_portfolio\\src\\components\\blog\\DatePub.astro"
2025-12-26T15:51:51.346780Z  INFO tailwindcss_oxide::scanner: Reading "C:\\Users\\stan\\Documents\\Code\\Web\\Astro\\static_portfolio\\src\\icons\\typescript.svg"
2025-12-26T15:51:51.346784Z  INFO tailwindcss_oxide::scanner: Reading "C:\\Users\\stan\\Documents\\Code\\Web\\Astro\\static_portfolio\\src\\pages\\story\\sidebar\\testFile.mdx"
2025-12-26T15:51:51.346846Z  INFO tailwindcss_oxide::scanner: Reading "C:\\Users\\stan\\Documents\\Code\\Web\\Astro\\static_portfolio\\src\\components\\ui\\resizable.tsx"
2025-12-26T15:51:51.346798Z  INFO tailwindcss_oxide::scanner: Reading "C:\\Users\\stan\\Documents\\Code\\Web\\Astro\\static_portfolio\\src\\content\\projects\\swipl-recursion.mdx"
2025-12-26T15:51:51.346911Z  INFO tailwindcss_oxide::scanner: Reading "C:\\Users\\stan\\Documents\\Code\\Web\\Astro\\static_portfolio\\src\\pages\\blog\\tags\\[tag].astro"
2025-12-26T15:51:51.346934Z  INFO tailwindcss_oxide::scanner: Reading "C:\\Users\\stan\\Documents\\Code\\Web\\Astro\\static_portfolio\\src\\icons\\Bash.svg"
2025-12-26T15:51:51.346942Z  INFO tailwindcss_oxide::scanner: Reading "C:\\Users\\stan\\Documents\\Code\\Web\\Astro\\static_portfolio\\src\\components\\blog\\Hero.astro"
2025-12-26T15:51:51.346958Z  INFO tailwindcss_oxide::scanner: Reading "C:\\Users\\stan\\Documents\\Code\\Web\\Astro\\static_portfolio\\src\\icons\\Ubuntu.svg"
2025-12-26T15:51:51.346989Z  INFO tailwindcss_oxide::scanner: Reading "C:\\Users\\stan\\Documents\\Code\\Web\\Astro\\static_portfolio\\src\\pages\\story\\sidebar\\test_section.mdx"
2025-12-26T15:51:51.347011Z  INFO tailwindcss_oxide::scanner: Reading "C:\\Users\\stan\\Documents\\Code\\Web\\Astro\\static_portfolio\\src\\components\\ui\\scroll-area.tsx"
2025-12-26T15:51:51.347073Z  INFO tailwindcss_oxide::scanner: Reading "C:\\Users\\stan\\Documents\\Code\\Web\\Astro\\static_portfolio\\src\\content\\projects\\testproj.mdx"
2025-12-26T15:51:51.347086Z  INFO tailwindcss_oxide::scanner: Reading "C:\\Users\\stan\\Documents\\Code\\Web\\Astro\\static_portfolio\\src\\pages\\blog\\techs\\index.astro"
2025-12-26T15:51:51.347110Z  INFO tailwindcss_oxide::scanner: Reading "C:\\Users\\stan\\Documents\\Code\\Web\\Astro\\static_portfolio\\src\\icons\\bitwarden.svg"
2025-12-26T15:51:51.347120Z  INFO tailwindcss_oxide::scanner: Reading "C:\\Users\\stan\\Documents\\Code\\Web\\Astro\\static_portfolio\\src\\components\\blog\\Languages.astro"
2025-12-26T15:51:51.347176Z  INFO tailwindcss_oxide::scanner: Reading "C:\\Users\\stan\\Documents\\Code\\Web\\Astro\\static_portfolio\\src\\components\\ui\\select.tsx"
2025-12-26T15:51:51.347117Z  INFO tailwindcss_oxide::scanner: Reading "C:\\Users\\stan\\Documents\\Code\\Web\\Astro\\static_portfolio\\src\\icons\\vercel.svg"
2025-12-26T15:51:51.347176Z  INFO tailwindcss_oxide::scanner: Reading "C:\\Users\\stan\\Documents\\Code\\Web\\Astro\\static_portfolio\\src\\scripts\\menu.js"
2025-12-26T15:51:51.347285Z  INFO tailwindcss_oxide::scanner: Reading "C:\\Users\\stan\\Documents\\Code\\Web\\Astro\\static_portfolio\\src\\components\\blog\\LastPost.astro"
2025-12-26T15:51:51.347241Z  INFO tailwindcss_oxide::scanner: Reading "C:\\Users\\stan\\Documents\\Code\\Web\\Astro\\static_portfolio\\src\\pages\\blog\\techs\\[category].astro"
2025-12-26T15:51:51.347346Z  INFO tailwindcss_oxide::scanner: Reading "C:\\Users\\stan\\Documents\\Code\\Web\\Astro\\static_portfolio\\src\\components\\ui\\separator.tsx"
2025-12-26T15:51:51.346875Z  INFO tailwindcss_oxide::scanner: Reading "C:\\Users\\stan\\Documents\\Code\\Web\\Astro\\static_portfolio\\src\\components\\projects\\filtering\\common\\TagButtons.tsx"
2025-12-26T15:51:51.347293Z  INFO tailwindcss_oxide::scanner: Reading "C:\\Users\\stan\\Documents\\Code\\Web\\Astro\\static_portfolio\\src\\icons\\Blender.svg"
2025-12-26T15:51:51.347288Z  INFO tailwindcss_oxide::scanner: Reading "C:\\Users\\stan\\Documents\\Code\\Web\\Astro\\static_portfolio\\src\\content\\projects\\testproj2.mdx"
2025-12-26T15:51:51.347356Z  INFO tailwindcss_oxide::scanner: Reading "C:\\Users\\stan\\Documents\\Code\\Web\\Astro\\static_portfolio\\src\\icons\\whatsapp.svg"
2025-12-26T15:51:51.347500Z  INFO tailwindcss_oxide::scanner: Reading "C:\\Users\\stan\\Documents\\Code\\Web\\Astro\\static_portfolio\\src\\pages\\index.astro"
2025-12-26T15:51:51.347507Z  INFO tailwindcss_oxide::scanner: Reading "C:\\Users\\stan\\Documents\\Code\\Web\\Astro\\static_portfolio\\src\\components\\ui\\Share.astro"
2025-12-26T15:51:51.347556Z  INFO tailwindcss_oxide::scanner: Reading "C:\\Users\\stan\\Documents\\Code\\Web\\Astro\\static_portfolio\\src\\components\\projects\\filtering\\common\\TagButtons2.tsx"
2025-12-26T15:51:51.347583Z  INFO tailwindcss_oxide::scanner: Reading "C:\\Users\\stan\\Documents\\Code\\Web\\Astro\\static_portfolio\\src\\icons\\bootstrap.svg"
2025-12-26T15:51:51.347405Z  INFO tailwindcss_oxide::scanner: Reading "C:\\Users\\stan\\Documents\\Code\\Web\\Astro\\static_portfolio\\src\\types\\gsap-react.d.ts"
2025-12-26T15:51:51.347636Z  INFO tailwindcss_oxide::scanner: Reading "C:\\Users\\stan\\Documents\\Code\\Web\\Astro\\static_portfolio\\src\\icons\\windsurf-logo.svg"
2025-12-26T15:51:51.347656Z  INFO tailwindcss_oxide::scanner: Reading "C:\\Users\\stan\\Documents\\Code\\Web\\Astro\\static_portfolio\\src\\pages\\portfolio\\projects\\neonmint.md"
2025-12-26T15:51:51.347589Z  INFO tailwindcss_oxide::scanner: Reading "C:\\Users\\stan\\Documents\\Code\\Web\\Astro\\static_portfolio\\src\\content\\projects\\testproj3.mdx"
2025-12-26T15:51:51.347512Z  INFO tailwindcss_oxide::scanner: Reading "C:\\Users\\stan\\Documents\\Code\\Web\\Astro\\static_portfolio\\src\\components\\blog\\ListPosts.astro"
2025-12-26T15:51:51.347689Z  INFO tailwindcss_oxide::scanner: Reading "C:\\Users\\stan\\Documents\\Code\\Web\\Astro\\static_portfolio\\src\\components\\ui\\sheet.tsx"
2025-12-26T15:51:51.347728Z  INFO tailwindcss_oxide::scanner: Reading "C:\\Users\\stan\\Documents\\Code\\Web\\Astro\\static_portfolio\\src\\components\\projects\\filtering\\common\\WrappingToggleGroup.tsx"
2025-12-26T15:51:51.347798Z  INFO tailwindcss_oxide::scanner: Reading "C:\\Users\\stan\\Documents\\Code\\Web\\Astro\\static_portfolio\\src\\icons\\wordpress.svg"
2025-12-26T15:51:51.347824Z  INFO tailwindcss_oxide::scanner: Reading "C:\\Users\\stan\\Documents\\Code\\Web\\Astro\\static_portfolio\\src\\pages\\robots.txt.ts"
2025-12-26T15:51:51.347856Z  INFO tailwindcss_oxide::scanner: Reading "C:\\Users\\stan\\Documents\\Code\\Web\\Astro\\static_portfolio\\src\\content\\projects\\testproj4.mdx"
2025-12-26T15:51:51.347748Z  INFO tailwindcss_oxide::scanner: Reading "C:\\Users\\stan\\Documents\\Code\\Web\\Astro\\static_portfolio\\src\\icons\\briefcase.svg"
2025-12-26T15:51:51.347769Z  INFO tailwindcss_oxide::scanner: Reading "C:\\Users\\stan\\Documents\\Code\\Web\\Astro\\static_portfolio\\src\\types\\mdx.d.ts"
2025-12-26T15:51:51.347945Z  INFO tailwindcss_oxide::scanner: Reading "C:\\Users\\stan\\Documents\\Code\\Web\\Astro\\static_portfolio\\src\\components\\projects\\filtering\\FilterForm.tsx"
2025-12-26T15:51:51.347893Z  INFO tailwindcss_oxide::scanner: Reading "C:\\Users\\stan\\Documents\\Code\\Web\\Astro\\static_portfolio\\src\\components\\blog\\Tags.astro"
2025-12-26T15:51:51.347984Z  INFO tailwindcss_oxide::scanner: Reading "C:\\Users\\stan\\Documents\\Code\\Web\\Astro\\static_portfolio\\src\\pages\\rss.xml.js"
2025-12-26T15:51:51.347949Z  INFO tailwindcss_oxide::scanner: Reading "C:\\Users\\stan\\Documents\\Code\\Web\\Astro\\static_portfolio\\src\\icons\\xmark.svg"
2025-12-26T15:51:51.348064Z  INFO tailwindcss_oxide::scanner: Reading "C:\\Users\\stan\\Documents\\Code\\Web\\Astro\\static_portfolio\\src\\icons\\C.svg"
2025-12-26T15:51:51.347919Z  INFO tailwindcss_oxide::scanner: Reading "C:\\Users\\stan\\Documents\\Code\\Web\\Astro\\static_portfolio\\src\\components\\ui\\sidebar.tsx"
2025-12-26T15:51:51.348014Z  INFO tailwindcss_oxide::scanner: Reading "C:\\Users\\stan\\Documents\\Code\\Web\\Astro\\static_portfolio\\src\\content\\projects\\typst-coverletter.mdx"
2025-12-26T15:51:51.348133Z  INFO tailwindcss_oxide::scanner: Reading "C:\\Users\\stan\\Documents\\Code\\Web\\Astro\\static_portfolio\\src\\components\\layout\\Footer.astro"
2025-12-26T15:51:51.348143Z  INFO tailwindcss_oxide::scanner: Reading "C:\\Users\\stan\\Documents\\Code\\Web\\Astro\\static_portfolio\\src\\pages\\scratch.astro"
2025-12-26T15:51:51.348116Z  INFO tailwindcss_oxide::scanner: Reading "C:\\Users\\stan\\Documents\\Code\\Web\\Astro\\static_portfolio\\src\\components\\projects\\filtering\\FilterForm2.tsx"
2025-12-26T15:51:51.348091Z  INFO tailwindcss_oxide::scanner: Reading "C:\\Users\\stan\\Documents\\Code\\Web\\Astro\\static_portfolio\\src\\types.d.ts"
2025-12-26T15:51:51.348227Z  INFO tailwindcss_oxide::scanner: Reading "C:\\Users\\stan\\Documents\\Code\\Web\\Astro\\static_portfolio\\src\\icons\\cloudflare.svg"
2025-12-26T15:51:51.348270Z  INFO tailwindcss_oxide::scanner: Reading "C:\\Users\\stan\\Documents\\Code\\Web\\Astro\\static_portfolio\\src\\components\\ui\\skeleton.tsx"
2025-12-26T15:51:51.348292Z  INFO tailwindcss_oxide::scanner: Reading "C:\\Users\\stan\\Documents\\Code\\Web\\Astro\\static_portfolio\\src\\components\\layout\\Header.astro"
2025-12-26T15:51:51.348301Z  INFO tailwindcss_oxide::scanner: Reading "C:\\Users\\stan\\Documents\\Code\\Web\\Astro\\static_portfolio\\src\\content\\projects\\typst-resume.mdx"
2025-12-26T15:51:51.348330Z  INFO tailwindcss_oxide::scanner: Reading "C:\\Users\\stan\\Documents\\Code\\Web\\Astro\\static_portfolio\\src\\pages\\scratch2.astro"
2025-12-26T15:51:51.348369Z  INFO tailwindcss_oxide::scanner: Reading "C:\\Users\\stan\\Documents\\Code\\Web\\Astro\\static_portfolio\\src\\components\\projects\\filtering\\FilterShareButton.tsx"
2025-12-26T15:51:51.348384Z  INFO tailwindcss_oxide::scanner: Reading "C:\\Users\\stan\\Documents\\Code\\Web\\Astro\\static_portfolio\\src\\icons\\code.svg"
2025-12-26T15:51:51.348427Z  INFO tailwindcss_oxide::scanner: Reading "C:\\Users\\stan\\Documents\\Code\\Web\\Astro\\static_portfolio\\src\\components\\ui\\slider.tsx"
2025-12-26T15:51:51.348452Z  INFO tailwindcss_oxide::scanner: Reading "C:\\Users\\stan\\Documents\\Code\\Web\\Astro\\static_portfolio\\src\\components\\layout\\NavArticle.astro"
2025-12-26T15:51:51.348382Z  INFO tailwindcss_oxide::scanner: Reading "C:\\Users\\stan\\Documents\\Code\\Web\\Astro\\static_portfolio\\src\\utils\\languages.ts"
2025-12-26T15:51:51.348175Z  INFO tailwindcss_oxide::scanner: Reading "C:\\Users\\stan\\Documents\\Code\\Web\\Astro\\static_portfolio\\src\\icons\\youtube.svg"
2025-12-26T15:51:51.348488Z  INFO tailwindcss_oxide::scanner: Reading "C:\\Users\\stan\\Documents\\Code\\Web\\Astro\\static_portfolio\\src\\content\\projects\\visual-interactive-ml.mdx"
2025-12-26T15:51:51.348544Z  INFO tailwindcss_oxide::scanner: Reading "C:\\Users\\stan\\Documents\\Code\\Web\\Astro\\static_portfolio\\src\\icons\\copilot.svg"
2025-12-26T15:51:51.348494Z  INFO tailwindcss_oxide::scanner: Reading "C:\\Users\\stan\\Documents\\Code\\Web\\Astro\\static_portfolio\\src\\pages\\story\\sections\\section_three.mdx"
2025-12-26T15:51:51.348531Z  INFO tailwindcss_oxide::scanner: Reading "C:\\Users\\stan\\Documents\\Code\\Web\\Astro\\static_portfolio\\src\\components\\projects\\filtering\\FilterSheet.tsx"
2025-12-26T15:51:51.348608Z  INFO tailwindcss_oxide::scanner: Reading "C:\\Users\\stan\\Documents\\Code\\Web\\Astro\\static_portfolio\\src\\components\\layout\\Navigation.astro"
2025-12-26T15:51:51.348586Z  INFO tailwindcss_oxide::scanner: Reading "C:\\Users\\stan\\Documents\\Code\\Web\\Astro\\static_portfolio\\src\\components\\ui\\Social.astro"
2025-12-26T15:51:51.348661Z  INFO tailwindcss_oxide::scanner: Reading "C:\\Users\\stan\\Documents\\Code\\Web\\Astro\\static_portfolio\\src\\layouts\\Layout.astro"
2025-12-26T15:51:51.348708Z  INFO tailwindcss_oxide::scanner: Reading "C:\\Users\\stan\\Documents\\Code\\Web\\Astro\\static_portfolio\\src\\content\\staticData\\allStaticData.json"
2025-12-26T15:51:51.348631Z  INFO tailwindcss_oxide::scanner: Reading "C:\\Users\\stan\\Documents\\Code\\Web\\Astro\\static_portfolio\\src\\utils\\textloader.ts"
2025-12-26T15:51:51.348711Z  INFO tailwindcss_oxide::scanner: Reading "C:\\Users\\stan\\Documents\\Code\\Web\\Astro\\static_portfolio\\src\\icons\\csharp.svg"
2025-12-26T15:51:51.348764Z  INFO tailwindcss_oxide::scanner: Reading "C:\\Users\\stan\\Documents\\Code\\Web\\Astro\\static_portfolio\\src\\components\\projects\\filtering\\FilterSheet2.tsx"
2025-12-26T15:51:51.348781Z  INFO tailwindcss_oxide::scanner: Reading "C:\\Users\\stan\\Documents\\Code\\Web\\Astro\\static_portfolio\\src\\components\\layout\\NavigationArticles.astro"
2025-12-26T15:51:51.348735Z  INFO tailwindcss_oxide::scanner: Reading "C:\\Users\\stan\\Documents\\Code\\Web\\Astro\\static_portfolio\\src\\pages\\story\\sections\\section_two.mdx"
2025-12-26T15:51:51.348796Z  INFO tailwindcss_oxide::scanner: Reading "C:\\Users\\stan\\Documents\\Code\\Web\\Astro\\static_portfolio\\src\\components\\ui\\sonner.tsx"
2025-12-26T15:51:51.348878Z  INFO tailwindcss_oxide::scanner: Reading "C:\\Users\\stan\\Documents\\Code\\Web\\Astro\\static_portfolio\\src\\env.d.ts"
2025-12-26T15:51:51.348827Z  INFO tailwindcss_oxide::scanner: Reading "C:\\Users\\stan\\Documents\\Code\\Web\\Astro\\static_portfolio\\src\\layouts\\MarkdownAbout.astro"
2025-12-26T15:51:51.348918Z  INFO tailwindcss_oxide::scanner: Reading "C:\\Users\\stan\\Documents\\Code\\Web\\Astro\\static_portfolio\\src\\icons\\css.svg"
2025-12-26T15:51:51.348932Z  INFO tailwindcss_oxide::scanner: Reading "C:\\Users\\stan\\Documents\\Code\\Web\\Astro\\static_portfolio\\src\\components\\projects\\filtering\\sections\\BoolSwitch.tsx"
2025-12-26T15:51:51.348949Z  INFO tailwindcss_oxide::scanner: Reading "C:\\Users\\stan\\Documents\\Code\\Web\\Astro\\static_portfolio\\src\\components\\mdx.ts"
2025-12-26T15:51:51.348974Z  INFO tailwindcss_oxide::scanner: Reading "C:\\Users\\stan\\Documents\\Code\\Web\\Astro\\static_portfolio\\src\\pages\\story\\sections\\test_section.mdx"
2025-12-26T15:51:51.348985Z  INFO tailwindcss_oxide::scanner: Reading "C:\\Users\\stan\\Documents\\Code\\Web\\Astro\\static_portfolio\\src\\components\\ui\\spinner.tsx"
2025-12-26T15:51:51.349043Z  INFO tailwindcss_oxide::scanner: Reading "C:\\Users\\stan\\Documents\\Code\\Web\\Astro\\static_portfolio\\src\\hooks\\ErrorBoundary.tsx"
2025-12-26T15:51:51.349077Z  INFO tailwindcss_oxide::scanner: Reading "C:\\Users\\stan\\Documents\\Code\\Web\\Astro\\static_portfolio\\src\\layouts\\MarkdownPostLayout.astro"
2025-12-26T15:51:51.348901Z  INFO tailwindcss_oxide::scanner: Reading "C:\\Users\\stan\\Documents\\Code\\Web\\Astro\\static_portfolio\\stateFlow.txt"
2025-12-26T15:51:51.349111Z  INFO tailwindcss_oxide::scanner: Reading "C:\\Users\\stan\\Documents\\Code\\Web\\Astro\\static_portfolio\\src\\components\\portfolio\\Contact.astro"
2025-12-26T15:51:51.349095Z  INFO tailwindcss_oxide::scanner: Reading "C:\\Users\\stan\\Documents\\Code\\Web\\Astro\\static_portfolio\\src\\components\\projects\\filtering\\sections\\SliderTooltip.tsx"
2025-12-26T15:51:51.349098Z  INFO tailwindcss_oxide::scanner: Reading "C:\\Users\\stan\\Documents\\Code\\Web\\Astro\\static_portfolio\\src\\icons\\cursor-ia.svg"
2025-12-26T15:51:51.349187Z  INFO tailwindcss_oxide::scanner: Reading "C:\\Users\\stan\\Documents\\Code\\Web\\Astro\\static_portfolio\\src\\components\\ui\\switch.tsx"
2025-12-26T15:51:51.349200Z  INFO tailwindcss_oxide::scanner: Reading "C:\\Users\\stan\\Documents\\Code\\Web\\Astro\\static_portfolio\\src\\hooks\\use-auto-scroll.ts"
2025-12-26T15:51:51.349141Z  INFO tailwindcss_oxide::scanner: Reading "C:\\Users\\stan\\Documents\\Code\\Web\\Astro\\static_portfolio\\src\\hooks\\use-mobile.ts"
2025-12-26T15:51:51.349261Z  INFO tailwindcss_oxide::scanner: Reading "C:\\Users\\stan\\Documents\\Code\\Web\\Astro\\static_portfolio\\src\\layouts\\ProjectLayout.astro"
2025-12-26T15:51:51.349269Z  INFO tailwindcss_oxide::scanner: Reading "C:\\Users\\stan\\Documents\\Code\\Web\\Astro\\static_portfolio\\src\\components\\portfolio\\Experience.astro"
2025-12-26T15:51:51.349300Z  INFO tailwindcss_oxide::scanner: Reading "C:\\Users\\stan\\Documents\\Code\\Web\\Astro\\static_portfolio\\static_portfolio.code-workspace"
2025-12-26T15:51:51.349323Z  INFO tailwindcss_oxide::scanner: Reading "C:\\Users\\stan\\Documents\\Code\\Web\\Astro\\static_portfolio\\src\\components\\projects\\filtering\\sections\\TagFilterSection.tsx"
2025-12-26T15:51:51.349345Z  INFO tailwindcss_oxide::scanner: Reading "C:\\Users\\stan\\Documents\\Code\\Web\\Astro\\static_portfolio\\src\\icons\\dashboard.svg"
2025-12-26T15:51:51.349350Z  INFO tailwindcss_oxide::scanner: Reading "C:\\Users\\stan\\Documents\\Code\\Web\\Astro\\static_portfolio\\src\\components\\ui\\tabs.tsx"
2025-12-26T15:51:51.349374Z  INFO tailwindcss_oxide::scanner: Reading "C:\\Users\\stan\\Documents\\Code\\Web\\Astro\\static_portfolio\\src\\hooks\\use-copy-to-clipboard.ts"
2025-12-26T15:51:51.349405Z  INFO tailwindcss_oxide::scanner: Reading "C:\\Users\\stan\\Documents\\Code\\Web\\Astro\\static_portfolio\\src\\hooks\\use-mounted.ts"
2025-12-26T15:51:51.349425Z  INFO tailwindcss_oxide::scanner: Reading "C:\\Users\\stan\\Documents\\Code\\Web\\Astro\\static_portfolio\\src\\lib\\objutil.ts"
2025-12-26T15:51:51.349444Z  INFO tailwindcss_oxide::scanner: Reading "C:\\Users\\stan\\Documents\\Code\\Web\\Astro\\static_portfolio\\src\\components\\portfolio\\ExperienceItem.astro"
2025-12-26T15:51:51.349467Z  INFO tailwindcss_oxide::scanner: Reading "C:\\Users\\stan\\Documents\\Code\\Web\\Astro\\static_portfolio\\todo.md"
2025-12-26T15:51:51.349492Z  INFO tailwindcss_oxide::scanner: Reading "C:\\Users\\stan\\Documents\\Code\\Web\\Astro\\static_portfolio\\src\\components\\projects\\filtering\\sections\\TagFilterSection2.tsx"
2025-12-26T15:51:51.349506Z  INFO tailwindcss_oxide::scanner: Reading "C:\\Users\\stan\\Documents\\Code\\Web\\Astro\\static_portfolio\\src\\icons\\deepseek.svg"
2025-12-26T15:51:51.349524Z  INFO tailwindcss_oxide::scanner: Reading "C:\\Users\\stan\\Documents\\Code\\Web\\Astro\\static_portfolio\\src\\components\\ui\\Tag.astro"
2025-12-26T15:51:51.349552Z  INFO tailwindcss_oxide::scanner: Reading "C:\\Users\\stan\\Documents\\Code\\Web\\Astro\\static_portfolio\\src\\hooks\\use-debounce-callback.ts"
2025-12-26T15:51:51.349565Z  INFO tailwindcss_oxide::scanner: Reading "C:\\Users\\stan\\Documents\\Code\\Web\\Astro\\static_portfolio\\src\\hooks\\use-mutation-observer.ts"
2025-12-26T15:51:51.349598Z  INFO tailwindcss_oxide::scanner: Reading "C:\\Users\\stan\\Documents\\Code\\Web\\Astro\\static_portfolio\\src\\lib\\type-utils.ts"
2025-12-26T15:51:51.349616Z  INFO tailwindcss_oxide::scanner: Reading "C:\\Users\\stan\\Documents\\Code\\Web\\Astro\\static_portfolio\\src\\components\\portfolio\\HeroIndex.astro"
2025-12-26T15:51:51.349635Z  INFO tailwindcss_oxide::scanner: Reading "C:\\Users\\stan\\Documents\\Code\\Web\\Astro\\static_portfolio\\tsconfig.json"
2025-12-26T15:51:51.349664Z  INFO tailwindcss_oxide::scanner: Reading "C:\\Users\\stan\\Documents\\Code\\Web\\Astro\\static_portfolio\\src\\components\\projects\\filtering\\sections\\YearSlider.tsx"
2025-12-26T15:51:51.349694Z  INFO tailwindcss_oxide::scanner: Reading "C:\\Users\\stan\\Documents\\Code\\Web\\Astro\\static_portfolio\\src\\components\\ui\\textarea.tsx"
2025-12-26T15:51:51.349697Z  INFO tailwindcss_oxide::scanner: Reading "C:\\Users\\stan\\Documents\\Code\\Web\\Astro\\static_portfolio\\src\\icons\\envelope.svg"
2025-12-26T15:51:51.349714Z  INFO tailwindcss_oxide::scanner: Reading "C:\\Users\\stan\\Documents\\Code\\Web\\Astro\\static_portfolio\\src\\hooks\\use-device-detect.ts"
2025-12-26T15:51:51.349765Z  INFO tailwindcss_oxide::scanner: Reading "C:\\Users\\stan\\Documents\\Code\\Web\\Astro\\static_portfolio\\src\\lib\\utils.ts"
2025-12-26T15:51:51.349777Z  INFO tailwindcss_oxide::scanner: Reading "C:\\Users\\stan\\Documents\\Code\\Web\\Astro\\static_portfolio\\src\\components\\portfolio\\Hobbies.astro"
2025-12-26T15:51:51.349730Z  INFO tailwindcss_oxide::scanner: Reading "C:\\Users\\stan\\Documents\\Code\\Web\\Astro\\static_portfolio\\src\\hooks\\use-render-debugger.ts"
2025-12-26T15:51:51.349833Z  INFO tailwindcss_oxide::scanner: Reading "C:\\Users\\stan\\Documents\\Code\\Web\\Astro\\static_portfolio\\src\\components\\projects\\filtering\\sections\\YearValue.tsx"
2025-12-26T15:51:51.349853Z  INFO tailwindcss_oxide::scanner: Reading "C:\\Users\\stan\\Documents\\Code\\Web\\Astro\\static_portfolio\\src\\components\\ui\\ThemeIcon.astro"
2025-12-26T15:51:51.349873Z  INFO tailwindcss_oxide::scanner: Reading "C:\\Users\\stan\\Documents\\Code\\Web\\Astro\\static_portfolio\\_tailwind.config.cjs"
2025-12-26T15:51:51.349879Z  INFO tailwindcss_oxide::scanner: Reading "C:\\Users\\stan\\Documents\\Code\\Web\\Astro\\static_portfolio\\src\\icons\\facebook.svg"
2025-12-26T15:51:51.349888Z  INFO tailwindcss_oxide::scanner: Reading "C:\\Users\\stan\\Documents\\Code\\Web\\Astro\\static_portfolio\\src\\hooks\\use-dom-ready.ts"
2025-12-26T15:51:51.349962Z  INFO tailwindcss_oxide::scanner: Reading "C:\\Users\\stan\\Documents\\Code\\Web\\Astro\\static_portfolio\\src\\pages\\about-me.md"
2025-12-26T15:51:51.349967Z  INFO tailwindcss_oxide::scanner: Reading "C:\\Users\\stan\\Documents\\Code\\Web\\Astro\\static_portfolio\\src\\hooks\\use-scramble.ts"
2025-12-26T15:51:51.349984Z  INFO tailwindcss_oxide::scanner: Reading "C:\\Users\\stan\\Documents\\Code\\Web\\Astro\\static_portfolio\\src\\components\\portfolio\\Hobby.astro"
2025-12-26T15:51:51.349993Z  INFO tailwindcss_oxide::scanner: Reading "C:\\Users\\stan\\Documents\\Code\\Web\\Astro\\static_portfolio\\src\\components\\projects\\filtering\\sync.tsx"
2025-12-26T15:51:51.350010Z  INFO tailwindcss_oxide::scanner: Reading "C:\\Users\\stan\\Documents\\Code\\Web\\Astro\\static_portfolio\\src\\components\\ui\\toggle-group.tsx"
2025-12-26T15:51:51.350033Z  INFO tailwindcss_oxide::scanner: Reading "C:\\Users\\stan\\Documents\\Code\\Web\\Astro\\static_portfolio\\src\\content\\projects\\ikrig.mdx"
2025-12-26T15:51:51.350049Z  INFO tailwindcss_oxide::scanner: Reading "C:\\Users\\stan\\Documents\\Code\\Web\\Astro\\static_portfolio\\src\\icons\\figma.svg"
2025-12-26T15:51:51.350057Z  INFO tailwindcss_oxide::scanner: Reading "C:\\Users\\stan\\Documents\\Code\\Web\\Astro\\static_portfolio\\src\\hooks\\use-error-boundary.tsx"
2025-12-26T15:51:51.350137Z  INFO tailwindcss_oxide::scanner: Reading "C:\\Users\\stan\\Documents\\Code\\Web\\Astro\\static_portfolio\\src\\hooks\\use-scroll-to-top.ts"
2025-12-26T15:51:51.350151Z  INFO tailwindcss_oxide::scanner: Reading "C:\\Users\\stan\\Documents\\Code\\Web\\Astro\\static_portfolio\\src\\components\\portfolio\\ListProjects.astro"
2025-12-26T15:51:51.350167Z  INFO tailwindcss_oxide::scanner: Reading "C:\\Users\\stan\\Documents\\Code\\Web\\Astro\\static_portfolio\\src\\components\\projects\\grid\\items\\badges\\BadgeRow.tsx"
2025-12-26T15:51:51.350173Z  INFO tailwindcss_oxide::scanner: Reading "C:\\Users\\stan\\Documents\\Code\\Web\\Astro\\static_portfolio\\src\\components\\ui\\toggle.tsx"
2025-12-26T15:51:51.350191Z  INFO tailwindcss_oxide::scanner: Reading "C:\\Users\\stan\\Documents\\Code\\Web\\Astro\\static_portfolio\\src\\content\\projects\\irish-morph.mdx"
2025-12-26T15:51:51.350224Z  INFO tailwindcss_oxide::scanner: Reading "C:\\Users\\stan\\Documents\\Code\\Web\\Astro\\static_portfolio\\src\\icons\\firebase.svg"
2025-12-26T15:51:51.350228Z  INFO tailwindcss_oxide::scanner: Reading "C:\\Users\\stan\\Documents\\Code\\Web\\Astro\\static_portfolio\\src\\hooks\\use-focus-trap.ts"
2025-12-26T15:51:51.350191Z  INFO tailwindcss_oxide::scanner: Reading "C:\\Users\\stan\\Documents\\Code\\Web\\Astro\\static_portfolio\\src\\pages\\blog\\index.astro"
2025-12-26T15:51:51.350300Z  INFO tailwindcss_oxide::scanner: Reading "C:\\Users\\stan\\Documents\\Code\\Web\\Astro\\static_portfolio\\src\\hooks\\use-session-storage.ts"
2025-12-26T15:51:51.350312Z  INFO tailwindcss_oxide::scanner: Reading "C:\\Users\\stan\\Documents\\Code\\Web\\Astro\\static_portfolio\\src\\components\\portfolio\\Project.astro"
2025-12-26T15:51:51.350344Z  INFO tailwindcss_oxide::scanner: Reading "C:\\Users\\stan\\Documents\\Code\\Web\\Astro\\static_portfolio\\src\\components\\projects\\grid\\items\\badges\\BadgeRows.tsx"
2025-12-26T15:51:51.350407Z  INFO tailwindcss_oxide::scanner: Reading "C:\\Users\\stan\\Documents\\Code\\Web\\Astro\\static_portfolio\\src\\hooks\\use-in-view.ts"
2025-12-26T15:51:51.350362Z  INFO tailwindcss_oxide::scanner: Reading "C:\\Users\\stan\\Documents\\Code\\Web\\Astro\\static_portfolio\\src\\content\\projects\\mandarin-freq.mdx"
2025-12-26T15:51:51.350463Z  INFO tailwindcss_oxide::scanner: Reading "C:\\Users\\stan\\Documents\\Code\\Web\\Astro\\static_portfolio\\src\\hooks\\use-speakup.ts"
2025-12-26T15:51:51.350353Z  INFO tailwindcss_oxide::scanner: Reading "C:\\Users\\stan\\Documents\\Code\\Web\\Astro\\static_portfolio\\src\\components\\ui\\tooltip.tsx"
2025-12-26T15:51:51.350452Z  INFO tailwindcss_oxide::scanner: Reading "C:\\Users\\stan\\Documents\\Code\\Web\\Astro\\static_portfolio\\src\\pages\\blog\\posts\\how-to-create-an-animated-border-with-tailwind.md"
2025-12-26T15:51:51.350557Z  INFO tailwindcss_oxide::scanner: Reading "C:\\Users\\stan\\Documents\\Code\\Web\\Astro\\static_portfolio\\src\\components\\projects\\grid\\items\\badges\\badgeTypes.tsx"
2025-12-26T15:51:51.350379Z  INFO tailwindcss_oxide::scanner: Reading "C:\\Users\\stan\\Documents\\Code\\Web\\Astro\\static_portfolio\\src\\icons\\gatsby.svg"
2025-12-26T15:51:51.350466Z  INFO tailwindcss_oxide::scanner: Reading "C:\\Users\\stan\\Documents\\Code\\Web\\Astro\\static_portfolio\\src\\components\\portfolio\\Tools.astro"
2025-12-26T15:51:51.350569Z  INFO tailwindcss_oxide::scanner: Reading "C:\\Users\\stan\\Documents\\Code\\Web\\Astro\\static_portfolio\\src\\hooks\\use-intersection-observer.ts"
2025-12-26T15:51:51.350631Z  INFO tailwindcss_oxide::scanner: Reading "C:\\Users\\stan\\Documents\\Code\\Web\\Astro\\static_portfolio\\src\\hooks\\use-throttle.ts"
2025-12-26T15:51:51.350632Z  INFO tailwindcss_oxide::scanner: Reading "C:\\Users\\stan\\Documents\\Code\\Web\\Astro\\static_portfolio\\src\\content\\projects\\obsidian-plugin.mdx"
2025-12-26T15:51:51.350753Z  INFO tailwindcss_oxide::scanner: Reading "C:\\Users\\stan\\Documents\\Code\\Web\\Astro\\static_portfolio\\src\\pages\\blog\\posts\\index.astro"
2025-12-26T15:51:51.350766Z  INFO tailwindcss_oxide::scanner: Reading "C:\\Users\\stan\\Documents\\Code\\Web\\Astro\\static_portfolio\\src\\icons\\git.svg"
2025-12-26T15:51:51.350660Z  INFO tailwindcss_oxide::scanner: Reading "C:\\Users\\stan\\Documents\\Code\\Web\\Astro\\static_portfolio\\src\\content\\captions\\testCaption.mdx"
2025-12-26T15:51:51.350732Z  INFO tailwindcss_oxide::scanner: Reading "C:\\Users\\stan\\Documents\\Code\\Web\\Astro\\static_portfolio\\src\\components\\projects\\grid\\items\\expansion\\ExpandedPart.tsx"
2025-12-26T15:51:51.350832Z  INFO tailwindcss_oxide::scanner: Reading "C:\\Users\\stan\\Documents\\Code\\Web\\Astro\\static_portfolio\\src\\hooks\\use-is-client.ts"
2025-12-26T15:51:51.350835Z  INFO tailwindcss_oxide::scanner: Reading "C:\\Users\\stan\\Documents\\Code\\Web\\Astro\\static_portfolio\\src\\components\\projects\\CaptionedLightbox.tsx"
2025-12-26T15:51:51.350868Z  INFO tailwindcss_oxide::scanner: Reading "C:\\Users\\stan\\Documents\\Code\\Web\\Astro\\static_portfolio\\src\\hooks\\use-unmount.ts"
2025-12-26T15:51:51.350926Z  INFO tailwindcss_oxide::scanner: Reading "C:\\Users\\stan\\Documents\\Code\\Web\\Astro\\static_portfolio\\src\\icons\\github-svg.svg"
2025-12-26T15:51:51.350935Z  INFO tailwindcss_oxide::scanner: Reading "C:\\Users\\stan\\Documents\\Code\\Web\\Astro\\static_portfolio\\src\\content\\projects\\param-matrix.mdx"
2025-12-26T15:51:51.350962Z  INFO tailwindcss_oxide::scanner: Reading "C:\\Users\\stan\\Documents\\Code\\Web\\Astro\\static_portfolio\\src\\content\\config.ts"
2025-12-26T15:51:51.350992Z  INFO tailwindcss_oxide::scanner: Reading "C:\\Users\\stan\\Documents\\Code\\Web\\Astro\\static_portfolio\\src\\hooks\\use-is-first-render.ts"
2025-12-26T15:51:51.350989Z  INFO tailwindcss_oxide::scanner: Reading "C:\\Users\\stan\\Documents\\Code\\Web\\Astro\\static_portfolio\\src\\components\\projects\\grid\\items\\expansion\\ImageRow.tsx"
2025-12-26T15:51:51.351038Z  INFO tailwindcss_oxide::scanner: Reading "C:\\Users\\stan\\Documents\\Code\\Web\\Astro\\static_portfolio\\src\\hooks\\use-update-effect.ts"
2025-12-26T15:51:51.351028Z  INFO tailwindcss_oxide::scanner: Reading "C:\\Users\\stan\\Documents\\Code\\Web\\Astro\\static_portfolio\\src\\components\\projects\\CaptionedLightboxProvider.tsx"
2025-12-26T15:51:51.351084Z  INFO tailwindcss_oxide::scanner: Reading "C:\\Users\\stan\\Documents\\Code\\Web\\Astro\\static_portfolio\\src\\icons\\github.svg"
2025-12-26T15:51:51.351096Z  INFO tailwindcss_oxide::scanner: Reading "C:\\Users\\stan\\Documents\\Code\\Web\\Astro\\static_portfolio\\src\\content\\figure"
2025-12-26T15:51:51.351109Z  INFO tailwindcss_oxide::scanner: Reading "C:\\Users\\stan\\Documents\\Code\\Web\\Astro\\static_portfolio\\src\\content\\projects\\portfolio-site.mdx"
2025-12-26T15:51:51.351123Z  INFO tailwindcss_oxide::scanner: Reading "C:\\Users\\stan\\Documents\\Code\\Web\\Astro\\static_portfolio\\src\\pages\\blog\\posts\\markdown-tutorial.md"
2025-12-26T15:51:51.351156Z  INFO tailwindcss_oxide::scanner: Reading "C:\\Users\\stan\\Documents\\Code\\Web\\Astro\\static_portfolio\\src\\hooks\\use-long-press.ts"
2025-12-26T15:51:51.351197Z  INFO tailwindcss_oxide::scanner: Reading "C:\\Users\\stan\\Documents\\Code\\Web\\Astro\\static_portfolio\\src\\hooks\\use-window-scroll.ts"
2025-12-26T15:51:51.351222Z  INFO tailwindcss_oxide::scanner: Reading "C:\\Users\\stan\\Documents\\Code\\Web\\Astro\\static_portfolio\\src\\components\\projects\\grid\\items\\expansion\\PaddedScrollArea.tsx"
2025-12-26T15:51:51.351243Z  INFO tailwindcss_oxide::scanner: Reading "C:\\Users\\stan\\Documents\\Code\\Web\\Astro\\static_portfolio\\src\\icons\\GNU Emacs.svg"
2025-12-26T15:51:51.351262Z  INFO tailwindcss_oxide::scanner: Reading "C:\\Users\\stan\\Documents\\Code\\Web\\Astro\\static_portfolio\\src\\content\\figures\\testFigure.mdx"
2025-12-26T15:51:51.351243Z  INFO tailwindcss_oxide::scanner: Reading "C:\\Users\\stan\\Documents\\Code\\Web\\Astro\\static_portfolio\\src\\components\\projects\\ClientOnly.astro"
2025-12-26T15:51:51.351341Z  INFO tailwindcss_oxide::scanner: Reading "C:\\Users\\stan\\Documents\\Code\\Web\\Astro\\static_portfolio\\src\\hooks\\use-media-query.tsx"
2025-12-26T15:51:51.351295Z  INFO tailwindcss_oxide::scanner: Reading "C:\\Users\\stan\\Documents\\Code\\Web\\Astro\\static_portfolio\\src\\content\\projects\\proj-biomed.mdx"
2025-12-26T15:51:51.351341Z  INFO tailwindcss_oxide::scanner: Reading "C:\\Users\\stan\\Documents\\Code\\Web\\Astro\\static_portfolio\\src\\icons\\MATLAB.svg"
2025-12-26T15:51:51.351396Z  INFO tailwindcss_oxide::scanner: Reading "C:\\Users\\stan\\Documents\\Code\\Web\\Astro\\static_portfolio\\src\\components\\projects\\grid\\items\\expansion\\ThumbnailRow.tsx"
2025-12-26T15:51:51.351356Z  INFO tailwindcss_oxide::scanner: Reading "C:\\Users\\stan\\Documents\\Code\\Web\\Astro\\static_portfolio\\src\\hooks\\useAnimateHeight.ts"
2025-12-26T15:51:51.351406Z  INFO tailwindcss_oxide::scanner: Reading "C:\\Users\\stan\\Documents\\Code\\Web\\Astro\\static_portfolio\\src\\icons\\html.svg"
2025-12-26T15:51:51.351507Z  INFO tailwindcss_oxide::scanner: Reading "C:\\Users\\stan\\Documents\\Code\\Web\\Astro\\static_portfolio\\src\\hooks\\use-merge-refs.ts"
2025-12-26T15:51:51.351552Z  INFO tailwindcss_oxide::scanner: Reading "C:\\Users\\stan\\Documents\\Code\\Web\\Astro\\static_portfolio\\src\\icons\\md.svg"
2025-12-26T15:51:51.351564Z  INFO tailwindcss_oxide::scanner: Reading "C:\\Users\\stan\\Documents\\Code\\Web\\Astro\\static_portfolio\\src\\components\\projects\\grid\\items\\ProjectItem.tsx"
2025-12-26T15:51:51.351588Z  INFO tailwindcss_oxide::scanner: Reading "C:\\Users\\stan\\Documents\\Code\\Web\\Astro\\static_portfolio\\src\\hooks\\useCallbackRequest.ts"
2025-12-26T15:51:51.351463Z  INFO tailwindcss_oxide::scanner: Reading "C:\\Users\\stan\\Documents\\Code\\Web\\Astro\\static_portfolio\\src\\components\\projects\\Deferral.tsx"
2025-12-26T15:51:51.351588Z  INFO tailwindcss_oxide::scanner: Reading "C:\\Users\\stan\\Documents\\Code\\Web\\Astro\\static_portfolio\\src\\content\\projects\\proj-colpa.mdx"
2025-12-26T15:51:51.351685Z  INFO tailwindcss_oxide::scanner: Reading "C:\\Users\\stan\\Documents\\Code\\Web\\Astro\\static_portfolio\\src\\components\\projects\\details\\FactoryRenderer.astro"
2025-12-26T15:51:51.351416Z  INFO tailwindcss_oxide::scanner: Reading "C:\\Users\\stan\\Documents\\Code\\Web\\Astro\\static_portfolio\\src\\content\\projects\\clip2gif.mdx"
2025-12-26T15:51:51.351716Z  INFO tailwindcss_oxide::scanner: Reading "C:\\Users\\stan\\Documents\\Code\\Web\\Astro\\static_portfolio\\src\\icons\\mongo.svg"
2025-12-26T15:51:51.351642Z  INFO tailwindcss_oxide::scanner: Reading "C:\\Users\\stan\\Documents\\Code\\Web\\Astro\\static_portfolio\\src\\icons\\icon-rocq-orange.svg"
2025-12-26T15:51:51.351744Z  INFO tailwindcss_oxide::scanner: Reading "C:\\Users\\stan\\Documents\\Code\\Web\\Astro\\static_portfolio\\src\\components\\projects\\grid\\items\\sharing\\ShareCard.tsx"
2025-12-26T15:51:51.351767Z  INFO tailwindcss_oxide::scanner: Reading "C:\\Users\\stan\\Documents\\Code\\Web\\Astro\\static_portfolio\\src\\hooks\\useChangeSubcription.ts"
2025-12-26T15:51:51.351819Z  INFO tailwindcss_oxide::scanner: Reading "C:\\Users\\stan\\Documents\\Code\\Web\\Astro\\static_portfolio\\src\\components\\projects\\details\\CollapsibleCode.tsx"
2025-12-26T15:51:51.351855Z  INFO tailwindcss_oxide::scanner: Reading "C:\\Users\\stan\\Documents\\Code\\Web\\Astro\\static_portfolio\\src\\components\\projects\\details\\getYoutubeThumbnail.ts"
2025-12-26T15:51:51.351870Z  INFO tailwindcss_oxide::scanner: Reading "C:\\Users\\stan\\Documents\\Code\\Web\\Astro\\static_portfolio\\src\\content\\projects\\proj-nlp.mdx"
2025-12-26T15:51:51.351899Z  INFO tailwindcss_oxide::scanner: Reading "C:\\Users\\stan\\Documents\\Code\\Web\\Astro\\static_portfolio\\src\\icons\\info.svg"
2025-12-26T15:51:51.351907Z  INFO tailwindcss_oxide::scanner: Reading "C:\\Users\\stan\\Documents\\Code\\Web\\Astro\\static_portfolio\\src\\content\\projects\\dodgy-car.mdx"
2025-12-26T15:51:51.351925Z  INFO tailwindcss_oxide::scanner: Reading "C:\\Users\\stan\\Documents\\Code\\Web\\Astro\\static_portfolio\\src\\hooks\\useDeferredValueSwitch.ts"
2025-12-26T15:51:51.351873Z  INFO tailwindcss_oxide::scanner: Reading "C:\\Users\\stan\\Documents\\Code\\Web\\Astro\\static_portfolio\\src\\icons\\moon.svg"
2025-12-26T15:51:51.351910Z  INFO tailwindcss_oxide::scanner: Reading "C:\\Users\\stan\\Documents\\Code\\Web\\Astro\\static_portfolio\\src\\components\\projects\\grid\\ProjectGrid.tsx"
2025-12-26T15:51:51.351985Z  INFO tailwindcss_oxide::scanner: Reading "C:\\Users\\stan\\Documents\\Code\\Web\\Astro\\static_portfolio\\src\\components\\projects\\details\\CollapsibleCodeHydrator.tsx"
2025-12-26T15:51:51.352017Z  INFO tailwindcss_oxide::scanner: Reading "C:\\Users\\stan\\Documents\\Code\\Web\\Astro\\static_portfolio\\src\\components\\projects\\details\\interp\\HoverDetails.tsx"
2025-12-26T15:51:51.352054Z  INFO tailwindcss_oxide::scanner: Reading "C:\\Users\\stan\\Documents\\Code\\Web\\Astro\\static_portfolio\\src\\content\\projects\\proj-phonphon.mdx"
2025-12-26T15:51:51.352059Z  INFO tailwindcss_oxide::scanner: Reading "C:\\Users\\stan\\Documents\\Code\\Web\\Astro\\static_portfolio\\src\\icons\\instagram.svg"
2025-12-26T15:51:51.352080Z  INFO tailwindcss_oxide::scanner: Reading "C:\\Users\\stan\\Documents\\Code\\Web\\Astro\\static_portfolio\\src\\hooks\\useDeferredValueWithStatus.ts"
2025-12-26T15:51:51.352111Z  INFO tailwindcss_oxide::scanner: Reading "C:\\Users\\stan\\Documents\\Code\\Web\\Astro\\static_portfolio\\src\\content\\projects\\iklimit-viz.mdx"
2025-12-26T15:51:51.352129Z  INFO tailwindcss_oxide::scanner: Reading "C:\\Users\\stan\\Documents\\Code\\Web\\Astro\\static_portfolio\\src\\icons\\mysql.svg"
2025-12-26T15:51:51.352142Z  INFO tailwindcss_oxide::scanner: Reading "C:\\Users\\stan\\Documents\\Code\\Web\\Astro\\static_portfolio\\src\\components\\projects\\grid\\ProjectGridSkeleton.tsx"
2025-12-26T15:51:51.352151Z  INFO tailwindcss_oxide::scanner: Reading "C:\\Users\\stan\\Documents\\Code\\Web\\Astro\\static_portfolio\\src\\components\\projects\\details\\CollapsibleCodeHydratorWrapper.astro"
2025-12-26T15:51:51.352185Z  INFO tailwindcss_oxide::scanner: Reading "C:\\Users\\stan\\Documents\\Code\\Web\\Astro\\static_portfolio\\src\\components\\projects\\details\\interp\\Interp.tsx"
2025-12-26T15:51:51.352225Z  INFO tailwindcss_oxide::scanner: Reading "C:\\Users\\stan\\Documents\\Code\\Web\\Astro\\static_portfolio\\src\\content\\projects\\proj-pointerjump.mdx"
2025-12-26T15:51:51.352230Z  INFO tailwindcss_oxide::scanner: Reading "C:\\Users\\stan\\Documents\\Code\\Web\\Astro\\static_portfolio\\src\\icons\\javascript.svg"
2025-12-26T15:51:51.352245Z  INFO tailwindcss_oxide::scanner: Reading "C:\\Users\\stan\\Documents\\Code\\Web\\Astro\\static_portfolio\\src\\hooks\\useDelayedFunc.ts"
2025-12-26T15:51:51.352309Z  INFO tailwindcss_oxide::scanner: Reading "C:\\Users\\stan\\Documents\\Code\\Web\\Astro\\static_portfolio\\src\\components\\projects\\grid\\useStagger.ts"
2025-12-26T15:51:51.352323Z  INFO tailwindcss_oxide::scanner: Reading "C:\\Users\\stan\\Documents\\Code\\Web\\Astro\\static_portfolio\\src\\components\\projects\\details\\CollapsibleCodeWrapper.astro"
2025-12-26T15:51:51.352291Z  INFO tailwindcss_oxide::scanner: Reading "C:\\Users\\stan\\Documents\\Code\\Web\\Astro\\static_portfolio\\src\\icons\\Neovim-mark.svg"
2025-12-26T15:51:51.352399Z  INFO tailwindcss_oxide::scanner: Reading "C:\\Users\\stan\\Documents\\Code\\Web\\Astro\\static_portfolio\\src\\icons\\LaTeX.svg"
2025-12-26T15:51:51.352416Z  INFO tailwindcss_oxide::scanner: Reading "C:\\Users\\stan\\Documents\\Code\\Web\\Astro\\static_portfolio\\src\\content\\projects\\pub-llms.mdx"
2025-12-26T15:51:51.352441Z  INFO tailwindcss_oxide::scanner: Reading "C:\\Users\\stan\\Documents\\Code\\Web\\Astro\\static_portfolio\\src\\components\\projects\\GSAPContextProvider.tsx"
2025-12-26T15:51:51.352290Z  INFO tailwindcss_oxide::scanner: Reading "C:\\Users\\stan\\Documents\\Code\\Web\\Astro\\static_portfolio\\src\\hooks\\useImagesLoaded.ts"
2025-12-26T15:51:51.352350Z  INFO tailwindcss_oxide::scanner: Reading "C:\\Users\\stan\\Documents\\Code\\Web\\Astro\\static_portfolio\\src\\components\\projects\\details\\interp\\interpContext.ts"
2025-12-26T15:51:51.352461Z  INFO tailwindcss_oxide::scanner: Reading "C:\\Users\\stan\\Documents\\Code\\Web\\Astro\\static_portfolio\\src\\hooks\\useEnsureRef.ts"
2025-12-26T15:51:51.352553Z  INFO tailwindcss_oxide::scanner: Reading "C:\\Users\\stan\\Documents\\Code\\Web\\Astro\\static_portfolio\\src\\icons\\linkedin.svg"
2025-12-26T15:51:51.352490Z  INFO tailwindcss_oxide::scanner: Reading "C:\\Users\\stan\\Documents\\Code\\Web\\Astro\\static_portfolio\\src\\components\\projects\\details\\ProjectProvider.tsx"
2025-12-26T15:51:51.352541Z  INFO tailwindcss_oxide::scanner: Reading "C:\\Users\\stan\\Documents\\Code\\Web\\Astro\\static_portfolio\\src\\icons\\netlify.svg"
2025-12-26T15:51:51.352631Z  INFO tailwindcss_oxide::scanner: Reading "C:\\Users\\stan\\Documents\\Code\\Web\\Astro\\static_portfolio\\src\\hooks\\usePromise.ts"
2025-12-26T15:51:51.352585Z  INFO tailwindcss_oxide::scanner: Reading "C:\\Users\\stan\\Documents\\Code\\Web\\Astro\\static_portfolio\\src\\content\\projects\\pub-prions.mdx"
2025-12-26T15:51:51.352699Z  INFO tailwindcss_oxide::scanner: Reading "C:\\Users\\stan\\Documents\\Code\\Web\\Astro\\static_portfolio\\src\\components\\projects\\details\\interp\\InterpContextProvider.tsx"
2025-12-26T15:51:51.352722Z  INFO tailwindcss_oxide::scanner: Reading "C:\\Users\\stan\\Documents\\Code\\Web\\Astro\\static_portfolio\\src\\hooks\\useFlip.ts"
2025-12-26T15:51:51.352756Z  INFO tailwindcss_oxide::scanner: Reading "C:\\Users\\stan\\Documents\\Code\\Web\\Astro\\static_portfolio\\src\\icons\\logo-rocq-vertical-orange.svg"
2025-12-26T15:51:51.352769Z  INFO tailwindcss_oxide::scanner: Reading "C:\\Users\\stan\\Documents\\Code\\Web\\Astro\\static_portfolio\\src\\components\\projects\\details\\ProjectProviderBase.tsx"
2025-12-26T15:51:51.352778Z  INFO tailwindcss_oxide::scanner: Reading "C:\\Users\\stan\\Documents\\Code\\Web\\Astro\\static_portfolio\\src\\icons\\node.svg"
2025-12-26T15:51:51.352799Z  INFO tailwindcss_oxide::scanner: Reading "C:\\Users\\stan\\Documents\\Code\\Web\\Astro\\static_portfolio\\src\\hooks\\usePromiseTransition.ts"
2025-12-26T15:51:51.352590Z  INFO tailwindcss_oxide::scanner: Reading "C:\\Users\\stan\\Documents\\Code\\Web\\Astro\\static_portfolio\\src\\components\\projects\\lightbox.ts"
2025-12-26T15:51:51.352855Z  INFO tailwindcss_oxide::scanner: Reading "C:\\Users\\stan\\Documents\\Code\\Web\\Astro\\static_portfolio\\src\\content\\projects\\pubmed-scrape.mdx"
2025-12-26T15:51:51.352872Z  INFO tailwindcss_oxide::scanner: Reading "C:\\Users\\stan\\Documents\\Code\\Web\\Astro\\static_portfolio\\src\\components\\projects\\details\\ProjectMedia.tsx"
2025-12-26T15:51:51.352888Z  INFO tailwindcss_oxide::scanner: Reading "C:\\Users\\stan\\Documents\\Code\\Web\\Astro\\static_portfolio\\src\\hooks\\useGSAPContext.ts"
2025-12-26T15:51:51.352924Z  INFO tailwindcss_oxide::scanner: Reading "C:\\Users\\stan\\Documents\\Code\\Web\\Astro\\static_portfolio\\src\\icons\\logo.svg"
2025-12-26T15:51:51.352940Z  INFO tailwindcss_oxide::scanner: Reading "C:\\Users\\stan\\Documents\\Code\\Web\\Astro\\static_portfolio\\src\\components\\projects\\details\\scopeSelectors.ts"
2025-12-26T15:51:51.352946Z  INFO tailwindcss_oxide::scanner: Reading "C:\\Users\\stan\\Documents\\Code\\Web\\Astro\\static_portfolio\\src\\icons\\NumPy.svg"
2025-12-26T15:51:51.352997Z  INFO tailwindcss_oxide::scanner: Reading "C:\\Users\\stan\\Documents\\Code\\Web\\Astro\\static_portfolio\\src\\components\\projects\\overlay\\CarouselSlider.tsx"
2025-12-26T15:51:51.352954Z  INFO tailwindcss_oxide::scanner: Reading "C:\\Users\\stan\\Documents\\Code\\Web\\Astro\\static_portfolio\\src\\hooks\\useReportingMemo.ts"
2025-12-26T15:51:51.353036Z  INFO tailwindcss_oxide::scanner: Reading "C:\\Users\\stan\\Documents\\Code\\Web\\Astro\\static_portfolio\\src\\components\\projects\\ProjectBrowser.astro"
2025-12-26T15:51:51.353055Z  INFO tailwindcss_oxide::scanner: Reading "C:\\Users\\stan\\Documents\\Code\\Web\\Astro\\static_portfolio\\src\\components\\projects\\overlay\\ProjectCarouselDialog.tsx"
2025-12-26T15:51:51.353085Z  INFO tailwindcss_oxide::scanner: Reading "C:\\Users\\stan\\Documents\\Code\\Web\\Astro\\static_portfolio\\src\\icons\\Lua.svg"
2025-12-26T15:51:51.353089Z  INFO tailwindcss_oxide::scanner: Reading "C:\\Users\\stan\\Documents\\Code\\Web\\Astro\\static_portfolio\\src\\components\\projects\\details\\StarryNightStyleInjector.tsx"
2025-12-26T15:51:51.353098Z  INFO tailwindcss_oxide::scanner: Reading "C:\\Users\\stan\\Documents\\Code\\Web\\Astro\\static_portfolio\\src\\icons\\paperplane.svg"
2025-12-26T15:51:51.353120Z  INFO tailwindcss_oxide::scanner: Reading "C:\\Users\\stan\\Documents\\Code\\Web\\Astro\\static_portfolio\\src\\icons\\Pandas.svg"
2025-12-26T15:51:51.353160Z  INFO tailwindcss_oxide::scanner: Reading "C:\\Users\\stan\\Documents\\Code\\Web\\Astro\\static_portfolio\\src\\components\\projects\\overlay\\contextMenu.tsx"
2025-12-26T15:51:51.353190Z  INFO tailwindcss_oxide::scanner: Reading "C:\\Users\\stan\\Documents\\Code\\Web\\Astro\\static_portfolio\\src\\hooks\\useResizeObserver.ts"
2025-12-26T15:51:51.353218Z  INFO tailwindcss_oxide::scanner: Reading "C:\\Users\\stan\\Documents\\Code\\Web\\Astro\\static_portfolio\\src\\components\\projects\\ProjectBrowserEmpty.tsx"
2025-12-26T15:51:51.353225Z  INFO tailwindcss_oxide::scanner: Reading "C:\\Users\\stan\\Documents\\Code\\Web\\Astro\\static_portfolio\\src\\components\\projects\\overlay\\selection.ts"
2025-12-26T15:51:51.353244Z  INFO tailwindcss_oxide::scanner: Reading "C:\\Users\\stan\\Documents\\Code\\Web\\Astro\\static_portfolio\\src\\icons\\markdown.svg"
2025-12-26T15:51:51.353270Z  INFO tailwindcss_oxide::scanner: Reading "C:\\Users\\stan\\Documents\\Code\\Web\\Astro\\static_portfolio\\src\\icons\\person.svg"
2025-12-26T15:51:51.353282Z  INFO tailwindcss_oxide::scanner: Reading "C:\\Users\\stan\\Documents\\Code\\Web\\Astro\\static_portfolio\\src\\hooks\\useScrollToRow.tsx"
2025-12-26T15:51:51.353272Z  INFO tailwindcss_oxide::scanner: Reading "C:\\Users\\stan\\Documents\\Code\\Web\\Astro\\static_portfolio\\src\\components\\projects\\details\\SyntaxHighlightContext.tsx"
2025-12-26T15:51:51.353351Z  INFO tailwindcss_oxide::scanner: Reading "C:\\Users\\stan\\Documents\\Code\\Web\\Astro\\static_portfolio\\src\\components\\projects\\overlay\\DotButton.tsx"
2025-12-26T15:51:51.353364Z  INFO tailwindcss_oxide::scanner: Reading "C:\\Users\\stan\\Documents\\Code\\Web\\Astro\\static_portfolio\\src\\components\\story\\StorySidebarOld.astro"
2025-12-26T15:51:51.353381Z  INFO tailwindcss_oxide::scanner: Reading "C:\\Users\\stan\\Documents\\Code\\Web\\Astro\\static_portfolio\\src\\components\\projects\\ProjectBrowserInner.astro"
2025-12-26T15:51:51.353413Z  INFO tailwindcss_oxide::scanner: Reading "C:\\Users\\stan\\Documents\\Code\\Web\\Astro\\static_portfolio\\src\\components\\story\\Columns.tsx"
2025-12-26T15:51:51.353434Z  INFO tailwindcss_oxide::scanner: Reading "C:\\Users\\stan\\Documents\\Code\\Web\\Astro\\static_portfolio\\src\\components\\projects\\overlay\\SelectionToolbar.tsx"
2025-12-26T15:51:51.353438Z  INFO tailwindcss_oxide::scanner: Reading "C:\\Users\\stan\\Documents\\Code\\Web\\Astro\\static_portfolio\\src\\icons\\php.svg"
2025-12-26T15:51:51.353497Z  INFO tailwindcss_oxide::scanner: Reading "C:\\Users\\stan\\Documents\\Code\\Web\\Astro\\static_portfolio\\src\\components\\projects\\details\\transformTree.ts"
2025-12-26T15:51:51.353527Z  INFO tailwindcss_oxide::scanner: Reading "C:\\Users\\stan\\Documents\\Code\\Web\\Astro\\static_portfolio\\src\\components\\story\\StorySubsection.astro"
2025-12-26T15:51:51.353507Z  INFO tailwindcss_oxide::scanner: Reading "C:\\Users\\stan\\Documents\\Code\\Web\\Astro\\static_portfolio\\src\\components\\projects\\overlay\\MultiAccordion.tsx"
2025-12-26T15:51:51.353582Z  INFO tailwindcss_oxide::scanner: Reading "C:\\Users\\stan\\Documents\\Code\\Web\\Astro\\static_portfolio\\src\\components\\story\\ContentMarker.astro"
2025-12-26T15:51:51.353609Z  INFO tailwindcss_oxide::scanner: Reading "C:\\Users\\stan\\Documents\\Code\\Web\\Astro\\static_portfolio\\src\\icons\\Powershell.svg"
2025-12-26T15:51:51.353445Z  INFO tailwindcss_oxide::scanner: Reading "C:\\Users\\stan\\Documents\\Code\\Web\\Astro\\static_portfolio\\src\\hooks\\useSyncedRef.ts"
2025-12-26T15:51:51.353650Z  INFO tailwindcss_oxide::scanner: Reading "C:\\Users\\stan\\Documents\\Code\\Web\\Astro\\static_portfolio\\src\\components\\projects\\details\\useInterp.ts"
2025-12-26T15:51:51.353552Z  INFO tailwindcss_oxide::scanner: Reading "C:\\Users\\stan\\Documents\\Code\\Web\\Astro\\static_portfolio\\src\\components\\projects\\ProjectBrowserReact.tsx"
2025-12-26T15:51:51.353684Z  INFO tailwindcss_oxide::scanner: Reading "C:\\Users\\stan\\Documents\\Code\\Web\\Astro\\static_portfolio\\src\\components\\story\\StoryTimeline.astro"
2025-12-26T15:51:51.353617Z  INFO tailwindcss_oxide::scanner: Reading "C:\\Users\\stan\\Documents\\Code\\Web\\Astro\\static_portfolio\\src\\components\\projects\\overlay\\TransparentDialog.tsx"
2025-12-26T15:51:51.353732Z  INFO tailwindcss_oxide::scanner: Reading "C:\\Users\\stan\\Documents\\Code\\Web\\Astro\\static_portfolio\\src\\components\\projects\\overlay\\ProjectCarousel.tsx"
2025-12-26T15:51:51.353759Z  INFO tailwindcss_oxide::scanner: Reading "C:\\Users\\stan\\Documents\\Code\\Web\\Astro\\static_portfolio\\src\\components\\story\\ContentMarkerPreact.tsx"
2025-12-26T15:51:51.353784Z  INFO tailwindcss_oxide::scanner: Reading "C:\\Users\\stan\\Documents\\Code\\Web\\Astro\\static_portfolio\\src\\components\\projects\\toasts.tsx"
2025-12-26T15:51:51.353807Z  INFO tailwindcss_oxide::scanner: Reading "C:\\Users\\stan\\Documents\\Code\\Web\\Astro\\static_portfolio\\src\\components\\projects\\overlay\\useSelection.ts"
2025-12-26T15:51:51.353817Z  INFO tailwindcss_oxide::scanner: Reading "C:\\Users\\stan\\Documents\\Code\\Web\\Astro\\static_portfolio\\src\\components\\story\\SidebarItem.astro"
2025-12-26T15:51:51.353855Z  INFO tailwindcss_oxide::scanner: Reading "C:\\Users\\stan\\Documents\\Code\\Web\\Astro\\static_portfolio\\src\\components\\projects\\scrolling.tsx"
2025-12-26T15:51:51.353873Z  INFO tailwindcss_oxide::scanner: Reading "C:\\Users\\stan\\Documents\\Code\\Web\\Astro\\static_portfolio\\src\\components\\projects\\overlay\\useDotButton.ts"
2025-12-26T15:51:51.353906Z  INFO tailwindcss_oxide::scanner: Reading "C:\\Users\\stan\\Documents\\Code\\Web\\Astro\\static_portfolio\\src\\components\\projects\\util\\comparison.ts"
2025-12-26T15:51:51.353927Z  INFO tailwindcss_oxide::scanner: Reading "C:\\Users\\stan\\Documents\\Code\\Web\\Astro\\static_portfolio\\src\\components\\story\\FloatingNav.astro"
2025-12-26T15:51:51.353947Z  INFO tailwindcss_oxide::scanner: Reading "C:\\Users\\stan\\Documents\\Code\\Web\\Astro\\static_portfolio\\src\\components\\projects\\types.ts"
2025-12-26T15:51:51.353858Z  INFO tailwindcss_oxide::scanner: Reading "C:\\Users\\stan\\Documents\\Code\\Web\\Astro\\static_portfolio\\src\\components\\story\\types.ts"
2025-12-26T15:51:51.353981Z  INFO tailwindcss_oxide::scanner: Reading "C:\\Users\\stan\\Documents\\Code\\Web\\Astro\\static_portfolio\\src\\components\\story\\SidebarSection.astro"
2025-12-26T15:51:51.353995Z  INFO tailwindcss_oxide::scanner: Reading "C:\\Users\\stan\\Documents\\Code\\Web\\Astro\\static_portfolio\\src\\components\\projects\\parseMdx.ts"
2025-12-26T15:51:51.354025Z  INFO tailwindcss_oxide::scanner: Reading "C:\\Users\\stan\\Documents\\Code\\Web\\Astro\\static_portfolio\\src\\components\\projects\\StickyDiv.tsx"
2025-12-26T15:51:51.354048Z  INFO tailwindcss_oxide::scanner: Reading "C:\\Users\\stan\\Documents\\Code\\Web\\Astro\\static_portfolio\\src\\components\\story\\StoryAnimator.tsx"
2025-12-26T15:51:51.354087Z  INFO tailwindcss_oxide::scanner: Reading "C:\\Users\\stan\\Documents\\Code\\Web\\Astro\\static_portfolio\\src\\components\\projects\\ZustandTest.tsx"
2025-12-26T15:51:51.354094Z  INFO tailwindcss_oxide::scanner: Reading "C:\\Users\\stan\\Documents\\Code\\Web\\Astro\\static_portfolio\\src\\components\\story\\ParallaxBackdrop.astro"
2025-12-26T15:51:51.354108Z  INFO tailwindcss_oxide::scanner: Reading "C:\\Users\\stan\\Documents\\Code\\Web\\Astro\\static_portfolio\\src\\components\\projects\\useGSAPContext.ts"
2025-12-26T15:51:51.354141Z  INFO tailwindcss_oxide::scanner: Reading "C:\\Users\\stan\\Documents\\Code\\Web\\Astro\\static_portfolio\\src\\components\\story\\util\\fixPreactRef.ts"
2025-12-26T15:51:51.354151Z  INFO tailwindcss_oxide::scanner: Reading "C:\\Users\\stan\\Documents\\Code\\Web\\Astro\\static_portfolio\\src\\components\\story\\Story.astro"
2025-12-26T15:51:51.354172Z  INFO tailwindcss_oxide::scanner: Reading "C:\\Users\\stan\\Documents\\Code\\Web\\Astro\\static_portfolio\\src\\components\\story\\StorySection.astro"
2025-12-26T15:51:51.354188Z  INFO tailwindcss_oxide::scanner: Reading "C:\\Users\\stan\\Documents\\Code\\Web\\Astro\\static_portfolio\\src\\components\\projects\\SuspenseTest.tsx"
2025-12-26T15:51:51.354213Z  INFO tailwindcss_oxide::scanner: Reading "C:\\Users\\stan\\Documents\\Code\\Web\\Astro\\static_portfolio\\src\\components\\story\\StoryDrawer.tsx"
2025-12-26T15:51:51.354252Z  INFO tailwindcss_oxide::scanner: Reading "C:\\Users\\stan\\Documents\\Code\\Web\\Astro\\static_portfolio\\src\\components\\story\\client\\StoryTimeline.tsx"
2025-12-26T15:51:51.354262Z  INFO tailwindcss_oxide::scanner: Reading "C:\\Users\\stan\\Documents\\Code\\Web\\Astro\\static_portfolio\\src\\components\\story\\ParallaxWindow.astro"
2025-12-26T15:51:51.354275Z  INFO tailwindcss_oxide::scanner: Reading "C:\\Users\\stan\\Documents\\Code\\Web\\Astro\\static_portfolio\\src\\components\\story\\SafeDrawer.tsx"
2025-12-26T15:51:51.354308Z  INFO tailwindcss_oxide::scanner: Reading "C:\\Users\\stan\\Documents\\Code\\Web\\Astro\\static_portfolio\\src\\components\\story\\util\\loadImageMetadata.ts"
2025-12-26T15:51:51.354322Z  INFO tailwindcss_oxide::scanner: Reading "C:\\Users\\stan\\Documents\\Code\\Web\\Astro\\static_portfolio\\src\\components\\ui\\aspect-ratio.tsx"
2025-12-26T15:51:51.354331Z  INFO tailwindcss_oxide::scanner: Reading "C:\\Users\\stan\\Documents\\Code\\Web\\Astro\\static_portfolio\\src\\components\\story\\StorySidebar.astro"
2025-12-26T15:51:51.354354Z  INFO tailwindcss_oxide::scanner: Reading "C:\\Users\\stan\\Documents\\Code\\Web\\Astro\\static_portfolio\\src\\components\\ui\\card.tsx"
2025-12-26T15:51:51.354379Z  INFO tailwindcss_oxide::scanner: Reading "C:\\Users\\stan\\Documents\\Code\\Web\\Astro\\static_portfolio\\src\\components\\ui\\context-menu.tsx"
2025-12-26T15:51:51.354416Z  INFO tailwindcss_oxide::scanner: Reading "C:\\Users\\stan\\Documents\\Code\\Web\\Astro\\static_portfolio\\src\\components\\story\\Columns.astro"
2025-12-26T15:51:51.354436Z  INFO tailwindcss_oxide::scanner: Reading "C:\\Users\\stan\\Documents\\Code\\Web\\Astro\\static_portfolio\\src\\components\\ui\\dialog.tsx"
2025-12-26T15:51:51.354447Z  INFO tailwindcss_oxide::scanner: Reading "C:\\Users\\stan\\Documents\\Code\\Web\\Astro\\static_portfolio\\src\\components\\ui\\button-group.tsx"
2025-12-26T15:51:51.354471Z  INFO tailwindcss_oxide::scanner: Reading "C:\\Users\\stan\\Documents\\Code\\Web\\Astro\\static_portfolio\\src\\components\\story\\util\\loadImages.ts"
2025-12-26T15:51:51.354485Z  INFO tailwindcss_oxide::scanner: Reading "C:\\Users\\stan\\Documents\\Code\\Web\\Astro\\static_portfolio\\src\\components\\ui\\button.tsx"
2025-12-26T15:51:51.354526Z  INFO tailwindcss_oxide::scanner: Reading "C:\\Users\\stan\\Documents\\Code\\Web\\Astro\\static_portfolio\\src\\components\\ui\\carousel.tsx"
2025-12-26T15:51:51.354571Z  INFO tailwindcss_oxide::scanner: Reading "C:\\Users\\stan\\Documents\\Code\\Web\\Astro\\static_portfolio\\src\\components\\ui\\CustomSpinner.tsx"
2025-12-26T15:51:51.354593Z  INFO tailwindcss_oxide::scanner: Reading "C:\\Users\\stan\\Documents\\Code\\Web\\Astro\\static_portfolio\\src\\components\\ui\\collapsible.tsx"
2025-12-26T15:51:51.354599Z  INFO tailwindcss_oxide::scanner: Reading "C:\\Users\\stan\\Documents\\Code\\Web\\Astro\\static_portfolio\\src\\components\\ui\\drawer.tsx"
2025-12-26T15:51:51.354607Z  INFO tailwindcss_oxide::scanner: Reading "C:\\Users\\stan\\Documents\\Code\\Web\\Astro\\static_portfolio\\src\\components\\ui\\Button.astro"
2025-12-26T15:51:51.354640Z  INFO tailwindcss_oxide::scanner: Reading "C:\\Users\\stan\\Documents\\Code\\Web\\Astro\\static_portfolio\\src\\components\\story\\util\\loadSections.ts"
2025-12-26T15:51:51.354676Z  INFO tailwindcss_oxide::scanner: Reading "C:\\Users\\stan\\Documents\\Code\\Web\\Astro\\static_portfolio\\src\\components\\ui\\Capsule.astro"
2025-12-26T15:51:51.354694Z  INFO tailwindcss_oxide::scanner: Reading "C:\\Users\\stan\\Documents\\Code\\Web\\Astro\\static_portfolio\\src\\components\\ui\\breadcrumb.tsx"
2025-12-26T15:51:51.354734Z  INFO tailwindcss_oxide::scanner: Reading "C:\\Users\\stan\\Documents\\Code\\Web\\Astro\\static_portfolio\\src\\components\\story\\util\\types\\types.ts"
2025-12-26T15:51:51.354753Z  INFO tailwindcss_oxide::scanner: Reading "C:\\Users\\stan\\Documents\\Code\\Web\\Astro\\static_portfolio\\src\\components\\ui\\alert-dialog.tsx"
2025-12-26T15:51:51.354775Z  INFO tailwindcss_oxide::scanner: Reading "C:\\Users\\stan\\Documents\\Code\\Web\\Astro\\static_portfolio\\src\\components\\ui\\alert.tsx"
2025-12-26T15:51:51.354783Z  INFO tailwindcss_oxide::scanner: Reading "C:\\Users\\stan\\Documents\\Code\\Web\\Astro\\static_portfolio\\src\\components\\story\\util\\parseDate.ts"
2025-12-26T15:51:51.354485Z  INFO tailwindcss_oxide::scanner: Reading "C:\\Users\\stan\\Documents\\Code\\Web\\Astro\\static_portfolio\\src\\components\\ui\\badge.tsx"
2025-12-26T15:51:51.354831Z  INFO tailwindcss_oxide::scanner: Reading "C:\\Users\\stan\\Documents\\Code\\Web\\Astro\\static_portfolio\\src\\components\\story\\util\\typeCheck.ts"
2025-12-26T15:51:51.354804Z  INFO tailwindcss_oxide::scanner: Reading "C:\\Users\\stan\\Documents\\Code\\Web\\Astro\\static_portfolio\\src\\components\\ui\\accordion.tsx"
2025-12-26T15:51:51.355102Z  INFO extract_candidates:read_all_files: tailwindcss_oxide::scanner: exit
2025-12-26T15:51:51.355125Z  INFO extract_candidates:parse_all_blobs: tailwindcss_oxide::scanner: enter
2025-12-26T15:51:51.355136Z  INFO extract_candidates:parse_all_blobs:extract: tailwindcss_oxide::scanner: enter
2025-12-26T15:51:51.370187Z  INFO extract_candidates:parse_all_blobs:extract: tailwindcss_oxide::scanner: exit
2025-12-26T15:51:51.370355Z  INFO extract_candidates:parse_all_blobs: tailwindcss_oxide::scanner: exit
2025-12-26T15:51:51.370372Z  INFO extract_candidates:read_all_files: tailwindcss_oxide::scanner: enter
2025-12-26T15:51:51.370380Z  INFO extract_candidates:read_all_files: tailwindcss_oxide::scanner: Reading 41 file(s)
2025-12-26T15:51:51.370749Z  INFO tailwindcss_oxide::scanner: Reading "C:\\Users\\stan\\Documents\\Code\\Web\\Astro\\static_portfolio\\public\\styles\\starry-night\\dark.css"
2025-12-26T15:51:51.370749Z  INFO tailwindcss_oxide::scanner: Reading "C:\\Users\\stan\\Documents\\Code\\Web\\Astro\\static_portfolio\\public\\styles\\starry-night\\tritanopia-light.css"
2025-12-26T15:51:51.370754Z  INFO tailwindcss_oxide::scanner: Reading "C:\\Users\\stan\\Documents\\Code\\Web\\Astro\\static_portfolio\\public\\styles\\starry-night\\both.css"
2025-12-26T15:51:51.370753Z  INFO tailwindcss_oxide::scanner: Reading "C:\\Users\\stan\\Documents\\Code\\Web\\Astro\\static_portfolio\\src\\styles\\projects.css"
2025-12-26T15:51:51.370754Z  INFO tailwindcss_oxide::scanner: Reading "C:\\Users\\stan\\Documents\\Code\\Web\\Astro\\static_portfolio\\public\\styles\\starry-night\\colorblind.css"
2025-12-26T15:51:51.370758Z  INFO tailwindcss_oxide::scanner: Reading "C:\\Users\\stan\\Documents\\Code\\Web\\Astro\\static_portfolio\\public\\styles\\starry-night\\colorblind-light.css"
2025-12-26T15:51:51.370930Z  INFO tailwindcss_oxide::scanner: Reading "C:\\Users\\stan\\Documents\\Code\\Web\\Astro\\static_portfolio\\public\\styles\\starry-night\\default-dark.css"
2025-12-26T15:51:51.370770Z  INFO tailwindcss_oxide::scanner: Reading "C:\\Users\\stan\\Documents\\Code\\Web\\Astro\\static_portfolio\\public\\styles\\starry-night\\high-contrast-dark.css"
2025-12-26T15:51:51.370965Z  INFO tailwindcss_oxide::scanner: Reading "C:\\Users\\stan\\Documents\\Code\\Web\\Astro\\static_portfolio\\public\\styles\\starry-night\\tritanopia.css"
2025-12-26T15:51:51.370886Z  INFO tailwindcss_oxide::scanner: Reading "C:\\Users\\stan\\Documents\\Code\\Web\\Astro\\static_portfolio\\public\\styles\\starry-night\\colorblind-dark.css"
2025-12-26T15:51:51.371001Z  INFO tailwindcss_oxide::scanner: Reading "C:\\Users\\stan\\Documents\\Code\\Web\\Astro\\static_portfolio\\src\\styles\\carousel.css"
2025-12-26T15:51:51.371046Z  INFO tailwindcss_oxide::scanner: Reading "C:\\Users\\stan\\Documents\\Code\\Web\\Astro\\static_portfolio\\src\\styles\\scratch2.css"
2025-12-26T15:51:51.371068Z  INFO tailwindcss_oxide::scanner: Reading "C:\\Users\\stan\\Documents\\Code\\Web\\Astro\\static_portfolio\\public\\styles\\starry-night\\core.css"
2025-12-26T15:51:51.371107Z  INFO tailwindcss_oxide::scanner: Reading "C:\\Users\\stan\\Documents\\Code\\Web\\Astro\\static_portfolio\\public\\styles\\starry-night\\default-light.css"
2025-12-26T15:51:51.371133Z  INFO tailwindcss_oxide::scanner: Reading "C:\\Users\\stan\\Documents\\Code\\Web\\Astro\\static_portfolio\\public\\styles\\starry-night\\high-contrast-light.css"
2025-12-26T15:51:51.371144Z  INFO tailwindcss_oxide::scanner: Reading "C:\\Users\\stan\\Documents\\Code\\Web\\Astro\\static_portfolio\\src\\styles\\global.css"
2025-12-26T15:51:51.371152Z  INFO tailwindcss_oxide::scanner: Reading "C:\\Users\\stan\\Documents\\Code\\Web\\Astro\\static_portfolio\\src\\styles\\details.css"
2025-12-26T15:51:51.371203Z  INFO tailwindcss_oxide::scanner: Reading "C:\\Users\\stan\\Documents\\Code\\Web\\Astro\\static_portfolio\\public\\styles\\starry-night\\high-contrast.css"
2025-12-26T15:51:51.371220Z  INFO tailwindcss_oxide::scanner: Reading "C:\\Users\\stan\\Documents\\Code\\Web\\Astro\\static_portfolio\\src\\styles\\starry-night\\dimmed-dark.css"
2025-12-26T15:51:51.371239Z  INFO tailwindcss_oxide::scanner: Reading "C:\\Users\\stan\\Documents\\Code\\Web\\Astro\\static_portfolio\\public\\styles\\starry-night\\dimmed-dark.css"
2025-12-26T15:51:51.371273Z  INFO tailwindcss_oxide::scanner: Reading "C:\\Users\\stan\\Documents\\Code\\Web\\Astro\\static_portfolio\\src\\styles\\starry-night\\light.css"
2025-12-26T15:51:51.371296Z  INFO tailwindcss_oxide::scanner: Reading "C:\\Users\\stan\\Documents\\Code\\Web\\Astro\\static_portfolio\\public\\styles\\starry-night\\light.css"
2025-12-26T15:51:51.371314Z  INFO tailwindcss_oxide::scanner: Reading "C:\\Users\\stan\\Documents\\Code\\Web\\Astro\\static_portfolio\\src\\styles\\starry-night\\colorblind.css"
2025-12-26T15:51:51.371334Z  INFO tailwindcss_oxide::scanner: Reading "C:\\Users\\stan\\Documents\\Code\\Web\\Astro\\static_portfolio\\public\\styles\\starry-night\\tritanopia-dark.css"
2025-12-26T15:51:51.371372Z  INFO tailwindcss_oxide::scanner: Reading "C:\\Users\\stan\\Documents\\Code\\Web\\Astro\\static_portfolio\\src\\styles\\starry-night\\high-contrast-dark.css"
2025-12-26T15:51:51.371392Z  INFO tailwindcss_oxide::scanner: Reading "C:\\Users\\stan\\Documents\\Code\\Web\\Astro\\static_portfolio\\src\\styles\\starry-night\\dimmed.css"
2025-12-26T15:51:51.371405Z  INFO tailwindcss_oxide::scanner: Reading "C:\\Users\\stan\\Documents\\Code\\Web\\Astro\\static_portfolio\\public\\styles\\starry-night\\dimmed.css"
2025-12-26T15:51:51.371437Z  INFO tailwindcss_oxide::scanner: Reading "C:\\Users\\stan\\Documents\\Code\\Web\\Astro\\static_portfolio\\src\\styles\\starry-night\\tritanopia-dark.css"
2025-12-26T15:51:51.371460Z  INFO tailwindcss_oxide::scanner: Reading "C:\\Users\\stan\\Documents\\Code\\Web\\Astro\\static_portfolio\\src\\styles\\starry-night\\colorblind-dark.css"
2025-12-26T15:51:51.371475Z  INFO tailwindcss_oxide::scanner: Reading "C:\\Users\\stan\\Documents\\Code\\Web\\Astro\\static_portfolio\\src\\styles\\starry-night\\core.css"
2025-12-26T15:51:51.371495Z  INFO tailwindcss_oxide::scanner: Reading "C:\\Users\\stan\\Documents\\Code\\Web\\Astro\\static_portfolio\\src\\styles\\starry-night\\tritanopia.css"
2025-12-26T15:51:51.371532Z  INFO tailwindcss_oxide::scanner: Reading "C:\\Users\\stan\\Documents\\Code\\Web\\Astro\\static_portfolio\\src\\styles\\starry-night\\high-contrast-light.css"
2025-12-26T15:51:51.371553Z  INFO tailwindcss_oxide::scanner: Reading "C:\\Users\\stan\\Documents\\Code\\Web\\Astro\\static_portfolio\\src\\styles\\starry-night-tailwind.css"
2025-12-26T15:51:51.371566Z  INFO tailwindcss_oxide::scanner: Reading "C:\\Users\\stan\\Documents\\Code\\Web\\Astro\\static_portfolio\\src\\styles\\starry-night\\tritanopia-light.css"
2025-12-26T15:51:51.371598Z  INFO tailwindcss_oxide::scanner: Reading "C:\\Users\\stan\\Documents\\Code\\Web\\Astro\\static_portfolio\\src\\styles\\starry-night\\dark.css"
2025-12-26T15:51:51.371621Z  INFO tailwindcss_oxide::scanner: Reading "C:\\Users\\stan\\Documents\\Code\\Web\\Astro\\static_portfolio\\src\\styles\\starry-night\\colorblind-light.css"
2025-12-26T15:51:51.371650Z  INFO tailwindcss_oxide::scanner: Reading "C:\\Users\\stan\\Documents\\Code\\Web\\Astro\\static_portfolio\\src\\styles\\story.css"
2025-12-26T15:51:51.371656Z  INFO tailwindcss_oxide::scanner: Reading "C:\\Users\\stan\\Documents\\Code\\Web\\Astro\\static_portfolio\\src\\styles\\starry-night\\default-dark.css"
2025-12-26T15:51:51.371656Z  INFO tailwindcss_oxide::scanner: Reading "C:\\Users\\stan\\Documents\\Code\\Web\\Astro\\static_portfolio\\src\\styles\\starry-night\\both.css"
2025-12-26T15:51:51.371710Z  INFO tailwindcss_oxide::scanner: Reading "C:\\Users\\stan\\Documents\\Code\\Web\\Astro\\static_portfolio\\src\\styles\\starry-night\\high-contrast.css"
2025-12-26T15:51:51.371717Z  INFO tailwindcss_oxide::scanner: Reading "C:\\Users\\stan\\Documents\\Code\\Web\\Astro\\static_portfolio\\src\\styles\\starry-night\\default-light.css"
2025-12-26T15:51:51.371843Z  INFO extract_candidates:read_all_files: tailwindcss_oxide::scanner: exit
2025-12-26T15:51:51.371869Z  INFO extract_candidates:extract_css_variables: tailwindcss_oxide::scanner: enter
2025-12-26T15:51:51.371884Z  INFO extract_candidates:extract_css_variables:extract: tailwindcss_oxide::scanner: enter
2025-12-26T15:51:51.372656Z  INFO extract_candidates:extract_css_variables:extract: tailwindcss_oxide::scanner: exit
2025-12-26T15:51:51.372736Z  INFO extract_candidates:extract_css_variables: tailwindcss_oxide::scanner: exit
2025-12-26T15:51:51.376451Z  INFO extract_candidates: tailwindcss_oxide::scanner: exit
2025-12-26T15:51:51.383685Z  INFO get_files: tailwindcss_oxide::scanner: enter
2025-12-26T15:51:51.383719Z  INFO get_files:scan_sources: tailwindcss_oxide::scanner: enter
2025-12-26T15:51:51.387147Z  INFO get_files:scan_sources: tailwindcss_oxide::scanner: Discovering "C:\\Users\\stan\\Documents\\Code\\Web\\Astro\\static_portfolio\\.github"
2025-12-26T15:51:51.387723Z  INFO get_files:scan_sources: tailwindcss_oxide::scanner: Discovering "C:\\Users\\stan\\Documents\\Code\\Web\\Astro\\static_portfolio\\.github\\workflows"
2025-12-26T15:51:51.389090Z  INFO get_files:scan_sources: tailwindcss_oxide::scanner: Discovering "C:\\Users\\stan\\Documents\\Code\\Web\\Astro\\static_portfolio\\dev"
2025-12-26T15:51:51.389494Z  INFO get_files:scan_sources: tailwindcss_oxide::scanner: Discovering "C:\\Users\\stan\\Documents\\Code\\Web\\Astro\\static_portfolio\\dev\\components"
2025-12-26T15:51:51.390136Z  INFO get_files:scan_sources: tailwindcss_oxide::scanner: Discovering "C:\\Users\\stan\\Documents\\Code\\Web\\Astro\\static_portfolio\\dev\\lorem_ipsum"
2025-12-26T15:51:51.392772Z  INFO get_files:scan_sources: tailwindcss_oxide::scanner: Discovering "C:\\Users\\stan\\Documents\\Code\\Web\\Astro\\static_portfolio\\plugins"
2025-12-26T15:51:51.393494Z  INFO get_files:scan_sources: tailwindcss_oxide::scanner: Discovering "C:\\Users\\stan\\Documents\\Code\\Web\\Astro\\static_portfolio\\public"
2025-12-26T15:51:51.393917Z  INFO get_files:scan_sources: tailwindcss_oxide::scanner: Discovering "C:\\Users\\stan\\Documents\\Code\\Web\\Astro\\static_portfolio\\public\\images"
2025-12-26T15:51:51.394335Z  INFO get_files:scan_sources: tailwindcss_oxide::scanner: Discovering "C:\\Users\\stan\\Documents\\Code\\Web\\Astro\\static_portfolio\\public\\images\\posts"
2025-12-26T15:51:51.394770Z  INFO get_files:scan_sources: tailwindcss_oxide::scanner: Discovering "C:\\Users\\stan\\Documents\\Code\\Web\\Astro\\static_portfolio\\public\\images\\projects"
2025-12-26T15:51:51.395223Z  INFO get_files:scan_sources: tailwindcss_oxide::scanner: Discovering "C:\\Users\\stan\\Documents\\Code\\Web\\Astro\\static_portfolio\\public\\images\\story"
2025-12-26T15:51:51.395645Z  INFO get_files:scan_sources: tailwindcss_oxide::scanner: Discovering "C:\\Users\\stan\\Documents\\Code\\Web\\Astro\\static_portfolio\\public\\images\\story\\backdrop"
2025-12-26T15:51:51.397700Z  INFO get_files:scan_sources: tailwindcss_oxide::scanner: Discovering "C:\\Users\\stan\\Documents\\Code\\Web\\Astro\\static_portfolio\\public\\images\\story\\inline"
2025-12-26T15:51:51.398132Z  INFO get_files:scan_sources: tailwindcss_oxide::scanner: Discovering "C:\\Users\\stan\\Documents\\Code\\Web\\Astro\\static_portfolio\\public\\images\\story\\sidebar"
2025-12-26T15:51:51.398775Z  INFO get_files:scan_sources: tailwindcss_oxide::scanner: Discovering "C:\\Users\\stan\\Documents\\Code\\Web\\Astro\\static_portfolio\\public\\styles"
2025-12-26T15:51:51.399148Z  INFO get_files:scan_sources: tailwindcss_oxide::scanner: Discovering "C:\\Users\\stan\\Documents\\Code\\Web\\Astro\\static_portfolio\\public\\styles\\starry-night"
2025-12-26T15:51:51.400855Z  INFO get_files:scan_sources: tailwindcss_oxide::scanner: Discovering "C:\\Users\\stan\\Documents\\Code\\Web\\Astro\\static_portfolio\\src"
2025-12-26T15:51:51.401255Z  INFO get_files:scan_sources: tailwindcss_oxide::scanner: Discovering "C:\\Users\\stan\\Documents\\Code\\Web\\Astro\\static_portfolio\\src\\components"
2025-12-26T15:51:51.401664Z  INFO get_files:scan_sources: tailwindcss_oxide::scanner: Discovering "C:\\Users\\stan\\Documents\\Code\\Web\\Astro\\static_portfolio\\src\\components\\blog"
2025-12-26T15:51:51.402541Z  INFO get_files:scan_sources: tailwindcss_oxide::scanner: Discovering "C:\\Users\\stan\\Documents\\Code\\Web\\Astro\\static_portfolio\\src\\components\\layout"
2025-12-26T15:51:51.403366Z  INFO get_files:scan_sources: tailwindcss_oxide::scanner: Discovering "C:\\Users\\stan\\Documents\\Code\\Web\\Astro\\static_portfolio\\src\\components\\portfolio"
2025-12-26T15:51:51.404448Z  INFO get_files:scan_sources: tailwindcss_oxide::scanner: Discovering "C:\\Users\\stan\\Documents\\Code\\Web\\Astro\\static_portfolio\\src\\components\\projects"
2025-12-26T15:51:51.405104Z  INFO get_files:scan_sources: tailwindcss_oxide::scanner: Discovering "C:\\Users\\stan\\Documents\\Code\\Web\\Astro\\static_portfolio\\src\\components\\projects\\details"
2025-12-26T15:51:51.405930Z  INFO get_files:scan_sources: tailwindcss_oxide::scanner: Discovering "C:\\Users\\stan\\Documents\\Code\\Web\\Astro\\static_portfolio\\src\\components\\projects\\details\\interp"
2025-12-26T15:51:51.407270Z  INFO get_files:scan_sources: tailwindcss_oxide::scanner: Discovering "C:\\Users\\stan\\Documents\\Code\\Web\\Astro\\static_portfolio\\src\\components\\projects\\filtering"
2025-12-26T15:51:51.407699Z  INFO get_files:scan_sources: tailwindcss_oxide::scanner: Discovering "C:\\Users\\stan\\Documents\\Code\\Web\\Astro\\static_portfolio\\src\\components\\projects\\filtering\\common"
2025-12-26T15:51:51.408361Z  INFO get_files:scan_sources: tailwindcss_oxide::scanner: Discovering "C:\\Users\\stan\\Documents\\Code\\Web\\Astro\\static_portfolio\\src\\components\\projects\\filtering\\common\\stores"
2025-12-26T15:51:51.410076Z  INFO get_files:scan_sources: tailwindcss_oxide::scanner: Discovering "C:\\Users\\stan\\Documents\\Code\\Web\\Astro\\static_portfolio\\src\\components\\projects\\filtering\\sections"
2025-12-26T15:51:51.411019Z  INFO get_files:scan_sources: tailwindcss_oxide::scanner: Discovering "C:\\Users\\stan\\Documents\\Code\\Web\\Astro\\static_portfolio\\src\\components\\projects\\grid"
2025-12-26T15:51:51.411416Z  INFO get_files:scan_sources: tailwindcss_oxide::scanner: Discovering "C:\\Users\\stan\\Documents\\Code\\Web\\Astro\\static_portfolio\\src\\components\\projects\\grid\\items"
2025-12-26T15:51:51.411816Z  INFO get_files:scan_sources: tailwindcss_oxide::scanner: Discovering "C:\\Users\\stan\\Documents\\Code\\Web\\Astro\\static_portfolio\\src\\components\\projects\\grid\\items\\badges"
2025-12-26T15:51:51.412457Z  INFO get_files:scan_sources: tailwindcss_oxide::scanner: Discovering "C:\\Users\\stan\\Documents\\Code\\Web\\Astro\\static_portfolio\\src\\components\\projects\\grid\\items\\expansion"
2025-12-26T15:51:51.413216Z  INFO get_files:scan_sources: tailwindcss_oxide::scanner: Discovering "C:\\Users\\stan\\Documents\\Code\\Web\\Astro\\static_portfolio\\src\\components\\projects\\grid\\items\\sharing"
2025-12-26T15:51:51.414139Z  INFO get_files:scan_sources: tailwindcss_oxide::scanner: Discovering "C:\\Users\\stan\\Documents\\Code\\Web\\Astro\\static_portfolio\\src\\components\\projects\\overlay"
2025-12-26T15:51:51.416017Z  INFO get_files:scan_sources: tailwindcss_oxide::scanner: Discovering "C:\\Users\\stan\\Documents\\Code\\Web\\Astro\\static_portfolio\\src\\components\\projects\\util"
2025-12-26T15:51:51.416646Z  INFO get_files:scan_sources: tailwindcss_oxide::scanner: Discovering "C:\\Users\\stan\\Documents\\Code\\Web\\Astro\\static_portfolio\\src\\components\\story"
2025-12-26T15:51:51.417038Z  INFO get_files:scan_sources: tailwindcss_oxide::scanner: Discovering "C:\\Users\\stan\\Documents\\Code\\Web\\Astro\\static_portfolio\\src\\components\\story\\client"
2025-12-26T15:51:51.418724Z  INFO get_files:scan_sources: tailwindcss_oxide::scanner: Discovering "C:\\Users\\stan\\Documents\\Code\\Web\\Astro\\static_portfolio\\src\\components\\story\\util"
2025-12-26T15:51:51.419645Z  INFO get_files:scan_sources: tailwindcss_oxide::scanner: Discovering "C:\\Users\\stan\\Documents\\Code\\Web\\Astro\\static_portfolio\\src\\components\\story\\util\\types"
2025-12-26T15:51:51.420257Z  INFO get_files:scan_sources: tailwindcss_oxide::scanner: Discovering "C:\\Users\\stan\\Documents\\Code\\Web\\Astro\\static_portfolio\\src\\components\\ui"
2025-12-26T15:51:51.423943Z  INFO get_files:scan_sources: tailwindcss_oxide::scanner: Discovering "C:\\Users\\stan\\Documents\\Code\\Web\\Astro\\static_portfolio\\src\\content"
2025-12-26T15:51:51.424329Z  INFO get_files:scan_sources: tailwindcss_oxide::scanner: Discovering "C:\\Users\\stan\\Documents\\Code\\Web\\Astro\\static_portfolio\\src\\content\\captions"
2025-12-26T15:51:51.424916Z  INFO get_files:scan_sources: tailwindcss_oxide::scanner: Discovering "C:\\Users\\stan\\Documents\\Code\\Web\\Astro\\static_portfolio\\src\\content\\figures"
2025-12-26T15:51:51.425393Z  INFO get_files:scan_sources: tailwindcss_oxide::scanner: Discovering "C:\\Users\\stan\\Documents\\Code\\Web\\Astro\\static_portfolio\\src\\content\\projects"
2025-12-26T15:51:51.427538Z  INFO get_files:scan_sources: tailwindcss_oxide::scanner: Discovering "C:\\Users\\stan\\Documents\\Code\\Web\\Astro\\static_portfolio\\src\\content\\staticData"
2025-12-26T15:51:51.428124Z  INFO get_files:scan_sources: tailwindcss_oxide::scanner: Discovering "C:\\Users\\stan\\Documents\\Code\\Web\\Astro\\static_portfolio\\src\\hooks"
2025-12-26T15:51:51.431463Z  INFO get_files:scan_sources: tailwindcss_oxide::scanner: Discovering "C:\\Users\\stan\\Documents\\Code\\Web\\Astro\\static_portfolio\\src\\icons"
2025-12-26T15:51:51.436535Z  INFO get_files:scan_sources: tailwindcss_oxide::scanner: Discovering "C:\\Users\\stan\\Documents\\Code\\Web\\Astro\\static_portfolio\\src\\layouts"
2025-12-26T15:51:51.437261Z  INFO get_files:scan_sources: tailwindcss_oxide::scanner: Discovering "C:\\Users\\stan\\Documents\\Code\\Web\\Astro\\static_portfolio\\src\\lib"
2025-12-26T15:51:51.437867Z  INFO get_files:scan_sources: tailwindcss_oxide::scanner: Discovering "C:\\Users\\stan\\Documents\\Code\\Web\\Astro\\static_portfolio\\src\\pages"
2025-12-26T15:51:51.438310Z  INFO get_files:scan_sources: tailwindcss_oxide::scanner: Discovering "C:\\Users\\stan\\Documents\\Code\\Web\\Astro\\static_portfolio\\src\\pages\\blog"
2025-12-26T15:51:51.438755Z  INFO get_files:scan_sources: tailwindcss_oxide::scanner: Discovering "C:\\Users\\stan\\Documents\\Code\\Web\\Astro\\static_portfolio\\src\\pages\\blog\\posts"
2025-12-26T15:51:51.439437Z  INFO get_files:scan_sources: tailwindcss_oxide::scanner: Discovering "C:\\Users\\stan\\Documents\\Code\\Web\\Astro\\static_portfolio\\src\\pages\\blog\\tags"
2025-12-26T15:51:51.439972Z  INFO get_files:scan_sources: tailwindcss_oxide::scanner: Discovering "C:\\Users\\stan\\Documents\\Code\\Web\\Astro\\static_portfolio\\src\\pages\\blog\\techs"
2025-12-26T15:51:51.440601Z  INFO get_files:scan_sources: tailwindcss_oxide::scanner: Discovering "C:\\Users\\stan\\Documents\\Code\\Web\\Astro\\static_portfolio\\src\\pages\\portfolio"
2025-12-26T15:51:51.440978Z  INFO get_files:scan_sources: tailwindcss_oxide::scanner: Discovering "C:\\Users\\stan\\Documents\\Code\\Web\\Astro\\static_portfolio\\src\\pages\\portfolio\\projects"
2025-12-26T15:51:51.441741Z  INFO get_files:scan_sources: tailwindcss_oxide::scanner: Discovering "C:\\Users\\stan\\Documents\\Code\\Web\\Astro\\static_portfolio\\src\\pages\\story"
2025-12-26T15:51:51.442103Z  INFO get_files:scan_sources: tailwindcss_oxide::scanner: Discovering "C:\\Users\\stan\\Documents\\Code\\Web\\Astro\\static_portfolio\\src\\pages\\story\\sections"
2025-12-26T15:51:51.442714Z  INFO get_files:scan_sources: tailwindcss_oxide::scanner: Discovering "C:\\Users\\stan\\Documents\\Code\\Web\\Astro\\static_portfolio\\src\\pages\\story\\sidebar"
2025-12-26T15:51:51.443379Z  INFO get_files:scan_sources: tailwindcss_oxide::scanner: Discovering "C:\\Users\\stan\\Documents\\Code\\Web\\Astro\\static_portfolio\\src\\scripts"
2025-12-26T15:51:51.443855Z  INFO get_files:scan_sources: tailwindcss_oxide::scanner: Discovering "C:\\Users\\stan\\Documents\\Code\\Web\\Astro\\static_portfolio\\src\\styles"
2025-12-26T15:51:51.444541Z  INFO get_files:scan_sources: tailwindcss_oxide::scanner: Discovering "C:\\Users\\stan\\Documents\\Code\\Web\\Astro\\static_portfolio\\src\\styles\\starry-night"
2025-12-26T15:51:51.446347Z  INFO get_files:scan_sources: tailwindcss_oxide::scanner: Discovering "C:\\Users\\stan\\Documents\\Code\\Web\\Astro\\static_portfolio\\src\\types"
2025-12-26T15:51:51.446969Z  INFO get_files:scan_sources: tailwindcss_oxide::scanner: Discovering "C:\\Users\\stan\\Documents\\Code\\Web\\Astro\\static_portfolio\\src\\utils"
2025-12-26T15:51:51.447832Z  INFO get_files:scan_sources: tailwindcss_oxide::scanner: exit
2025-12-26T15:51:51.448105Z  INFO get_files: tailwindcss_oxide::scanner: exit
2025-12-26T15:51:51.599590Z  INFO get_globs: tailwindcss_oxide::scanner: enter
2025-12-26T15:51:51.599622Z  INFO get_globs:scan_sources: tailwindcss_oxide::scanner: enter
2025-12-26T15:51:51.602979Z  INFO get_globs:scan_sources: tailwindcss_oxide::scanner: Discovering "C:\\Users\\stan\\Documents\\Code\\Web\\Astro\\static_portfolio\\.github"
2025-12-26T15:51:51.603503Z  INFO get_globs:scan_sources: tailwindcss_oxide::scanner: Discovering "C:\\Users\\stan\\Documents\\Code\\Web\\Astro\\static_portfolio\\.github\\workflows"
2025-12-26T15:51:51.604717Z  INFO get_globs:scan_sources: tailwindcss_oxide::scanner: Discovering "C:\\Users\\stan\\Documents\\Code\\Web\\Astro\\static_portfolio\\dev"
2025-12-26T15:51:51.605078Z  INFO get_globs:scan_sources: tailwindcss_oxide::scanner: Discovering "C:\\Users\\stan\\Documents\\Code\\Web\\Astro\\static_portfolio\\dev\\components"
2025-12-26T15:51:51.605820Z  INFO get_globs:scan_sources: tailwindcss_oxide::scanner: Discovering "C:\\Users\\stan\\Documents\\Code\\Web\\Astro\\static_portfolio\\dev\\lorem_ipsum"
2025-12-26T15:51:51.608308Z  INFO get_globs:scan_sources: tailwindcss_oxide::scanner: Discovering "C:\\Users\\stan\\Documents\\Code\\Web\\Astro\\static_portfolio\\plugins"
2025-12-26T15:51:51.608994Z  INFO get_globs:scan_sources: tailwindcss_oxide::scanner: Discovering "C:\\Users\\stan\\Documents\\Code\\Web\\Astro\\static_portfolio\\public"
2025-12-26T15:51:51.609401Z  INFO get_globs:scan_sources: tailwindcss_oxide::scanner: Discovering "C:\\Users\\stan\\Documents\\Code\\Web\\Astro\\static_portfolio\\public\\images"
2025-12-26T15:51:51.609799Z  INFO get_globs:scan_sources: tailwindcss_oxide::scanner: Discovering "C:\\Users\\stan\\Documents\\Code\\Web\\Astro\\static_portfolio\\public\\images\\posts"
2025-12-26T15:51:51.610211Z  INFO get_globs:scan_sources: tailwindcss_oxide::scanner: Discovering "C:\\Users\\stan\\Documents\\Code\\Web\\Astro\\static_portfolio\\public\\images\\projects"
2025-12-26T15:51:51.610630Z  INFO get_globs:scan_sources: tailwindcss_oxide::scanner: Discovering "C:\\Users\\stan\\Documents\\Code\\Web\\Astro\\static_portfolio\\public\\images\\story"
2025-12-26T15:51:51.611012Z  INFO get_globs:scan_sources: tailwindcss_oxide::scanner: Discovering "C:\\Users\\stan\\Documents\\Code\\Web\\Astro\\static_portfolio\\public\\images\\story\\backdrop"
2025-12-26T15:51:51.612952Z  INFO get_globs:scan_sources: tailwindcss_oxide::scanner: Discovering "C:\\Users\\stan\\Documents\\Code\\Web\\Astro\\static_portfolio\\public\\images\\story\\inline"
2025-12-26T15:51:51.613371Z  INFO get_globs:scan_sources: tailwindcss_oxide::scanner: Discovering "C:\\Users\\stan\\Documents\\Code\\Web\\Astro\\static_portfolio\\public\\images\\story\\sidebar"
2025-12-26T15:51:51.613975Z  INFO get_globs:scan_sources: tailwindcss_oxide::scanner: Discovering "C:\\Users\\stan\\Documents\\Code\\Web\\Astro\\static_portfolio\\public\\styles"
2025-12-26T15:51:51.614331Z  INFO get_globs:scan_sources: tailwindcss_oxide::scanner: Discovering "C:\\Users\\stan\\Documents\\Code\\Web\\Astro\\static_portfolio\\public\\styles\\starry-night"
2025-12-26T15:51:51.615982Z  INFO get_globs:scan_sources: tailwindcss_oxide::scanner: Discovering "C:\\Users\\stan\\Documents\\Code\\Web\\Astro\\static_portfolio\\src"
2025-12-26T15:51:51.616377Z  INFO get_globs:scan_sources: tailwindcss_oxide::scanner: Discovering "C:\\Users\\stan\\Documents\\Code\\Web\\Astro\\static_portfolio\\src\\components"
2025-12-26T15:51:51.616767Z  INFO get_globs:scan_sources: tailwindcss_oxide::scanner: Discovering "C:\\Users\\stan\\Documents\\Code\\Web\\Astro\\static_portfolio\\src\\components\\blog"
2025-12-26T15:51:51.617638Z  INFO get_globs:scan_sources: tailwindcss_oxide::scanner: Discovering "C:\\Users\\stan\\Documents\\Code\\Web\\Astro\\static_portfolio\\src\\components\\layout"
2025-12-26T15:51:51.618453Z  INFO get_globs:scan_sources: tailwindcss_oxide::scanner: Discovering "C:\\Users\\stan\\Documents\\Code\\Web\\Astro\\static_portfolio\\src\\components\\portfolio"
2025-12-26T15:51:51.619440Z  INFO get_globs:scan_sources: tailwindcss_oxide::scanner: Discovering "C:\\Users\\stan\\Documents\\Code\\Web\\Astro\\static_portfolio\\src\\components\\projects"
2025-12-26T15:51:51.620043Z  INFO get_globs:scan_sources: tailwindcss_oxide::scanner: Discovering "C:\\Users\\stan\\Documents\\Code\\Web\\Astro\\static_portfolio\\src\\components\\projects\\details"
2025-12-26T15:51:51.620869Z  INFO get_globs:scan_sources: tailwindcss_oxide::scanner: Discovering "C:\\Users\\stan\\Documents\\Code\\Web\\Astro\\static_portfolio\\src\\components\\projects\\details\\interp"
2025-12-26T15:51:51.622196Z  INFO get_globs:scan_sources: tailwindcss_oxide::scanner: Discovering "C:\\Users\\stan\\Documents\\Code\\Web\\Astro\\static_portfolio\\src\\components\\projects\\filtering"
2025-12-26T15:51:51.622558Z  INFO get_globs:scan_sources: tailwindcss_oxide::scanner: Discovering "C:\\Users\\stan\\Documents\\Code\\Web\\Astro\\static_portfolio\\src\\components\\projects\\filtering\\common"
2025-12-26T15:51:51.623178Z  INFO get_globs:scan_sources: tailwindcss_oxide::scanner: Discovering "C:\\Users\\stan\\Documents\\Code\\Web\\Astro\\static_portfolio\\src\\components\\projects\\filtering\\common\\stores"
2025-12-26T15:51:51.624715Z  INFO get_globs:scan_sources: tailwindcss_oxide::scanner: Discovering "C:\\Users\\stan\\Documents\\Code\\Web\\Astro\\static_portfolio\\src\\components\\projects\\filtering\\sections"
2025-12-26T15:51:51.625595Z  INFO get_globs:scan_sources: tailwindcss_oxide::scanner: Discovering "C:\\Users\\stan\\Documents\\Code\\Web\\Astro\\static_portfolio\\src\\components\\projects\\grid"
2025-12-26T15:51:51.625945Z  INFO get_globs:scan_sources: tailwindcss_oxide::scanner: Discovering "C:\\Users\\stan\\Documents\\Code\\Web\\Astro\\static_portfolio\\src\\components\\projects\\grid\\items"
2025-12-26T15:51:51.626294Z  INFO get_globs:scan_sources: tailwindcss_oxide::scanner: Discovering "C:\\Users\\stan\\Documents\\Code\\Web\\Astro\\static_portfolio\\src\\components\\projects\\grid\\items\\badges"
2025-12-26T15:51:51.626878Z  INFO get_globs:scan_sources: tailwindcss_oxide::scanner: Discovering "C:\\Users\\stan\\Documents\\Code\\Web\\Astro\\static_portfolio\\src\\components\\projects\\grid\\items\\expansion"
2025-12-26T15:51:51.627576Z  INFO get_globs:scan_sources: tailwindcss_oxide::scanner: Discovering "C:\\Users\\stan\\Documents\\Code\\Web\\Astro\\static_portfolio\\src\\components\\projects\\grid\\items\\sharing"
2025-12-26T15:51:51.628414Z  INFO get_globs:scan_sources: tailwindcss_oxide::scanner: Discovering "C:\\Users\\stan\\Documents\\Code\\Web\\Astro\\static_portfolio\\src\\components\\projects\\overlay"
2025-12-26T15:51:51.630129Z  INFO get_globs:scan_sources: tailwindcss_oxide::scanner: Discovering "C:\\Users\\stan\\Documents\\Code\\Web\\Astro\\static_portfolio\\src\\components\\projects\\util"
2025-12-26T15:51:51.630697Z  INFO get_globs:scan_sources: tailwindcss_oxide::scanner: Discovering "C:\\Users\\stan\\Documents\\Code\\Web\\Astro\\static_portfolio\\src\\components\\story"
2025-12-26T15:51:51.631059Z  INFO get_globs:scan_sources: tailwindcss_oxide::scanner: Discovering "C:\\Users\\stan\\Documents\\Code\\Web\\Astro\\static_portfolio\\src\\components\\story\\client"
2025-12-26T15:51:51.632686Z  INFO get_globs:scan_sources: tailwindcss_oxide::scanner: Discovering "C:\\Users\\stan\\Documents\\Code\\Web\\Astro\\static_portfolio\\src\\components\\story\\util"
2025-12-26T15:51:51.633417Z  INFO get_globs:scan_sources: tailwindcss_oxide::scanner: Discovering "C:\\Users\\stan\\Documents\\Code\\Web\\Astro\\static_portfolio\\src\\components\\story\\util\\types"
2025-12-26T15:51:51.633944Z  INFO get_globs:scan_sources: tailwindcss_oxide::scanner: Discovering "C:\\Users\\stan\\Documents\\Code\\Web\\Astro\\static_portfolio\\src\\components\\ui"
2025-12-26T15:51:51.637469Z  INFO get_globs:scan_sources: tailwindcss_oxide::scanner: Discovering "C:\\Users\\stan\\Documents\\Code\\Web\\Astro\\static_portfolio\\src\\content"
2025-12-26T15:51:51.637833Z  INFO get_globs:scan_sources: tailwindcss_oxide::scanner: Discovering "C:\\Users\\stan\\Documents\\Code\\Web\\Astro\\static_portfolio\\src\\content\\captions"
2025-12-26T15:51:51.638399Z  INFO get_globs:scan_sources: tailwindcss_oxide::scanner: Discovering "C:\\Users\\stan\\Documents\\Code\\Web\\Astro\\static_portfolio\\src\\content\\figures"
2025-12-26T15:51:51.638860Z  INFO get_globs:scan_sources: tailwindcss_oxide::scanner: Discovering "C:\\Users\\stan\\Documents\\Code\\Web\\Astro\\static_portfolio\\src\\content\\projects"
2025-12-26T15:51:51.640879Z  INFO get_globs:scan_sources: tailwindcss_oxide::scanner: Discovering "C:\\Users\\stan\\Documents\\Code\\Web\\Astro\\static_portfolio\\src\\content\\staticData"
2025-12-26T15:51:51.641433Z  INFO get_globs:scan_sources: tailwindcss_oxide::scanner: Discovering "C:\\Users\\stan\\Documents\\Code\\Web\\Astro\\static_portfolio\\src\\hooks"
2025-12-26T15:51:51.644518Z  INFO get_globs:scan_sources: tailwindcss_oxide::scanner: Discovering "C:\\Users\\stan\\Documents\\Code\\Web\\Astro\\static_portfolio\\src\\icons"
2025-12-26T15:51:51.649020Z  INFO get_globs:scan_sources: tailwindcss_oxide::scanner: Discovering "C:\\Users\\stan\\Documents\\Code\\Web\\Astro\\static_portfolio\\src\\layouts"
2025-12-26T15:51:51.649653Z  INFO get_globs:scan_sources: tailwindcss_oxide::scanner: Discovering "C:\\Users\\stan\\Documents\\Code\\Web\\Astro\\static_portfolio\\src\\lib"
2025-12-26T15:51:51.650213Z  INFO get_globs:scan_sources: tailwindcss_oxide::scanner: Discovering "C:\\Users\\stan\\Documents\\Code\\Web\\Astro\\static_portfolio\\src\\pages"
2025-12-26T15:51:51.650627Z  INFO get_globs:scan_sources: tailwindcss_oxide::scanner: Discovering "C:\\Users\\stan\\Documents\\Code\\Web\\Astro\\static_portfolio\\src\\pages\\blog"
2025-12-26T15:51:51.651077Z  INFO get_globs:scan_sources: tailwindcss_oxide::scanner: Discovering "C:\\Users\\stan\\Documents\\Code\\Web\\Astro\\static_portfolio\\src\\pages\\blog\\posts"
2025-12-26T15:51:51.651719Z  INFO get_globs:scan_sources: tailwindcss_oxide::scanner: Discovering "C:\\Users\\stan\\Documents\\Code\\Web\\Astro\\static_portfolio\\src\\pages\\blog\\tags"
2025-12-26T15:51:51.652398Z  INFO get_globs:scan_sources: tailwindcss_oxide::scanner: Discovering "C:\\Users\\stan\\Documents\\Code\\Web\\Astro\\static_portfolio\\src\\pages\\blog\\techs"
2025-12-26T15:51:51.653031Z  INFO get_globs:scan_sources: tailwindcss_oxide::scanner: Discovering "C:\\Users\\stan\\Documents\\Code\\Web\\Astro\\static_portfolio\\src\\pages\\portfolio"
2025-12-26T15:51:51.653410Z  INFO get_globs:scan_sources: tailwindcss_oxide::scanner: Discovering "C:\\Users\\stan\\Documents\\Code\\Web\\Astro\\static_portfolio\\src\\pages\\portfolio\\projects"
2025-12-26T15:51:51.654156Z  INFO get_globs:scan_sources: tailwindcss_oxide::scanner: Discovering "C:\\Users\\stan\\Documents\\Code\\Web\\Astro\\static_portfolio\\src\\pages\\story"
2025-12-26T15:51:51.654500Z  INFO get_globs:scan_sources: tailwindcss_oxide::scanner: Discovering "C:\\Users\\stan\\Documents\\Code\\Web\\Astro\\static_portfolio\\src\\pages\\story\\sections"
2025-12-26T15:51:51.655082Z  INFO get_globs:scan_sources: tailwindcss_oxide::scanner: Discovering "C:\\Users\\stan\\Documents\\Code\\Web\\Astro\\static_portfolio\\src\\pages\\story\\sidebar"
2025-12-26T15:51:51.655804Z  INFO get_globs:scan_sources: tailwindcss_oxide::scanner: Discovering "C:\\Users\\stan\\Documents\\Code\\Web\\Astro\\static_portfolio\\src\\scripts"
2025-12-26T15:51:51.656252Z  INFO get_globs:scan_sources: tailwindcss_oxide::scanner: Discovering "C:\\Users\\stan\\Documents\\Code\\Web\\Astro\\static_portfolio\\src\\styles"
2025-12-26T15:51:51.656914Z  INFO get_globs:scan_sources: tailwindcss_oxide::scanner: Discovering "C:\\Users\\stan\\Documents\\Code\\Web\\Astro\\static_portfolio\\src\\styles\\starry-night"
2025-12-26T15:51:51.658463Z  INFO get_globs:scan_sources: tailwindcss_oxide::scanner: Discovering "C:\\Users\\stan\\Documents\\Code\\Web\\Astro\\static_portfolio\\src\\types"
2025-12-26T15:51:51.659040Z  INFO get_globs:scan_sources: tailwindcss_oxide::scanner: Discovering "C:\\Users\\stan\\Documents\\Code\\Web\\Astro\\static_portfolio\\src\\utils"
2025-12-26T15:51:51.659871Z  INFO get_globs:scan_sources: tailwindcss_oxide::scanner: exit
2025-12-26T15:51:51.717663Z  INFO get_globs: tailwindcss_oxide::scanner: exit
2025-12-26T15:51:51.955155Z  INFO tailwindcss_oxide::scanner: Provided sources:
2025-12-26T15:51:51.955180Z  INFO tailwindcss_oxide::scanner: Source: PublicSourceEntry { base: "C:/Users/stan/Documents/Code/Web/Astro/static_portfolio", pattern: "**/*", negated: false }
2025-12-26T15:51:51.955352Z  INFO tailwindcss_oxide::scanner: Optimized sources:
2025-12-26T15:51:51.955365Z  INFO tailwindcss_oxide::scanner: Source: Auto { base: "C:\\Users\\stan\\Documents\\Code\\Web\\Astro\\static_portfolio" }
